{
  "groups": {
    "signin1": {
      "groupId": "signin1",
      "title": "December Sign-in",
      "description": "A day's plan starts in the morning. The Logistics Department of Rhodes Island will provide a variety of Daily Sign-in materials for you.",
      "signStartTime": 1575198000,
      "signEndTime": 1577876399,
      "items": [
        {
          "itemId": "4001",
          "itemType": "GOLD",
          "count": 2000
        },
        {
          "itemId": "2001",
          "itemType": "CARD_EXP",
          "count": 10
        },
        {
          "itemId": "7001",
          "itemType": "TKT_RECRUIT",
          "count": 2
        },
        {
          "itemId": "4006",
          "itemType": "MATERIAL",
          "count": 8
        },
        {
          "itemId": "3112",
          "itemType": "MATERIAL",
          "count": 5
        },
        {
          "itemId": "3301",
          "itemType": "MATERIAL",
          "count": 5
        },
        {
          "itemId": "3003",
          "itemType": "MATERIAL",
          "count": 6
        },
        {
          "itemId": "4001",
          "itemType": "GOLD",
          "count": 4000
        },
        {
          "itemId": "2002",
          "itemType": "CARD_EXP",
          "count": 10
        },
        {
          "itemId": "7002",
          "itemType": "TKT_INST_FIN",
          "count": 2
        },
        {
          "itemId": "4005",
          "itemType": "LGG_SHD",
          "count": 10
        },
        {
          "itemId": "3401",
          "itemType": "MATERIAL",
          "count": 40
        },
        {
          "itemId": "3301",
          "itemType": "MATERIAL",
          "count": 10
        },
        {
          "itemId": "3003",
          "itemType": "MATERIAL",
          "count": 10
        },
        {
          "itemId": "4001",
          "itemType": "GOLD",
          "count": 6000
        },
        {
          "itemId": "2003",
          "itemType": "CARD_EXP",
          "count": 6
        },
        {
          "itemId": "7003",
          "itemType": "TKT_GACHA",
          "count": 1
        },
        {
          "itemId": "4006",
          "itemType": "MATERIAL",
          "count": 25
        },
        {
          "itemId": "3113",
          "itemType": "MATERIAL",
          "count": 6
        },
        {
          "itemId": "3302",
          "itemType": "MATERIAL",
          "count": 5
        },
        {
          "itemId": "3003",
          "itemType": "MATERIAL",
          "count": 15
        },
        {
          "itemId": "4001",
          "itemType": "GOLD",
          "count": 8000
        },
        {
          "itemId": "2004",
          "itemType": "CARD_EXP",
          "count": 4
        },
        {
          "itemId": "7001",
          "itemType": "TKT_RECRUIT",
          "count": 3
        },
        {
          "itemId": "4004",
          "itemType": "HGG_SHD",
          "count": 5
        },
        {
          "itemId": "3401",
          "itemType": "MATERIAL",
          "count": 100
        },
        {
          "itemId": "3303",
          "itemType": "MATERIAL",
          "count": 6
        },
        {
          "itemId": "32001",
          "itemType": "MATERIAL",
          "count": 1
        },
        {
          "itemId": "4001",
          "itemType": "GOLD",
          "count": 10000
        },
        {
          "itemId": "2004",
          "itemType": "CARD_EXP",
          "count": 5
        },
        {
          "itemId": "7002",
          "itemType": "TKT_INST_FIN",
          "count": 3
        }
      ]
    },
    "signin2": {
      "groupId": "signin2",
      "title": "January Sign-in",
      "description": "A day's plan starts in the morning. The Logistics Department of Rhodes Island will provide a variety of Daily Sign-in materials for you.",
      "signStartTime": 1577876400,
      "signEndTime": 1580554799,
      "items": [
        {
          "itemId": "4001",
          "itemType": "GOLD",
          "count": 2000
        },
        {
          "itemId": "2001",
          "itemType": "CARD_EXP",
          "count": 10
        },
        {
          "itemId": "7001",
          "itemType": "TKT_RECRUIT",
          "count": 2
        },
        {
          "itemId": "4006",
          "itemType": "MATERIAL",
          "count": 8
        },
        {
          "itemId": "3112",
          "itemType": "MATERIAL",
          "count": 5
        },
        {
          "itemId": "3301",
          "itemType": "MATERIAL",
          "count": 5
        },
        {
          "itemId": "3003",
          "itemType": "MATERIAL",
          "count": 6
        },
        {
          "itemId": "4001",
          "itemType": "GOLD",
          "count": 4000
        },
        {
          "itemId": "2002",
          "itemType": "CARD_EXP",
          "count": 10
        },
        {
          "itemId": "7002",
          "itemType": "TKT_INST_FIN",
          "count": 2
        },
        {
          "itemId": "4005",
          "itemType": "LGG_SHD",
          "count": 10
        },
        {
          "itemId": "3401",
          "itemType": "MATERIAL",
          "count": 40
        },
        {
          "itemId": "3301",
          "itemType": "MATERIAL",
          "count": 10
        },
        {
          "itemId": "3003",
          "itemType": "MATERIAL",
          "count": 10
        },
        {
          "itemId": "4001",
          "itemType": "GOLD",
          "count": 6000
        },
        {
          "itemId": "2003",
          "itemType": "CARD_EXP",
          "count": 6
        },
        {
          "itemId": "7003",
          "itemType": "TKT_GACHA",
          "count": 1
        },
        {
          "itemId": "4006",
          "itemType": "MATERIAL",
          "count": 25
        },
        {
          "itemId": "3113",
          "itemType": "MATERIAL",
          "count": 6
        },
        {
          "itemId": "3302",
          "itemType": "MATERIAL",
          "count": 5
        },
        {
          "itemId": "3003",
          "itemType": "MATERIAL",
          "count": 15
        },
        {
          "itemId": "4001",
          "itemType": "GOLD",
          "count": 8000
        },
        {
          "itemId": "2004",
          "itemType": "CARD_EXP",
          "count": 4
        },
        {
          "itemId": "7001",
          "itemType": "TKT_RECRUIT",
          "count": 3
        },
        {
          "itemId": "4004",
          "itemType": "HGG_SHD",
          "count": 5
        },
        {
          "itemId": "3401",
          "itemType": "MATERIAL",
          "count": 100
        },
        {
          "itemId": "3303",
          "itemType": "MATERIAL",
          "count": 6
        },
        {
          "itemId": "32001",
          "itemType": "MATERIAL",
          "count": 1
        },
        {
          "itemId": "4001",
          "itemType": "GOLD",
          "count": 10000
        },
        {
          "itemId": "2004",
          "itemType": "CARD_EXP",
          "count": 5
        },
        {
          "itemId": "7002",
          "itemType": "TKT_INST_FIN",
          "count": 3
        }
      ]
    }
  },
  "MonthlySubItem": {},
  "currentMonthlySubId": "mCard_1"
}