{
  "gachaCharacters": null,
  "gachaTags": [
    {
      "tagId": 1,
      "tagName": "Guard",
      "tagGroup": 1
    },
    {
      "tagId": 2,
      "tagName": "Sniper",
      "tagGroup": 2
    },
    {
      "tagId": 3,
      "tagName": "Defender",
      "tagGroup": 3
    },
    {
      "tagId": 4,
      "tagName": "Medic",
      "tagGroup": 4
    },
    {
      "tagId": 5,
      "tagName": "Supporter",
      "tagGroup": 5
    },
    {
      "tagId": 6,
      "tagName": "Caster",
      "tagGroup": 6
    },
    {
      "tagId": 7,
      "tagName": "Specialist",
      "tagGroup": 7
    },
    {
      "tagId": 8,
      "tagName": "Vanguard",
      "tagGroup": 8
    },
    {
      "tagId": 9,
      "tagName": "Melee",
      "tagGroup": 9
    },
    {
      "tagId": 10,
      "tagName": "Ranged",
      "tagGroup": 10
    },
    {
      "tagId": 11,
      "tagName": "Top Operator",
      "tagGroup": 11
    },
    {
      "tagId": 12,
      "tagName": "Crowd-Control",
      "tagGroup": 12
    },
    {
      "tagId": 13,
      "tagName": "Nuker",
      "tagGroup": 13
    },
    {
      "tagId": 14,
      "tagName": "Senior Operator",
      "tagGroup": 14
    },
    {
      "tagId": 15,
      "tagName": "Healing",
      "tagGroup": 15
    },
    {
      "tagId": 16,
      "tagName": "Support",
      "tagGroup": 16
    },
    {
      "tagId": 17,
      "tagName": "Starter",
      "tagGroup": 17
    },
    {
      "tagId": 18,
      "tagName": "DP-Recovery",
      "tagGroup": 18
    },
    {
      "tagId": 19,
      "tagName": "DPS",
      "tagGroup": 19
    },
    {
      "tagId": 20,
      "tagName": "Survival",
      "tagGroup": 20
    },
    {
      "tagId": 21,
      "tagName": "AoE",
      "tagGroup": 21
    },
    {
      "tagId": 22,
      "tagName": "Defense",
      "tagGroup": 22
    },
    {
      "tagId": 23,
      "tagName": "Slow",
      "tagGroup": 23
    },
    {
      "tagId": 24,
      "tagName": "Debuff",
      "tagGroup": 24
    },
    {
      "tagId": 25,
      "tagName": "Fast-Redeploy",
      "tagGroup": 25
    },
    {
      "tagId": 26,
      "tagName": "Shift",
      "tagGroup": 26
    },
    {
      "tagId": 27,
      "tagName": "Summon",
      "tagGroup": 27
    },
    {
      "tagId": 28,
      "tagName": "Robot",
      "tagGroup": 28
    }
  ],
  "gachaTagMaxValid": 0,
  "gachaPools": null,
  "gachaPoolClient": [
    {
      "gachaPoolId": "NORM_0_1_1",
      "gachaIndex": 2,
      "openTime": 1577289600,
      "endTime": 1577692799,
      "gachaPoolName": "Rare Operators useful in all kinds of stages",
      "gachaPoolSummary": "Ends at 00:59, 12/30",
      "gachaPoolDetail": "<@ga.title>[Rare Operators] Operator List</>\n\n<@ga.up>※Appearance Rate Up※</>\n★★★★★★\nExusiai / Angelina (Account for 50% of the odds of 6★) \n★★★★★\nSkyfire / Zima / Croissant (Account for 50% of the odds of 5★)\n\n<@ga.subtitle>※All Possible Operators※</>\n★★★★★★(2%)\nExusiai / Siege / Ifrit / Eyjafjalla / Angelina / Shining / Nightingale / Hoshiguma / Saria / SilverAsh\n--------------------\n★★★★★(8%)\nPtilopsis / Zima / Texas / Franka / Lappland / Specter / Blue Poison / Platinum / Meteorite / Skyfire / Mayer / Silence / Warfarin / Nearl / Projekt Red / Liskarm / Croissant / Provence / Firewatch / Cliffheart / Pramanix / Istina / Sora / Manticore / Feater\n--------------------\n★★★★(50%)\nHaze / Gitano / Jessica / Meteor / Shirayuki / Scavenger / Vigna / Dobermann / Matoimaru / Frostleaf / Mousse / Gravel / Rope / Myrrh / Perfumer / Matterhorn / Cuora / Gummy / Deepcolor / Earthspirit / Shaw\n--------------------\n★★★(40%)\nFang / Vanilla / Plume / Melantha / Cardigan / Beagle / Kroos / Lava / Hibiscus / Ansel / Steward / Orchid\n\nThis event is a [Standard Headhunting]\n\nIn all the [Standard Headhunting], if you have not obtained any 6-star Operator after 50 rolls, the odds of getting 6-star Operators will be increased from 2% to 4% in the next roll; And if you still have not obtained any 6-star Operator in the 51st roll, the odds will be increased from 4% to 6% in the next roll. The odds will keep rising by 2% each time until it reaches 100% which means you will definitely get a 6-star Operator.\nThe rolls of not obtaining 6-star Operator will be accumulated in all the [Standard Headhunting] and they will not be reset when a [Standard Headhunting] ends. The increased odds caused in one event also applies to another event.\n[P.S.] If you have obtained any one 6-star Operator in an event, the odds of getting 6-star Operators will be reduced to 2% in all events.\n",
      "guarantee5Avail": 1,
      "guarantee5Count": 10,
      "gachaPoolType": "AdvancedGacha"
    },
    {
      "gachaPoolId": "NORM_0_1_2",
      "gachaIndex": 1,
      "openTime": 1577692800,
      "endTime": 1577980800,
      "gachaPoolName": "Rare Operators useful in all kinds of stages",
      "gachaPoolSummary": "Ends at 09:00, 1/2",
      "gachaPoolDetail": "<@ga.title>[Rare Operators] Operator List</>\n\n<@ga.up>※Appearance Rate Up※</>\n★★★★★★\nSiege / Nightingale (Account for 50% of the odds of 6★) \n★★★★★\nPlatinum / Franka / Texas (Account for 50% of the odds of 5★)\n\n<@ga.subtitle>※All Possible Operators※</>\n★★★★★★(2%)\nExusiai / Siege / Ifrit / Eyjafjalla / Angelina / Shining / Nightingale / Hoshiguma / Saria / SilverAsh\n--------------------\n★★★★★(8%)\nPtilopsis / Zima / Texas / Franka / Lappland / Specter / Blue Poison / Platinum / Meteorite / Skyfire / Mayer / Silence / Warfarin / Nearl / Projekt Red / Liskarm / Croissant / Provence / Firewatch / Cliffheart / Pramanix / Istina / Sora / Manticore / Feater\n--------------------\n★★★★(50%)\nHaze / Gitano / Jessica / Meteor / Shirayuki / Scavenger / Vigna / Dobermann / Matoimaru / Frostleaf / Mousse / Gravel / Rope / Myrrh / Perfumer / Matterhorn / Cuora / Gummy / Deepcolor / Earthspirit / Shaw\n--------------------\n★★★(40%)\nFang / Vanilla / Plume / Melantha / Cardigan / Beagle / Kroos / Lava / Hibiscus / Ansel / Steward / Orchid\n\nThis event is a [Standard Headhunting]\n\nIn all the [Standard Headhunting], if you have not obtained any 6-star Operator after 50 rolls, the odds of getting 6-star Operators will be increased from 2% to 4% in the next roll; And if you still have not obtained any 6-star Operator in the 51st roll, the odds will be increased from 4% to 6% in the next roll. The odds will keep rising by 2% each time until it reaches 100% which means you will definitely get a 6-star Operator.\nThe rolls of not obtaining 6-star Operator will be accumulated in all the [Standard Headhunting] and they will not be reset when a [Standard Headhunting] ends. The increased odds caused in one event also applies to another event.\n[P.S.] If you have obtained any one 6-star Operator in an event, the odds of getting 6-star Operators will be reduced to 2% in all events.",
      "guarantee5Avail": 1,
      "guarantee5Count": 10,
      "gachaPoolType": "AdvancedGacha"
    }
  ],
  "newbeeGachaPoolClient": [
    {
      "gachaPoolId": "BOOT_0_1_1",
      "gachaIndex": 0,
      "gachaPoolName": "<@ga.title>All events guarantee at least 1 6★ Operator and 1 5★ or higher Operator!</>",
      "gachaPoolDetail": "<@ga.title>[Starter's Headhunting] Operator List</>\n\n<@ga.up>※This event only contains Operator selected for Starters※</>\n\n<@ga.subtitle>※All Possible Operators※</>\n★★★★★★(2%)\nExusiai / Siege / Angelina / Shining / Hoshiguma / SilverAsh\n--------------------\n★★★★★(8%)\nPtilopsis / Zima / Texas / Franka / Lappland / Specter / Blue Poison / Platinum / Meteorite / Skyfire / Silence / Nearl / Projekt Red / Liskarm / Pramanix / Istina\n--------------------\n★★★★(50%)\nHaze / Gitano / Meteor / Shirayuki / Scavenger / Vigna / Dobermann / Matoimaru / Mousse / Gravel / Rope / Myrrh / Perfumer / Matterhorn / Cuora / Deepcolor / Earthspirit\n--------------------\n★★★(40%)\nFang / Vanilla / Plume / Melantha / Cardigan / Beagle / Kroos / Lava / Hibiscus / Ansel / Steward / Orchid\n\nThis event is a [Starter's Headhunting]\n\nIn [Starter's Headhunting], the price of Headhunting is lower than that in [Standard Headhunting], and possible Operators are listed above.",
      "gachaPrice": 380,
      "gachaTimes": 21,
      "gachaOffset": "0.35",
      "firstOpenDay": -1,
      "reOpenDay": -1,
      "gachaPoolItems": null
    }
  ],
  "recruitPool": {
    "recruitTimeTable": [
      {
        "timeLength": 10,
        "recruitPrice": 200,
        "accumRate": 0.0
      },
      {
        "timeLength": 20,
        "recruitPrice": 200,
        "accumRate": 0.0
      },
      {
        "timeLength": 30,
        "recruitPrice": 200,
        "accumRate": 0.0
      },
      {
        "timeLength": 40,
        "recruitPrice": 200,
        "accumRate": 0.0
      },
      {
        "timeLength": 50,
        "recruitPrice": 200,
        "accumRate": 0.0
      },
      {
        "timeLength": 60,
        "recruitPrice": 200,
        "accumRate": 0.0
      },
      {
        "timeLength": 70,
        "recruitPrice": 205,
        "accumRate": 0.0
      },
      {
        "timeLength": 80,
        "recruitPrice": 210,
        "accumRate": 0.0
      },
      {
        "timeLength": 90,
        "recruitPrice": 215,
        "accumRate": 0.0
      },
      {
        "timeLength": 100,
        "recruitPrice": 220,
        "accumRate": 0.0
      },
      {
        "timeLength": 110,
        "recruitPrice": 225,
        "accumRate": 0.0
      },
      {
        "timeLength": 120,
        "recruitPrice": 230,
        "accumRate": 0.0
      },
      {
        "timeLength": 130,
        "recruitPrice": 235,
        "accumRate": 0.0
      },
      {
        "timeLength": 140,
        "recruitPrice": 240,
        "accumRate": 0.0
      },
      {
        "timeLength": 150,
        "recruitPrice": 245,
        "accumRate": 0.0
      },
      {
        "timeLength": 160,
        "recruitPrice": 250,
        "accumRate": 0.0
      },
      {
        "timeLength": 170,
        "recruitPrice": 255,
        "accumRate": 0.0
      },
      {
        "timeLength": 180,
        "recruitPrice": 260,
        "accumRate": 0.0
      },
      {
        "timeLength": 190,
        "recruitPrice": 265,
        "accumRate": 0.0
      },
      {
        "timeLength": 200,
        "recruitPrice": 270,
        "accumRate": 0.0
      },
      {
        "timeLength": 210,
        "recruitPrice": 275,
        "accumRate": 0.0
      },
      {
        "timeLength": 220,
        "recruitPrice": 280,
        "accumRate": 0.0
      },
      {
        "timeLength": 230,
        "recruitPrice": 285,
        "accumRate": 0.0
      },
      {
        "timeLength": 240,
        "recruitPrice": 290,
        "accumRate": 0.0
      },
      {
        "timeLength": 250,
        "recruitPrice": 350,
        "accumRate": 0.0
      },
      {
        "timeLength": 260,
        "recruitPrice": 360,
        "accumRate": 0.0
      },
      {
        "timeLength": 270,
        "recruitPrice": 370,
        "accumRate": 0.0
      },
      {
        "timeLength": 280,
        "recruitPrice": 380,
        "accumRate": 0.0
      },
      {
        "timeLength": 290,
        "recruitPrice": 390,
        "accumRate": 0.0
      },
      {
        "timeLength": 300,
        "recruitPrice": 400,
        "accumRate": 0.0
      },
      {
        "timeLength": 310,
        "recruitPrice": 410,
        "accumRate": 0.0
      },
      {
        "timeLength": 320,
        "recruitPrice": 420,
        "accumRate": 0.0
      },
      {
        "timeLength": 330,
        "recruitPrice": 430,
        "accumRate": 0.0
      },
      {
        "timeLength": 340,
        "recruitPrice": 440,
        "accumRate": 0.0
      },
      {
        "timeLength": 350,
        "recruitPrice": 450,
        "accumRate": 0.0
      },
      {
        "timeLength": 360,
        "recruitPrice": 460,
        "accumRate": 0.0
      },
      {
        "timeLength": 370,
        "recruitPrice": 470,
        "accumRate": 0.0
      },
      {
        "timeLength": 380,
        "recruitPrice": 480,
        "accumRate": 0.0
      },
      {
        "timeLength": 390,
        "recruitPrice": 490,
        "accumRate": 0.0
      },
      {
        "timeLength": 400,
        "recruitPrice": 500,
        "accumRate": 0.0
      },
      {
        "timeLength": 410,
        "recruitPrice": 510,
        "accumRate": 0.0
      },
      {
        "timeLength": 420,
        "recruitPrice": 520,
        "accumRate": 0.0
      },
      {
        "timeLength": 430,
        "recruitPrice": 530,
        "accumRate": 0.0
      },
      {
        "timeLength": 440,
        "recruitPrice": 540,
        "accumRate": 0.0
      },
      {
        "timeLength": 450,
        "recruitPrice": 550,
        "accumRate": 0.0
      },
      {
        "timeLength": 460,
        "recruitPrice": 700,
        "accumRate": 0.0
      },
      {
        "timeLength": 470,
        "recruitPrice": 720,
        "accumRate": 0.0
      },
      {
        "timeLength": 480,
        "recruitPrice": 740,
        "accumRate": 0.0
      },
      {
        "timeLength": 490,
        "recruitPrice": 760,
        "accumRate": 0.0
      },
      {
        "timeLength": 500,
        "recruitPrice": 780,
        "accumRate": 0.0
      },
      {
        "timeLength": 510,
        "recruitPrice": 800,
        "accumRate": 0.0
      },
      {
        "timeLength": 520,
        "recruitPrice": 820,
        "accumRate": 0.0
      },
      {
        "timeLength": 530,
        "recruitPrice": 840,
        "accumRate": 0.0
      },
      {
        "timeLength": 540,
        "recruitPrice": 860,
        "accumRate": 0.0
      }
    ],
    "recruitCharacterList": null,
    "recruitConstants": {
      "rarityWeights": null,
      "tagPriceList": {
        "0": 0,
        "1": 100,
        "2": 200,
        "3": 300
      },
      "recruitTimeFactorList": null,
      "maxRecruitTime": 540
    },
    "maskTypeWeightTable": null
  },
  "specialRecruitPool": [],
  "potentialMaterialConverter": {
    "items": {
      "0": {
        "id": "4005",
        "count": 1,
        "type": "LGG_SHD"
      },
      "1": {
        "id": "4005",
        "count": 1,
        "type": "LGG_SHD"
      },
      "2": {
        "id": "4005",
        "count": 5,
        "type": "LGG_SHD"
      },
      "3": {
        "id": "4004",
        "count": 1,
        "type": "HGG_SHD"
      },
      "4": {
        "id": "4004",
        "count": 5,
        "type": "HGG_SHD"
      },
      "5": {
        "id": "4004",
        "count": 10,
        "type": "HGG_SHD"
      }
    }
  },
  "potentialMats": {},
  "recruitRarityTable": {
    "10": {
      "rarityStart": 0,
      "rarityEnd": 3
    },
    "20": {
      "rarityStart": 0,
      "rarityEnd": 3
    },
    "30": {
      "rarityStart": 0,
      "rarityEnd": 3
    },
    "40": {
      "rarityStart": 0,
      "rarityEnd": 3
    },
    "50": {
      "rarityStart": 0,
      "rarityEnd": 3
    },
    "60": {
      "rarityStart": 0,
      "rarityEnd": 3
    },
    "70": {
      "rarityStart": 0,
      "rarityEnd": 3
    },
    "80": {
      "rarityStart": 0,
      "rarityEnd": 3
    },
    "90": {
      "rarityStart": 0,
      "rarityEnd": 3
    },
    "100": {
      "rarityStart": 0,
      "rarityEnd": 3
    },
    "110": {
      "rarityStart": 0,
      "rarityEnd": 3
    },
    "120": {
      "rarityStart": 0,
      "rarityEnd": 3
    },
    "130": {
      "rarityStart": 0,
      "rarityEnd": 3
    },
    "140": {
      "rarityStart": 0,
      "rarityEnd": 3
    },
    "150": {
      "rarityStart": 0,
      "rarityEnd": 3
    },
    "160": {
      "rarityStart": 0,
      "rarityEnd": 3
    },
    "170": {
      "rarityStart": 0,
      "rarityEnd": 3
    },
    "180": {
      "rarityStart": 0,
      "rarityEnd": 3
    },
    "190": {
      "rarityStart": 0,
      "rarityEnd": 3
    },
    "200": {
      "rarityStart": 0,
      "rarityEnd": 3
    },
    "210": {
      "rarityStart": 0,
      "rarityEnd": 3
    },
    "220": {
      "rarityStart": 0,
      "rarityEnd": 3
    },
    "230": {
      "rarityStart": 0,
      "rarityEnd": 3
    },
    "240": {
      "rarityStart": 1,
      "rarityEnd": 4
    },
    "250": {
      "rarityStart": 1,
      "rarityEnd": 4
    },
    "260": {
      "rarityStart": 1,
      "rarityEnd": 4
    },
    "270": {
      "rarityStart": 1,
      "rarityEnd": 4
    },
    "280": {
      "rarityStart": 1,
      "rarityEnd": 4
    },
    "290": {
      "rarityStart": 1,
      "rarityEnd": 4
    },
    "300": {
      "rarityStart": 1,
      "rarityEnd": 4
    },
    "310": {
      "rarityStart": 1,
      "rarityEnd": 4
    },
    "320": {
      "rarityStart": 1,
      "rarityEnd": 4
    },
    "330": {
      "rarityStart": 1,
      "rarityEnd": 4
    },
    "340": {
      "rarityStart": 1,
      "rarityEnd": 4
    },
    "350": {
      "rarityStart": 1,
      "rarityEnd": 4
    },
    "360": {
      "rarityStart": 1,
      "rarityEnd": 4
    },
    "370": {
      "rarityStart": 1,
      "rarityEnd": 4
    },
    "380": {
      "rarityStart": 1,
      "rarityEnd": 4
    },
    "390": {
      "rarityStart": 1,
      "rarityEnd": 4
    },
    "400": {
      "rarityStart": 1,
      "rarityEnd": 4
    },
    "410": {
      "rarityStart": 1,
      "rarityEnd": 4
    },
    "420": {
      "rarityStart": 1,
      "rarityEnd": 4
    },
    "430": {
      "rarityStart": 1,
      "rarityEnd": 4
    },
    "440": {
      "rarityStart": 1,
      "rarityEnd": 4
    },
    "450": {
      "rarityStart": 1,
      "rarityEnd": 4
    },
    "460": {
      "rarityStart": 2,
      "rarityEnd": 4
    },
    "470": {
      "rarityStart": 2,
      "rarityEnd": 4
    },
    "480": {
      "rarityStart": 2,
      "rarityEnd": 4
    },
    "490": {
      "rarityStart": 2,
      "rarityEnd": 4
    },
    "500": {
      "rarityStart": 2,
      "rarityEnd": 4
    },
    "510": {
      "rarityStart": 2,
      "rarityEnd": 4
    },
    "520": {
      "rarityStart": 2,
      "rarityEnd": 4
    },
    "530": {
      "rarityStart": 2,
      "rarityEnd": 4
    },
    "540": {
      "rarityStart": 2,
      "rarityEnd": 4
    }
  },
  "specialTagRarityTable": {
    "11": [
      5
    ],
    "14": [
      4
    ]
  },
  "recruitDetail": "<@rc.title>Recruitment Rules</>\n\n<@rc.em>Only when you choose this tag can you have a chance to obtain a ★★★★★★ Operator</>\n<@rc.em>Top Operator</>\n\n<@rc.subtitle>※All Possible Operators※</>\n<@rc.eml>Operators displayed in green cannot be obtained through Headhunting. You can get them through Recruitment</>\n\n★\n<@rc.eml>Lancet-2</> / <@rc.eml>Castle-3</>\n--------------------\n★★\n<@rc.eml>Yato</> / <@rc.eml>Noir Corne</> / <@rc.eml>Rangers</> / <@rc.eml>Durin</> / <@rc.eml>12F</>\n--------------------\n★★★\n<@rc.eml>Adnachiel</> / Fang / Vanilla / Plume / Melantha / Beagle / Kroos / Lava / Hibiscus / Ansel / Steward / Orchid\n--------------------\n★★★★\n<@rc.eml>Estelle</> / Haze / Gitano / Jessica / Meteor / Shirayuki / Scavenger / Vigna / Dobermann / Matoimaru / Frostleaf / Mousse / Gravel / Rope / Myrrh / Perfumer / Matterhorn / Cuora / Gummy / Earthspirit / Shaw\n--------------------\n★★★★★\n<@rc.eml>Indra</> / <@rc.eml>Vulcan</> / Ptilopsis / Zima / Texas / Specter / Blue Poison / Platinum / Meteorite / Mayer / Silence / Warfarin / Nearl / Projekt Red / Liskarm / Croissant / Provence / Firewatch / Cliffheart / Pramanix / Istina / Manticore / Feater\n--------------------\n★★★★★★\nExusiai / Siege / Ifrit / Shining / Nightingale / Hoshiguma / Saria / SilverAsh",
  "carousel": [
    {
      "poolId": "BOOT_0_1_1",
      "index": 0,
      "startTime": 1577289600,
      "endTime": 1577980800,
      "spriteId": "picBoot_0_1_1"
    },
    {
      "poolId": "NORM_0_1_1",
      "index": 2,
      "startTime": 1577289600,
      "endTime": 1577692799,
      "spriteId": "picNorm_0_1_1"
    },
    {
      "poolId": "NORM_0_1_2",
      "index": 1,
      "startTime": 1577692800,
      "endTime": 1577980800,
      "spriteId": "picNorm_0_1_2"
    }
  ]
}