{
  "recommendList": [
    {
      "tagId": "tag_5",
      "displayType": "block_4_1",
      "tagName": "Fine Furniture",
      "itemTag": "NONE",
      "orderNum": 8,
      "startDatetime": -62135571600,
      "endDatetime": -62135571600,
      "groupList": [
        {
          "recommendGroup": [
            1
          ],
          "dataList": [
            {
              "imgId": "tag5_a",
              "slotIndex": 0,
              "cmd": "FURNSHOP",
              "param1": null,
              "param2": null,
              "skinId": ""
            }
          ]
        },
        {
          "recommendGroup": [
            2
          ],
          "dataList": [
            {
              "imgId": "tag5_c1",
              "slotIndex": 0,
              "cmd": "FURNSHOP",
              "param1": "single_3",
              "param2": null,
              "skinId": ""
            }
          ]
        },
        {
          "recommendGroup": [
            3
          ],
          "dataList": [
            {
              "imgId": "tag5_c2",
              "slotIndex": 0,
              "cmd": "FURNSHOP",
              "param1": "single_7",
              "param2": null,
              "skinId": ""
            }
          ]
        },
        {
          "recommendGroup": [
            4
          ],
          "dataList": [
            {
              "imgId": "tag5_c4",
              "slotIndex": 0,
              "cmd": "FURNSHOP",
              "param1": "single_8",
              "param2": null,
              "skinId": ""
            }
          ]
        }
      ],
      "tagWord": {
        "id": "tag_5",
        "text": "An outstanding programmer should be able to pick a suitable office chair as well, just like you are, Doctor!"
      }
    },
    {
      "tagId": "tag_3",
      "displayType": "block_1",
      "tagName": "Outfits",
      "itemTag": "NONE",
      "orderNum": 6,
      "startDatetime": -62135571600,
      "endDatetime": -62135571600,
      "groupList": [
        {
          "recommendGroup": [
            1
          ],
          "dataList": [
            {
              "imgId": "tag3_a",
              "slotIndex": 0,
              "cmd": "SKINSHOP",
              "param1": "SS_char_123_fang@winter#1",
              "param2": null,
              "skinId": "char_123_fang@winter#1"
            }
          ]
        }
      ],
      "tagWord": {
        "id": "tag_3",
        "text": "These new arrivals were specifically picked out for the Operators of Rhodes Island. Hopefully the real products look like they do in these pictures… Ugh…"
      }
    }
  ],
  "creditUnlockGroup": {
    "creditGroup1": {
      "id": "creditGroup1",
      "index": "1",
      "startDateTime": 1546340400,
      "charDict": [
        {
          "sortId": 1,
          "unlockNum": 0,
          "charId": "char_198_blackd"
        },
        {
          "sortId": 2,
          "unlockNum": 200,
          "charId": "char_187_ccheal"
        },
        {
          "sortId": 3,
          "unlockNum": 500,
          "charId": "char_198_blackd"
        },
        {
          "sortId": 4,
          "unlockNum": 500,
          "charId": "char_187_ccheal"
        },
        {
          "sortId": 5,
          "unlockNum": 1000,
          "charId": "char_198_blackd"
        },
        {
          "sortId": 6,
          "unlockNum": 1000,
          "charId": "char_187_ccheal"
        },
        {
          "sortId": 7,
          "unlockNum": 1500,
          "charId": "char_198_blackd"
        },
        {
          "sortId": 8,
          "unlockNum": 1500,
          "charId": "char_187_ccheal"
        },
        {
          "sortId": 9,
          "unlockNum": 2000,
          "charId": "char_198_blackd"
        },
        {
          "sortId": 10,
          "unlockNum": 2000,
          "charId": "char_187_ccheal"
        },
        {
          "sortId": 11,
          "unlockNum": 3000,
          "charId": "char_198_blackd"
        },
        {
          "sortId": 12,
          "unlockNum": 3000,
          "charId": "char_187_ccheal"
        }
      ]
    }
  },
  "shopKeeperData": {
    "welcomeWords": [
      {
        "id": "CN_000",
        "text": "Hello, what do you want to purchase, Doc?"
      }
    ],
    "clickWords": [
      {
        "id": "CN_001",
        "text": "The Purchase Department has everything you need. Take you time."
      },
      {
        "id": "CN_002",
        "text": "Tip: These are all good stuff you deserve!"
      },
      {
        "id": "CN_003",
        "text": "No questions. I'll only tell you to take them all!"
      },
      {
        "id": "CN_004",
        "text": "The Purchase Department can get you anything as long as they are on the demand list."
      },
      {
        "id": "CN_005",
        "text": "The saddest thing in life is that you are right in front of me but I can afford to buy you."
      },
      {
        "id": "CN_006",
        "text": "That's the sweetest discount, Doctor! Stop asking!"
      },
      {
        "id": "CN_007",
        "text": "I'll take them if you don't."
      }
    ]
  },
  "carousels": [],
  "shopUnlockDict": {
    "GP_gM_6_M_1": "ALWAYS_UNLOCK",
    "GP_gM_7_M_1": "ALWAYS_UNLOCK",
    "GP_gM_8_M_1": "ALWAYS_UNLOCK",
    "GP_gM_9_M_1": "ALWAYS_UNLOCK",
    "GP_gM_10_M_1": "ALWAYS_UNLOCK",
    "GP_gM_11_M_1": "ALWAYS_UNLOCK",
    "GP_gM_12_M_1": "ALWAYS_UNLOCK",
    "GP_gW_10_W_1": "ALWAYS_UNLOCK",
    "GP_gW_11_W_1": "ALWAYS_UNLOCK",
    "GP_gW_12_W_1": "ALWAYS_UNLOCK",
    "GP_gW_13_W_1": "ALWAYS_UNLOCK",
    "GP_gW_14_W_1": "ALWAYS_UNLOCK",
    "GP_gW_15_W_1": "ALWAYS_UNLOCK",
    "GP_gW_16_W_1": "ALWAYS_UNLOCK",
    "GP_gW_17_W_1": "ALWAYS_UNLOCK",
    "GP_gW_18_W_1": "ALWAYS_UNLOCK",
    "GP_gW_19_W_1": "ALWAYS_UNLOCK",
    "GP_gW_20_W_1": "ALWAYS_UNLOCK",
    "GP_gW_21_W_1": "ALWAYS_UNLOCK",
    "GP_gW_22_W_1": "ALWAYS_UNLOCK",
    "GP_gW_23_W_1": "ALWAYS_UNLOCK",
    "GP_gW_24_W_1": "ALWAYS_UNLOCK",
    "GP_gW_25_W_1": "ALWAYS_UNLOCK",
    "GP_gW_26_W_1": "ALWAYS_UNLOCK",
    "GP_gW_27_W_1": "ALWAYS_UNLOCK",
    "GP_gW_28_W_1": "ALWAYS_UNLOCK",
    "GP_gW_29_W_1": "ALWAYS_UNLOCK",
    "GP_gW_30_W_1": "ALWAYS_UNLOCK",
    "GP_gW_31_W_1": "ALWAYS_UNLOCK",
    "GP_gW_32_W_1": "ALWAYS_UNLOCK",
    "GP_gW_33_W_1": "ALWAYS_UNLOCK",
    "GP_gW_34_W_1": "ALWAYS_UNLOCK",
    "GP_gW_35_W_1": "ALWAYS_UNLOCK",
    "GP_gW_36_W_1": "ALWAYS_UNLOCK",
    "GP_gW_37_W_1": "ALWAYS_UNLOCK",
    "GP_gW_38_W_1": "ALWAYS_UNLOCK",
    "GP_gW_39_W_1": "ALWAYS_UNLOCK",
    "GP_gW_40_W_1": "ALWAYS_UNLOCK",
    "GP_gW_41_W_1": "ALWAYS_UNLOCK",
    "GP_freeL_5": "ALWAYS_UNLOCK",
    "GP_freeL_10": "ALWAYS_UNLOCK",
    "GP_freeL_15": "ALWAYS_UNLOCK",
    "GP_freeL_20": "ALWAYS_UNLOCK",
    "GP_freeL_25": "ALWAYS_UNLOCK",
    "GP_freeL_30": "ALWAYS_UNLOCK",
    "GP_freeL_35": "ALWAYS_UNLOCK",
    "GP_freeL_40": "ALWAYS_UNLOCK",
    "GP_freeL_45": "ALWAYS_UNLOCK",
    "GP_freeL_50": "ALWAYS_UNLOCK",
    "GP_freeL_55": "ALWAYS_UNLOCK",
    "GP_freeL_60": "ALWAYS_UNLOCK",
    "GP_L_5": "ALWAYS_UNLOCK",
    "GP_L_10": "ALWAYS_UNLOCK",
    "GP_L_15": "ALWAYS_UNLOCK",
    "GP_L_20": "ALWAYS_UNLOCK",
    "GP_L_25": "ALWAYS_UNLOCK",
    "GP_L_30": "ALWAYS_UNLOCK",
    "GP_L_35": "ALWAYS_UNLOCK",
    "GP_L_40": "ALWAYS_UNLOCK",
    "GP_L_50": "ALWAYS_UNLOCK",
    "GP_L_60": "ALWAYS_UNLOCK"
  }
}