"Character","Rarity","Skill Name","Skill Level","Skill Description","SP Cost","Initial SP","Skill Duration","Charging Type"
"Cardigan","3","Health Recovery·Type α","1","Immediately recover {{heal_scale}:.0%} of Max HP","26","0","0","Regen over time"
"","","","2","Immediately recover {{heal_scale}:.0%} of Max HP","25","0","0",""
"","","","3","Immediately recover {{heal_scale}:.0%} of Max HP","24","0","0",""
"","","","4","Immediately recover {{heal_scale}:.0%} of Max HP","23","5","0",""
"","","","5","Immediately recover {{heal_scale}:.0%} of Max HP","22","5","0",""
"","","","6","Immediately recover {{heal_scale}:.0%} of Max HP","21","5","0",""
"","","","7","Immediately recover {{heal_scale}:.0%} of Max HP","20","10","0",""
"Beagle","3","Defense Strengthening·Type α","1","Defense +{{def}:.0%}","50","0","30","Regen over time"
"","","","2","Defense +{{def}:.0%}","50","0","30",""
"","","","3","Defense +{{def}:.0%}","50","0","30",""
"","","","4","Defense +{{def}:.0%}","45","0","30",""
"","","","5","Defense +{{def}:.0%}","45","0","30",""
"","","","6","Defense +{{def}:.0%}","45","0","30",""
"","","","7","Defense +{{def}:.0%}","40","0","30",""
"Spot","3","Secondary Healing Mode","1","Attack +{{atk}:.0%}, stops attacking enemies and focuses on healing nearby allies (attack interval +{base_attack_time} seconds)","40","15","15","Regen over time"
"","","","2","Attack +{{atk}:.0%}, stops attacking enemies and focuses on healing nearby allies (attack interval +{base_attack_time} seconds)","40","15","16",""
"","","","3","Attack +{{atk}:.0%}, stops attacking enemies and focuses on healing nearby allies (attack interval +{base_attack_time} seconds)","40","15","17",""
"","","","4","Attack +{{atk}:.0%}, stops attacking enemies and focuses on healing nearby allies (attack interval +{base_attack_time} seconds)","40","20","20",""
"","","","5","Attack +{{atk}:.0%}, stops attacking enemies and focuses on healing nearby allies (attack interval +{base_attack_time} seconds)","40","20","21",""
"","","","6","Attack +{{atk}:.0%}, stops attacking enemies and focuses on healing nearby allies (attack interval +{base_attack_time} seconds)","40","20","22",""
"","","","7","Attack +{{atk}:.0%}, stops attacking enemies and focuses on healing nearby allies (attack interval +{base_attack_time} seconds)","40","25","25",""
"Matterhorn","4","Body Strengthening","1","Max HP +{{max_hp}:.0%}, recover {{hp_recovery_per_sec}:.0f} HP every second","45","0","25","Regen over time"
"","","","2","Max HP +{{max_hp}:.0%}, recover {{hp_recovery_per_sec}:.0f} HP every second","44","0","25",""
"","","","3","Max HP +{{max_hp}:.0%}, recover {{hp_recovery_per_sec}:.0f} HP every second","43","0","25",""
"","","","4","Max HP +{{max_hp}:.0%}, recover {{hp_recovery_per_sec}:.0f} HP every second","42","5","27",""
"","","","5","Max HP +{{max_hp}:.0%}, recover {{hp_recovery_per_sec}:.0f} HP every second","41","5","27",""
"","","","6","Max HP +{{max_hp}:.0%}, recover {{hp_recovery_per_sec}:.0f} HP every second","40","5","27",""
"","","","7","Max HP +{{max_hp}:.0%}, recover {{hp_recovery_per_sec}:.0f} HP every second","39","5","27",""
"","","","8","Max HP +{{max_hp}:.0%}, recover {{hp_recovery_per_sec}:.0f} HP every second","38","5","28",""
"","","","9","Max HP +{{max_hp}:.0%}, recover {{hp_recovery_per_sec}:.0f} HP every second","37","5","29",""
"","","","10","Max HP +{{max_hp}:.0%}, recover {{hp_recovery_per_sec}:.0f} HP every second","35","10","30",""
"Matterhorn","4","Cold Resistance","1","Max HP +{{max_hp}:.0%}, Defense +{{def}:.0%}, Magic resistance +{{magic_resistance}:.0%}","50","0","25","Regen over time"
"","","","2","Max HP +{{max_hp}:.0%}, Defense +{{def}:.0%}, Magic resistance +{{magic_resistance}:.0%}","49","0","25",""
"","","","3","Max HP +{{max_hp}:.0%}, Defense +{{def}:.0%}, Magic resistance +{{magic_resistance}:.0%}","48","0","25",""
"","","","4","Max HP +{{max_hp}:.0%}, Defense +{{def}:.0%}, Magic resistance +{{magic_resistance}:.0%}","47","0","27",""
"","","","5","Max HP +{{max_hp}:.0%}, Defense +{{def}:.0%}, Magic resistance +{{magic_resistance}:.0%}","46","0","27",""
"","","","6","Max HP +{{max_hp}:.0%}, Defense +{{def}:.0%}, Magic resistance +{{magic_resistance}:.0%}","45","0","27",""
"","","","7","Max HP +{{max_hp}:.0%}, Defense +{{def}:.0%}, Magic resistance +{{magic_resistance}:.0%}","44","5","27",""
"","","","8","Max HP +{{max_hp}:.0%}, Defense +{{def}:.0%}, Magic resistance +{{magic_resistance}:.0%}","40","5","28",""
"","","","9","Max HP +{{max_hp}:.0%}, Defense +{{def}:.0%}, Magic resistance +{{magic_resistance}:.0%}","36","5","29",""
"","","","10","Max HP +{{max_hp}:.0%}, Defense +{{def}:.0%}, Magic resistance +{{magic_resistance}:.0%}","32","10","30",""
"Cuora","4","Defense Strengthening·Type β","1","Defense +{{def}:.0%}","45","0","35","Regen over time"
"","","","2","Defense +{{def}:.0%}","45","0","35",""
"","","","3","Defense +{{def}:.0%}","45","0","35",""
"","","","4","Defense +{{def}:.0%}","40","5","35",""
"","","","5","Defense +{{def}:.0%}","40","5","35",""
"","","","6","Defense +{{def}:.0%}","40","5","35",""
"","","","7","Defense +{{def}:.0%}","38","5","35",""
"","","","8","Defense +{{def}:.0%}","37","5","35",""
"","","","9","Defense +{{def}:.0%}","36","5","35",""
"","","","10","Defense +{{def}:.0%}","35","10","35",""
"Cuora","4","Shell-shaped Defense","1","Stops attacking enemies. Block count +{{block_cnt}:.0f}, Defense +{{def}:.0%}, recover {{hp_recovery_per_sec_by_max_hp_ratio}:.0%} Max HP every second","40","0","30","Regen over time"
"","","","2","Stops attacking enemies. Block count +{{block_cnt}:.0f}, Defense +{{def}:.0%}, recover {{hp_recovery_per_sec_by_max_hp_ratio}:.0%} Max HP every second","40","0","30",""
"","","","3","Stops attacking enemies. Block count +{{block_cnt}:.0f}, Defense +{{def}:.0%}, recover {{hp_recovery_per_sec_by_max_hp_ratio}:.0%} Max HP every second","40","0","30",""
"","","","4","Stops attacking enemies. Block count +{{block_cnt}:.0f}, Defense +{{def}:.0%}, recover {{hp_recovery_per_sec_by_max_hp_ratio}:.0%} Max HP every second","40","0","30",""
"","","","5","Stops attacking enemies. Block count +{{block_cnt}:.0f}, Defense +{{def}:.0%}, recover {{hp_recovery_per_sec_by_max_hp_ratio}:.0%} Max HP every second","40","0","30",""
"","","","6","Stops attacking enemies. Block count +{{block_cnt}:.0f}, Defense +{{def}:.0%}, recover {{hp_recovery_per_sec_by_max_hp_ratio}:.0%} Max HP every second","40","0","30",""
"","","","7","Stops attacking enemies. Block count +{{block_cnt}:.0f}, Defense +{{def}:.0%}, recover {{hp_recovery_per_sec_by_max_hp_ratio}:.0%} Max HP every second","40","0","30",""
"","","","8","Stops attacking enemies. Block count +{{block_cnt}:.0f}, Defense +{{def}:.0%}, recover {{hp_recovery_per_sec_by_max_hp_ratio}:.0%} Max HP every second","40","0","30",""
"","","","9","Stops attacking enemies. Block count +{{block_cnt}:.0f}, Defense +{{def}:.0%}, recover {{hp_recovery_per_sec_by_max_hp_ratio}:.0%} Max HP every second","40","0","30",""
"","","","10","Stops attacking enemies. Block count +{{block_cnt}:.0f}, Defense +{{def}:.0%}, recover {{hp_recovery_per_sec_by_max_hp_ratio}:.0%} Max HP every second","40","0","30",""
"Гум (Gum)","4","Reserve Rations","1","The next attack will heal a nearby ally for {{heal_scale}:.0%} of ГУМ's Attack. Can hold {{ct}:.0f} charges","7","0","0","Regen over time"
"","","","2","The next attack will heal a nearby ally for {{heal_scale}:.0%} of ГУМ's Attack. Can hold {{ct}:.0f} charges","7","0","0",""
"","","","3","The next attack will heal a nearby ally for {{heal_scale}:.0%} of ГУМ's Attack. Can hold {{ct}:.0f} charges","7","0","0",""
"","","","4","The next attack will heal a nearby ally for {{heal_scale}:.0%} of ГУМ's Attack. Can hold {{ct}:.0f} charges","6","0","0",""
"","","","5","The next attack will heal a nearby ally for {{heal_scale}:.0%} of ГУМ's Attack. Can hold {{ct}:.0f} charges","6","0","0",""
"","","","6","The next attack will heal a nearby ally for {{heal_scale}:.0%} of ГУМ's Attack. Can hold {{ct}:.0f} charges","6","0","0",""
"","","","7","The next attack will heal a nearby ally for {{heal_scale}:.0%} of ГУМ's Attack. Can hold {{ct}:.0f} charges","5","0","0",""
"","","","8","The next attack will heal a nearby ally for {{heal_scale}:.0%} of ГУМ's Attack. Can hold {{ct}:.0f} charges","5","0","0",""
"","","","9","The next attack will heal a nearby ally for {{heal_scale}:.0%} of ГУМ's Attack. Can hold {{ct}:.0f} charges","5","0","0",""
"","","","10","The next attack will heal a nearby ally for {{heal_scale}:.0%} of ГУМ's Attack. Can hold {{ct}:.0f} charges","4","0","0",""
"Гум (Gum)","4","Food Preparation","1","Begins cooking and stops attacking enemies for {{disarm}:.0f} seconds, Defense +{{def}:.0%}. After finishing cooking, focuses on healing nearby allies (attack interval +{{base_attack_time}:.0%}), Attack +{{atk}:.0%}","40","10","30","Regen over time"
"","","","2","Begins cooking and stops attacking enemies for {{disarm}:.0f} seconds, Defense +{{def}:.0%}. After finishing cooking, focuses on healing nearby allies (attack interval +{{base_attack_time}:.0%}), Attack +{{atk}:.0%}","39","10","30",""
"","","","3","Begins cooking and stops attacking enemies for {{disarm}:.0f} seconds, Defense +{{def}:.0%}. After finishing cooking, focuses on healing nearby allies (attack interval +{{base_attack_time}:.0%}), Attack +{{atk}:.0%}","38","10","30",""
"","","","4","Begins cooking and stops attacking enemies for {{disarm}:.0f} seconds, Defense +{{def}:.0%}. After finishing cooking, focuses on healing nearby allies (attack interval +{{base_attack_time}:.0%}), Attack +{{atk}:.0%}","37","12","30",""
"","","","5","Begins cooking and stops attacking enemies for {{disarm}:.0f} seconds, Defense +{{def}:.0%}. After finishing cooking, focuses on healing nearby allies (attack interval +{{base_attack_time}:.0%}), Attack +{{atk}:.0%}","36","12","30",""
"","","","6","Begins cooking and stops attacking enemies for {{disarm}:.0f} seconds, Defense +{{def}:.0%}. After finishing cooking, focuses on healing nearby allies (attack interval +{{base_attack_time}:.0%}), Attack +{{atk}:.0%}","35","12","30",""
"","","","7","Begins cooking and stops attacking enemies for {{disarm}:.0f} seconds, Defense +{{def}:.0%}. After finishing cooking, focuses on healing nearby allies (attack interval +{{base_attack_time}:.0%}), Attack +{{atk}:.0%}","34","14","30",""
"","","","8","Begins cooking and stops attacking enemies for {{disarm}:.0f} seconds, Defense +{{def}:.0%}. After finishing cooking, focuses on healing nearby allies (attack interval +{{base_attack_time}:.0%}), Attack +{{atk}:.0%}","33","16","30",""
"","","","9","Begins cooking and stops attacking enemies for {{disarm}:.0f} seconds, Defense +{{def}:.0%}. After finishing cooking, focuses on healing nearby allies (attack interval +{{base_attack_time}:.0%}), Attack +{{atk}:.0%}","32","18","30",""
"","","","10","Begins cooking and stops attacking enemies for {{disarm}:.0f} seconds, Defense +{{def}:.0%}. After finishing cooking, focuses on healing nearby allies (attack interval +{{base_attack_time}:.0%}), Attack +{{atk}:.0%}","30","20","30",""
"Dur-nar","4","Attack Strengthening·Type β","1","Attack +{{atk}:.0%}","40","0","25","Regen over time"
"","","","2","Attack +{{atk}:.0%}","40","0","25",""
"","","","3","Attack +{{atk}:.0%}","40","0","25",""
"","","","4","Attack +{{atk}:.0%}","37","0","25",""
"","","","5","Attack +{{atk}:.0%}","37","0","25",""
"","","","6","Attack +{{atk}:.0%}","37","0","25",""
"","","","7","Attack +{{atk}:.0%}","37","5","25",""
"","","","8","Attack +{{atk}:.0%}","37","5","25",""
"","","","9","Attack +{{atk}:.0%}","37","5","25",""
"","","","10","Attack +{{atk}:.0%}","35","10","25",""
"Dur-nar","4","Raising Shield Strike","1","Attack +{{atk}:.0%}, attack multiple enemies equal to Block count","37","0","30","Regen when attacked"
"","","","2","Attack +{{atk}:.0%}, attack multiple enemies equal to Block count","36","0","30",""
"","","","3","Attack +{{atk}:.0%}, attack multiple enemies equal to Block count","35","0","30",""
"","","","4","Attack +{{atk}:.0%}, attack multiple enemies equal to Block count","34","3","30",""
"","","","5","Attack +{{atk}:.0%}, attack multiple enemies equal to Block count","33","3","30",""
"","","","6","Attack +{{atk}:.0%}, attack multiple enemies equal to Block count","32","3","30",""
"","","","7","Attack +{{atk}:.0%}, attack multiple enemies equal to Block count","31","6","30",""
"","","","8","Attack +{{atk}:.0%}, attack multiple enemies equal to Block count","29","8","30",""
"","","","9","Attack +{{atk}:.0%}, attack multiple enemies equal to Block count","27","10","30",""
"","","","10","Attack +{{atk}:.0%}, attack multiple enemies equal to Block count","25","12","30",""
"Nearl","5","First Aid","1","The next attack will heal a nearby ally with less than 1/2 HP for {{heal_scale}:.0%} Attack. Can hold {{ct}:.0f} charges","6","0","0","Regen over time"
"","","","2","The next attack will heal a nearby ally with less than 1/2 HP for {{heal_scale}:.0%} Attack. Can hold {{ct}:.0f} charges","6","0","0",""
"","","","3","The next attack will heal a nearby ally with less than 1/2 HP for {{heal_scale}:.0%} Attack. Can hold {{ct}:.0f} charges","6","0","0",""
"","","","4","The next attack will heal a nearby ally with less than 1/2 HP for {{heal_scale}:.0%} Attack. Can hold {{ct}:.0f} charges","5","0","0",""
"","","","5","The next attack will heal a nearby ally with less than 1/2 HP for {{heal_scale}:.0%} Attack. Can hold {{ct}:.0f} charges","5","0","0",""
"","","","6","The next attack will heal a nearby ally with less than 1/2 HP for {{heal_scale}:.0%} Attack. Can hold {{ct}:.0f} charges","5","0","0",""
"","","","7","The next attack will heal a nearby ally with less than 1/2 HP for {{heal_scale}:.0%} Attack. Can hold {{ct}:.0f} charges","5","0","0",""
"","","","8","The next attack will heal a nearby ally with less than 1/2 HP for {{heal_scale}:.0%} Attack. Can hold {{ct}:.0f} charges","4","0","0",""
"","","","9","The next attack will heal a nearby ally with less than 1/2 HP for {{heal_scale}:.0%} Attack. Can hold {{ct}:.0f} charges","4","0","0",""
"","","","10","The next attack will heal a nearby ally with less than 1/2 HP for {{heal_scale}:.0%} Attack. Can hold {{ct}:.0f} charges","4","0","0",""
"Nearl","5","First Aid Mode","1","Attack +{{atk}:.0%}, stops attacking enemies and focuses on healing nearby allies (attack interval +{{base_attack_time}:.0%})","60","20","40","Regen over time"
"","","","2","Attack +{{atk}:.0%}, stops attacking enemies and focuses on healing nearby allies (attack interval +{{base_attack_time}:.0%})","59","20","40",""
"","","","3","Attack +{{atk}:.0%}, stops attacking enemies and focuses on healing nearby allies (attack interval +{{base_attack_time}:.0%})","58","20","40",""
"","","","4","Attack +{{atk}:.0%}, stops attacking enemies and focuses on healing nearby allies (attack interval +{{base_attack_time}:.0%})","55","25","40",""
"","","","5","Attack +{{atk}:.0%}, stops attacking enemies and focuses on healing nearby allies (attack interval +{{base_attack_time}:.0%})","54","25","40",""
"","","","6","Attack +{{atk}:.0%}, stops attacking enemies and focuses on healing nearby allies (attack interval +{{base_attack_time}:.0%})","53","25","40",""
"","","","7","Attack +{{atk}:.0%}, stops attacking enemies and focuses on healing nearby allies (attack interval +{{base_attack_time}:.0%})","52","30","40",""
"","","","8","Attack +{{atk}:.0%}, stops attacking enemies and focuses on healing nearby allies (attack interval +{{base_attack_time}:.0%})","50","30","40",""
"","","","9","Attack +{{atk}:.0%}, stops attacking enemies and focuses on healing nearby allies (attack interval +{{base_attack_time}:.0%})","45","30","40",""
"","","","10","Attack +{{atk}:.0%}, stops attacking enemies and focuses on healing nearby allies (attack interval +{{base_attack_time}:.0%})","40","30","40",""
"Hung","5","Counter Treatment","1","The next attack is changed to healing a nearby ally for {{heal_scale}:.0%} Attack","6","0","0","Regen when attacked"
"","","","2","The next attack is changed to healing a nearby ally for {{heal_scale}:.0%} Attack","6","0","0",""
"","","","3","The next attack is changed to healing a nearby ally for {{heal_scale}:.0%} Attack","6","0","0",""
"","","","4","The next attack is changed to healing a nearby ally for {{heal_scale}:.0%} Attack","6","1","0",""
"","","","5","The next attack is changed to healing a nearby ally for {{heal_scale}:.0%} Attack","6","1","0",""
"","","","6","The next attack is changed to healing a nearby ally for {{heal_scale}:.0%} Attack","6","1","0",""
"","","","7","The next attack is changed to healing a nearby ally for {{heal_scale}:.0%} Attack","5","2","0",""
"","","","8","The next attack is changed to healing a nearby ally for {{heal_scale}:.0%} Attack","5","3","0",""
"","","","9","The next attack is changed to healing a nearby ally for {{heal_scale}:.0%} Attack","5","4","0",""
"","","","10","The next attack is changed to healing a nearby ally for {{heal_scale}:.0%} Attack","4","4","0",""
"Hung","5","Counter Healing Mode","1","Attack and Defense +{{atk}:.0%}, stops attacking enemies and focuses on healing nearby allies (attack interval +{base_attack_time} seconds). Healed allies recover 1 SP","25","10","20","Regen when attacked"
"","","","2","Attack and Defense +{{atk}:.0%}, stops attacking enemies and focuses on healing nearby allies (attack interval +{base_attack_time} seconds). Healed allies recover 1 SP","25","10","20",""
"","","","3","Attack and Defense +{{atk}:.0%}, stops attacking enemies and focuses on healing nearby allies (attack interval +{base_attack_time} seconds). Healed allies recover 1 SP","25","10","20",""
"","","","4","Attack and Defense +{{atk}:.0%}, stops attacking enemies and focuses on healing nearby allies (attack interval +{base_attack_time} seconds). Healed allies recover 1 SP","24","11","22",""
"","","","5","Attack and Defense +{{atk}:.0%}, stops attacking enemies and focuses on healing nearby allies (attack interval +{base_attack_time} seconds). Healed allies recover 1 SP","24","11","22",""
"","","","6","Attack and Defense +{{atk}:.0%}, stops attacking enemies and focuses on healing nearby allies (attack interval +{base_attack_time} seconds). Healed allies recover 1 SP","24","11","22",""
"","","","7","Attack and Defense +{{atk}:.0%}, stops attacking enemies and focuses on healing nearby allies (attack interval +{base_attack_time} seconds). Healed allies recover 1 SP","23","12","24",""
"","","","8","Attack and Defense +{{atk}:.0%}, stops attacking enemies and focuses on healing nearby allies (attack interval +{base_attack_time} seconds). Healed allies recover 1 SP","22","14","26",""
"","","","9","Attack and Defense +{{atk}:.0%}, stops attacking enemies and focuses on healing nearby allies (attack interval +{base_attack_time} seconds). Healed allies recover 1 SP","21","16","28",""
"","","","10","Attack and Defense +{{atk}:.0%}, stops attacking enemies and focuses on healing nearby allies (attack interval +{base_attack_time} seconds). Healed allies recover 1 SP","20","18","30",""
"Liskarm","5","Charging Defense","1","Block the next attack and increase Defense by +{{def}:.0%} for {{duration}:.0f} seconds. Automatic activation","24","0","-1","Regen when attacked"
"","","","2","Block the next attack and increase Defense by +{{def}:.0%} for {{duration}:.0f} seconds. Automatic activation","24","0","-1",""
"","","","3","Block the next attack and increase Defense by +{{def}:.0%} for {{duration}:.0f} seconds. Automatic activation","24","0","-1",""
"","","","4","Block the next attack and increase Defense by +{{def}:.0%} for {{duration}:.0f} seconds. Automatic activation","22","0","-1",""
"","","","5","Block the next attack and increase Defense by +{{def}:.0%} for {{duration}:.0f} seconds. Automatic activation","22","0","-1",""
"","","","6","Block the next attack and increase Defense by +{{def}:.0%} for {{duration}:.0f} seconds. Automatic activation","22","0","-1",""
"","","","7","Block the next attack and increase Defense by +{{def}:.0%} for {{duration}:.0f} seconds. Automatic activation","20","0","-1",""
"","","","8","Block the next attack and increase Defense by +{{def}:.0%} for {{duration}:.0f} seconds. Automatic activation","20","0","-1",""
"","","","9","Block the next attack and increase Defense by +{{def}:.0%} for {{duration}:.0f} seconds. Automatic activation","20","0","-1",""
"","","","10","Block the next attack and increase Defense by +{{def}:.0%} for {{duration}:.0f} seconds. Automatic activation","18","0","-1",""
"Liskarm","5","Counter Shock","1","Increase attack interval (+{{base_attack_time}:.0%}), Attack +{{atk}:.0%}, every attack deals magical damage to up to {{attack@max_target}:.0f} enemies and has {{attack@buff_prob}:.0%} chance to stun the targets for {{attack@stun}:.0f} second. Liskarm is stunned for {{stun}:.0f} seconds after the skill ends","44","0","20","Regen when attacked"
"","","","2","Increase attack interval (+{{base_attack_time}:.0%}), Attack +{{atk}:.0%}, every attack deals magical damage to up to {{attack@max_target}:.0f} enemies and has {{attack@buff_prob}:.0%} chance to stun the targets for {{attack@stun}:.0f} second. Liskarm is stunned for {{stun}:.0f} seconds after the skill ends","43","0","20",""
"","","","3","Increase attack interval (+{{base_attack_time}:.0%}), Attack +{{atk}:.0%}, every attack deals magical damage to up to {{attack@max_target}:.0f} enemies and has {{attack@buff_prob}:.0%} chance to stun the targets for {{attack@stun}:.0f} second. Liskarm is stunned for {{stun}:.0f} seconds after the skill ends","42","0","20",""
"","","","4","Increase attack interval (+{{base_attack_time}:.0%}), Attack +{{atk}:.0%}, every attack deals magical damage to up to {{attack@max_target}:.0f} enemies and has {{attack@buff_prob}:.0%} chance to stun the targets for {{attack@stun}:.0f} second. Liskarm is stunned for {{stun}:.0f} seconds after the skill ends","41","0","20",""
"","","","5","Increase attack interval (+{{base_attack_time}:.0%}), Attack +{{atk}:.0%}, every attack deals magical damage to up to {{attack@max_target}:.0f} enemies and has {{attack@buff_prob}:.0%} chance to stun the targets for {{attack@stun}:.0f} second. Liskarm is stunned for {{stun}:.0f} seconds after the skill ends","40","0","20",""
"","","","6","Increase attack interval (+{{base_attack_time}:.0%}), Attack +{{atk}:.0%}, every attack deals magical damage to up to {{attack@max_target}:.0f} enemies and has {{attack@buff_prob}:.0%} chance to stun the targets for {{attack@stun}:.0f} second. Liskarm is stunned for {{stun}:.0f} seconds after the skill ends","39","0","20",""
"","","","7","Increase attack interval (+{{base_attack_time}:.0%}), Attack +{{atk}:.0%}, every attack deals magical damage to up to {{attack@max_target}:.0f} enemies and has {{attack@buff_prob}:.0%} chance to stun the targets for {{attack@stun}:.0f} second. Liskarm is stunned for {{stun}:.0f} seconds after the skill ends","38","0","20",""
"","","","8","Increase attack interval (+{{base_attack_time}:.0%}), Attack +{{atk}:.0%}, every attack deals magical damage to up to {{attack@max_target}:.0f} enemies and has {{attack@buff_prob}:.0%} chance to stun the targets for {{attack@stun}:.0f} second. Liskarm is stunned for {{stun}:.0f} seconds after the skill ends","37","0","20",""
"","","","9","Increase attack interval (+{{base_attack_time}:.0%}), Attack +{{atk}:.0%}, every attack deals magical damage to up to {{attack@max_target}:.0f} enemies and has {{attack@buff_prob}:.0%} chance to stun the targets for {{attack@stun}:.0f} second. Liskarm is stunned for {{stun}:.0f} seconds after the skill ends","36","0","20",""
"","","","10","Increase attack interval (+{{base_attack_time}:.0%}), Attack +{{atk}:.0%}, every attack deals magical damage to up to {{attack@max_target}:.0f} enemies and has {{attack@buff_prob}:.0%} chance to stun the targets for {{attack@stun}:.0f} second. Liskarm is stunned for {{stun}:.0f} seconds after the skill ends","34","0","20",""
"Croissant","5","Automatic Defense","1","Defense +{{def}:.0%}, talent effect increased to {{talent_scale}:.0%}. Automatic activation","30","0","20","Regen over time"
"","","","2","Defense +{{def}:.0%}, talent effect increased to {{talent_scale}:.0%}. Automatic activation","29","0","20",""
"","","","3","Defense +{{def}:.0%}, talent effect increased to {{talent_scale}:.0%}. Automatic activation","28","0","20",""
"","","","4","Defense +{{def}:.0%}, talent effect increased to {{talent_scale}:.0%}. Automatic activation","27","4","23",""
"","","","5","Defense +{{def}:.0%}, talent effect increased to {{talent_scale}:.0%}. Automatic activation","26","4","23",""
"","","","6","Defense +{{def}:.0%}, talent effect increased to {{talent_scale}:.0%}. Automatic activation","25","4","23",""
"","","","7","Defense +{{def}:.0%}, talent effect increased to {{talent_scale}:.0%}. Automatic activation","24","8","26",""
"","","","8","Defense +{{def}:.0%}, talent effect increased to {{talent_scale}:.0%}. Automatic activation","23","8","27",""
"","","","9","Defense +{{def}:.0%}, talent effect increased to {{talent_scale}:.0%}. Automatic activation","22","8","28",""
"","","","10","Defense +{{def}:.0%}, talent effect increased to {{talent_scale}:.0%}. Automatic activation","20","12","30",""
"Croissant","5","Magnetic Hammer","1","Push away nearby enemies with medium force and stun them for {stun} seconds, dealing {{atk_scale}:.0%} physical damage","22","0","0","Regen when attacked"
"","","","2","Push away nearby enemies with medium force and stun them for {stun} seconds, dealing {{atk_scale}:.0%} physical damage","22","0","0",""
"","","","3","Push away nearby enemies with medium force and stun them for {stun} seconds, dealing {{atk_scale}:.0%} physical damage","22","0","0",""
"","","","4","Push away nearby enemies with medium force and stun them for {stun} seconds, dealing {{atk_scale}:.0%} physical damage","21","0","0",""
"","","","5","Push away nearby enemies with medium force and stun them for {stun} seconds, dealing {{atk_scale}:.0%} physical damage","21","0","0",""
"","","","6","Push away nearby enemies with medium force and stun them for {stun} seconds, dealing {{atk_scale}:.0%} physical damage","21","0","0",""
"","","","7","Push away nearby enemies with large force and stun them for {stun} seconds, dealing {{atk_scale}:.0%} physical damage","20","0","0",""
"","","","8","Push away nearby enemies with large force and stun them for {stun} seconds, dealing {{atk_scale}:.0%} physical damage","19","0","0",""
"","","","9","Push away nearby enemies with large force and stun them for {stun} seconds, dealing {{atk_scale}:.0%} physical damage","18","0","0",""
"","","","10","Push away nearby enemies with huge force and stun them for {stun} seconds, dealing {{atk_scale}:.0%} physical damage","17","0","0",""
"Bison","5","Defense Strengthening·Type γ","1","Defense +{{def}:.0%}","45","0","40","Regen over time"
"","","","2","Defense +{{def}:.0%}","45","0","40",""
"","","","3","Defense +{{def}:.0%}","45","0","40",""
"","","","4","Defense +{{def}:.0%}","40","5","40",""
"","","","5","Defense +{{def}:.0%}","40","5","40",""
"","","","6","Defense +{{def}:.0%}","40","5","40",""
"","","","7","Defense +{{def}:.0%}","35","10","40",""
"","","","8","Defense +{{def}:.0%}","34","10","40",""
"","","","9","Defense +{{def}:.0%}","33","10","40",""
"","","","10","Defense +{{def}:.0%}","30","15","40",""
"Bison","5","Entrenchment","1","Stops attacking enemies. Defense +{{bison_s_2[self].def}:.0%}, allies in the 4 adjacent tiles gain Defense +{{bison_s_2[ally].def}:.0%}, Bison becomes a higher priority target for enemies","60","10","40","Regen over time"
"","","","2","Stops attacking enemies. Defense +{{bison_s_2[self].def}:.0%}, allies in the 4 adjacent tiles gain Defense +{{bison_s_2[ally].def}:.0%}, Bison becomes a higher priority target for enemies","59","10","40",""
"","","","3","Stops attacking enemies. Defense +{{bison_s_2[self].def}:.0%}, allies in the 4 adjacent tiles gain Defense +{{bison_s_2[ally].def}:.0%}, Bison becomes a higher priority target for enemies","58","10","40",""
"","","","4","Stops attacking enemies. Defense +{{bison_s_2[self].def}:.0%}, allies in the 4 adjacent tiles gain Defense +{{bison_s_2[ally].def}:.0%}, Bison becomes a higher priority target for enemies","57","13","40",""
"","","","5","Stops attacking enemies. Defense +{{bison_s_2[self].def}:.0%}, allies in the 4 adjacent tiles gain Defense +{{bison_s_2[ally].def}:.0%}, Bison becomes a higher priority target for enemies","56","13","40",""
"","","","6","Stops attacking enemies. Defense +{{bison_s_2[self].def}:.0%}, allies in the 4 adjacent tiles gain Defense +{{bison_s_2[ally].def}:.0%}, Bison becomes a higher priority target for enemies","55","13","40",""
"","","","7","Stops attacking enemies. Defense +{{bison_s_2[self].def}:.0%}, allies in the 4 adjacent tiles gain Defense +{{bison_s_2[ally].def}:.0%}, Bison becomes a higher priority target for enemies","54","16","40",""
"","","","8","Stops attacking enemies. Defense +{{bison_s_2[self].def}:.0%}, allies in the 4 adjacent tiles gain Defense +{{bison_s_2[ally].def}:.0%}, Bison becomes a higher priority target for enemies","53","17","40",""
"","","","9","Stops attacking enemies. Defense +{{bison_s_2[self].def}:.0%}, allies in the 4 adjacent tiles gain Defense +{{bison_s_2[ally].def}:.0%}, Bison becomes a higher priority target for enemies","52","18","40",""
"","","","10","Stops attacking enemies. Defense +{{bison_s_2[self].def}:.0%}, allies in the 4 adjacent tiles gain Defense +{{bison_s_2[ally].def}:.0%}, Bison becomes a higher priority target for enemies","50","20","40",""
"Vulcan","5","Guard Mode","1","Block count +1, Defense +{{def}:.0%}, additionally recover {{hp_recovery_per_sec_by_max_hp_ratio}:.0%} Max HP every second","50","20","20","Regen over time"
"","","","2","Block count +1, Defense +{{def}:.0%}, additionally recover {{hp_recovery_per_sec_by_max_hp_ratio}:.0%} Max HP every second","50","21","21",""
"","","","3","Block count +1, Defense +{{def}:.0%}, additionally recover {{hp_recovery_per_sec_by_max_hp_ratio}:.0%} Max HP every second","50","22","22",""
"","","","4","Block count +1, Defense +{{def}:.0%}, additionally recover {{hp_recovery_per_sec_by_max_hp_ratio}:.0%} Max HP every second","50","25","23",""
"","","","5","Block count +1, Defense +{{def}:.0%}, additionally recover {{hp_recovery_per_sec_by_max_hp_ratio}:.0%} Max HP every second","50","26","24",""
"","","","6","Block count +1, Defense +{{def}:.0%}, additionally recover {{hp_recovery_per_sec_by_max_hp_ratio}:.0%} Max HP every second","50","27","25",""
"","","","7","Block count +1, Defense +{{def}:.0%}, additionally recover {{hp_recovery_per_sec_by_max_hp_ratio}:.0%} Max HP every second","50","30","26",""
"","","","8","Block count +1, Defense +{{def}:.0%}, additionally recover {{hp_recovery_per_sec_by_max_hp_ratio}:.0%} Max HP every second","50","33","27",""
"","","","9","Block count +1, Defense +{{def}:.0%}, additionally recover {{hp_recovery_per_sec_by_max_hp_ratio}:.0%} Max HP every second","50","37","28",""
"","","","10","Block count +1, Defense +{{def}:.0%}, additionally recover {{hp_recovery_per_sec_by_max_hp_ratio}:.0%} Max HP every second","50","40","30",""
"Vulcan","5","Offense Mode","1","Block count -1, slightly increase attack interval (+{base_attack_time} seconds), Attack +{{atk}:.0%}, every attack recovers {{hp_ratio}:.0%} Max HP, attack multiple enemies equal to Block count","50","20","20","Regen over time"
"","","","2","Block count -1, slightly increase attack interval (+{base_attack_time} seconds), Attack +{{atk}:.0%}, every attack recovers {{hp_ratio}:.0%} Max HP, attack multiple enemies equal to Block count","50","21","21",""
"","","","3","Block count -1, slightly increase attack interval (+{base_attack_time} seconds), Attack +{{atk}:.0%}, every attack recovers {{hp_ratio}:.0%} Max HP, attack multiple enemies equal to Block count","50","22","22",""
"","","","4","Block count -1, slightly increase attack interval (+{base_attack_time} seconds), Attack +{{atk}:.0%}, every attack recovers {{hp_ratio}:.0%} Max HP, attack multiple enemies equal to Block count","50","25","23",""
"","","","5","Block count -1, slightly increase attack interval (+{base_attack_time} seconds), Attack +{{atk}:.0%}, every attack recovers {{hp_ratio}:.0%} Max HP, attack multiple enemies equal to Block count","50","26","24",""
"","","","6","Block count -1, slightly increase attack interval (+{base_attack_time} seconds), Attack +{{atk}:.0%}, every attack recovers {{hp_ratio}:.0%} Max HP, attack multiple enemies equal to Block count","50","27","25",""
"","","","7","Block count -1, slightly increase attack interval (+{base_attack_time} seconds), Attack +{{atk}:.0%}, every attack recovers {{hp_ratio}:.0%} Max HP, attack multiple enemies equal to Block count","50","30","26",""
"","","","8","Block count -1, slightly increase attack interval (+{base_attack_time} seconds), Attack +{{atk}:.0%}, every attack recovers {{hp_ratio}:.0%} Max HP, attack multiple enemies equal to Block count","50","33","27",""
"","","","9","Block count -1, slightly increase attack interval (+{base_attack_time} seconds), Attack +{{atk}:.0%}, every attack recovers {{hp_ratio}:.0%} Max HP, attack multiple enemies equal to Block count","50","37","28",""
"","","","10","Block count -1, slightly increase attack interval (+{base_attack_time} seconds), Attack +{{atk}:.0%}, every attack recovers {{hp_ratio}:.0%} Max HP, attack multiple enemies equal to Block count","50","40","30",""
"Asbestos","5","Safeguard Mode","1","Block the next magic attack and reduce magic damage taken within the skill duration by {{fake}:.0%}","30","0","20","Regen over time"
"","","","2","Block the next magic attack and reduce magic damage taken within the skill duration by {{fake}:.0%}","29","0","20",""
"","","","3","Block the next magic attack and reduce magic damage taken within the skill duration by {{fake}:.0%}","28","0","20",""
"","","","4","Block the next magic attack and reduce magic damage taken within the skill duration by {{fake}:.0%}","27","0","20",""
"","","","5","Block the next magic attack and reduce magic damage taken within the skill duration by {{fake}:.0%}","26","0","20",""
"","","","6","Block the next magic attack and reduce magic damage taken within the skill duration by {{fake}:.0%}","25","0","20",""
"","","","7","Block the next magic attack and reduce magic damage taken within the skill duration by {{fake}:.0%}","24","0","20",""
"","","","8","Block the next magic attack and reduce magic damage taken within the skill duration by {{fake}:.0%}","23","0","20",""
"","","","9","Block the next magic attack and reduce magic damage taken within the skill duration by {{fake}:.0%}","22","0","20",""
"","","","10","Block the next magic attack and reduce magic damage taken within the skill duration by {{fake}:.0%}","20","0","20",""
"Asbestos","5","Thermal Mode","1","Increase attack interval (+{{base_attack_time}:.0%}), Attack +{{atk}:.0%}, Defense +{{def}:.0%}, increase attack range. Attacks change to splash attacks","60","10","40","Regen over time"
"","","","2","Increase attack interval (+{{base_attack_time}:.0%}), Attack +{{atk}:.0%}, Defense +{{def}:.0%}, increase attack range. Attacks change to splash attacks","59","12","41",""
"","","","3","Increase attack interval (+{{base_attack_time}:.0%}), Attack +{{atk}:.0%}, Defense +{{def}:.0%}, increase attack range. Attacks change to splash attacks","58","14","42",""
"","","","4","Increase attack interval (+{{base_attack_time}:.0%}), Attack +{{atk}:.0%}, Defense +{{def}:.0%}, increase attack range. Attacks change to splash attacks","57","16","43",""
"","","","5","Increase attack interval (+{{base_attack_time}:.0%}), Attack +{{atk}:.0%}, Defense +{{def}:.0%}, increase attack range. Attacks change to splash attacks","56","18","44",""
"","","","6","Increase attack interval (+{{base_attack_time}:.0%}), Attack +{{atk}:.0%}, Defense +{{def}:.0%}, increase attack range. Attacks change to splash attacks","55","20","45",""
"","","","7","Increase attack interval (+{{base_attack_time}:.0%}), Attack +{{atk}:.0%}, Defense +{{def}:.0%}, increase attack range. Attacks change to splash attacks","54","22","46",""
"","","","8","Increase attack interval (+{{base_attack_time}:.0%}), Attack +{{atk}:.0%}, Defense +{{def}:.0%}, greatly increase attack range. Attacks change to splash attacks","53","24","47",""
"","","","9","Increase attack interval (+{{base_attack_time}:.0%}), Attack +{{atk}:.0%}, Defense +{{def}:.0%}, greatly increase attack range. Attacks change to splash attacks","52","26","48",""
"","","","10","Increase attack interval (+{{base_attack_time}:.0%}), Attack +{{atk}:.0%}, Defense +{{def}:.0%}, greatly increase attack range. Attacks change to splash attacks","50","30","50",""
"Hoshiguma","6","Battle Intent","1","Defense +{{def}:.0%}, Attack +{{atk}:.0%}","50","20","20","Regen over time"
"","","","2","Defense +{{def}:.0%}, Attack +{{atk}:.0%}","49","20","21",""
"","","","3","Defense +{{def}:.0%}, Attack +{{atk}:.0%}","48","20","22",""
"","","","4","Defense +{{def}:.0%}, Attack +{{atk}:.0%}","47","20","23",""
"","","","5","Defense +{{def}:.0%}, Attack +{{atk}:.0%}","46","20","24",""
"","","","6","Defense +{{def}:.0%}, Attack +{{atk}:.0%}","45","20","25",""
"","","","7","Defense +{{def}:.0%}, Attack +{{atk}:.0%}","44","20","26",""
"","","","8","Defense +{{def}:.0%}, Attack +{{atk}:.0%}","43","20","27",""
"","","","9","Defense +{{def}:.0%}, Attack +{{atk}:.0%}","42","20","28",""
"","","","10","Defense +{{def}:.0%}, Attack +{{atk}:.0%}","40","20","30",""
"Hoshiguma","6","Thorns","1","Defense +{{def}:.0%}. Every time Hoshiguma is attacked, inflict {{atk_scale}:.0%} physical damage to the attacker","0","0","0","Passive"
"","","","2","Defense +{{def}:.0%}. Every time Hoshiguma is attacked, inflict {{atk_scale}:.0%} physical damage to the attacker","0","0","0",""
"","","","3","Defense +{{def}:.0%}. Every time Hoshiguma is attacked, inflict {{atk_scale}:.0%} physical damage to the attacker","0","0","0",""
"","","","4","Defense +{{def}:.0%}. Every time Hoshiguma is attacked, inflict {{atk_scale}:.0%} physical damage to the attacker","0","0","0",""
"","","","5","Defense +{{def}:.0%}. Every time Hoshiguma is attacked, inflict {{atk_scale}:.0%} physical damage to the attacker","0","0","0",""
"","","","6","Defense +{{def}:.0%}. Every time Hoshiguma is attacked, inflict {{atk_scale}:.0%} physical damage to the attacker","0","0","0",""
"","","","7","Defense +{{def}:.0%}. Every time Hoshiguma is attacked, inflict {{atk_scale}:.0%} physical damage to the attacker","0","0","0",""
"","","","8","Defense +{{def}:.0%}. Every time Hoshiguma is attacked, inflict {{atk_scale}:.0%} physical damage to the attacker","0","0","0",""
"","","","9","Defense +{{def}:.0%}. Every time Hoshiguma is attacked, inflict {{atk_scale}:.0%} physical damage to the attacker","0","0","0",""
"","","","10","Defense +{{def}:.0%}. Every time Hoshiguma is attacked, inflict {{atk_scale}:.0%} physical damage to the attacker","0","0","0",""
"Hoshiguma","6","Power Saw","1","Attack +{{atk}:.0%}, Defense +{{def}:.0%}. Slice all enemies 1 tile ahead using her shield","60","20","25","Regen over time"
"","","","2","Attack +{{atk}:.0%}, Defense +{{def}:.0%}. Slice all enemies 1 tile ahead using her shield","59","20","25",""
"","","","3","Attack +{{atk}:.0%}, Defense +{{def}:.0%}. Slice all enemies 1 tile ahead using her shield","58","20","25",""
"","","","4","Attack +{{atk}:.0%}, Defense +{{def}:.0%}. Slice all enemies 1 tile ahead using her shield","57","23","25",""
"","","","5","Attack +{{atk}:.0%}, Defense +{{def}:.0%}. Slice all enemies 1 tile ahead using her shield","56","23","25",""
"","","","6","Attack +{{atk}:.0%}, Defense +{{def}:.0%}. Slice all enemies 1 tile ahead using her shield","55","23","25",""
"","","","7","Attack +{{atk}:.0%}, Defense +{{def}:.0%}. Slice all enemies 1 tile ahead using her shield","54","26","25",""
"","","","8","Attack +{{atk}:.0%}, Defense +{{def}:.0%}. Slice all enemies 1 tile ahead using her shield","53","27","25",""
"","","","9","Attack +{{atk}:.0%}, Defense +{{def}:.0%}. Slice all enemies 1 tile ahead using her shield","52","28","25",""
"","","","10","Attack +{{atk}:.0%}, Defense +{{def}:.0%}. Slice all enemies 1 tile ahead using her shield","50","30","25",""
"Saria","6","First Aid","1","The next attack will heal a nearby ally with less than 1/2 HP for {{heal_scale}:.0%} Attack. Can hold {{ct}:.0f} charges","6","0","0","Regen over time"
"","","","2","The next attack will heal a nearby ally with less than 1/2 HP for {{heal_scale}:.0%} Attack. Can hold {{ct}:.0f} charges","6","0","0",""
"","","","3","The next attack will heal a nearby ally with less than 1/2 HP for {{heal_scale}:.0%} Attack. Can hold {{ct}:.0f} charges","6","0","0",""
"","","","4","The next attack will heal a nearby ally with less than 1/2 HP for {{heal_scale}:.0%} Attack. Can hold {{ct}:.0f} charges","5","0","0",""
"","","","5","The next attack will heal a nearby ally with less than 1/2 HP for {{heal_scale}:.0%} Attack. Can hold {{ct}:.0f} charges","5","0","0",""
"","","","6","The next attack will heal a nearby ally with less than 1/2 HP for {{heal_scale}:.0%} Attack. Can hold {{ct}:.0f} charges","5","0","0",""
"","","","7","The next attack will heal a nearby ally with less than 1/2 HP for {{heal_scale}:.0%} Attack. Can hold {{ct}:.0f} charges","5","0","0",""
"","","","8","The next attack will heal a nearby ally with less than 1/2 HP for {{heal_scale}:.0%} Attack. Can hold {{ct}:.0f} charges","4","0","0",""
"","","","9","The next attack will heal a nearby ally with less than 1/2 HP for {{heal_scale}:.0%} Attack. Can hold {{ct}:.0f} charges","4","0","0",""
"","","","10","The next attack will heal a nearby ally with less than 1/2 HP for {{heal_scale}:.0%} Attack. Can hold {{ct}:.0f} charges","4","0","0",""
"Saria","6","Medicine Preparation","1","Heal all allies within a certain range for {{heal_scale}:.0%} of Saria's Attack","10","0","0","Regen over time"
"","","","2","Heal all allies within a certain range for {{heal_scale}:.0%} of Saria's Attack","10","0","0",""
"","","","3","Heal all allies within a certain range for {{heal_scale}:.0%} of Saria's Attack","10","0","0",""
"","","","4","Heal all allies within a certain range for {{heal_scale}:.0%} of Saria's Attack","9","0","0",""
"","","","5","Heal all allies within a certain range for {{heal_scale}:.0%} of Saria's Attack","9","0","0",""
"","","","6","Heal all allies within a certain range for {{heal_scale}:.0%} of Saria's Attack","9","0","0",""
"","","","7","Heal all allies within a certain range for {{heal_scale}:.0%} of Saria's Attack","8","0","0",""
"","","","8","Heal all allies within a certain range for {{heal_scale}:.0%} of Saria's Attack","8","0","0",""
"","","","9","Heal all allies within a certain range for {{heal_scale}:.0%} of Saria's Attack","8","0","0",""
"","","","10","Heal all allies within a certain range for {{heal_scale}:.0%} of Saria's Attack","7","0","0",""
"Saria","6","Calcification","1","All nearby allies are healed for {{attack@heal_scale}:.0%} of Saria's Attack every second. Additionally, all nearby enemies receive +{{fake.b}:.0%} magic damage taken and {{demkni_s_3.move_speed}:.0%} movement speed","80","45","10","Regen over time"
"","","","2","All nearby allies are healed for {{attack@heal_scale}:.0%} of Saria's Attack every second. Additionally, all nearby enemies receive +{{fake.b}:.0%} magic damage taken and {{demkni_s_3.move_speed}:.0%} movement speed","80","45","12",""
"","","","3","All nearby allies are healed for {{attack@heal_scale}:.0%} of Saria's Attack every second. Additionally, all nearby enemies receive +{{fake.b}:.0%} magic damage taken and {{demkni_s_3.move_speed}:.0%} movement speed","80","45","14",""
"","","","4","All nearby allies are healed for {{attack@heal_scale}:.0%} of Saria's Attack every second. Additionally, all nearby enemies receive +{{fake.b}:.0%} magic damage taken and {{demkni_s_3.move_speed}:.0%} movement speed","80","50","16",""
"","","","5","All nearby allies are healed for {{attack@heal_scale}:.0%} of Saria's Attack every second. Additionally, all nearby enemies receive +{{fake.b}:.0%} magic damage taken and {{demkni_s_3.move_speed}:.0%} movement speed","80","50","18",""
"","","","6","All nearby allies are healed for {{attack@heal_scale}:.0%} of Saria's Attack every second. Additionally, all nearby enemies receive +{{fake.b}:.0%} magic damage taken and {{demkni_s_3.move_speed}:.0%} movement speed","80","50","20",""
"","","","7","All nearby allies are healed for {{attack@heal_scale}:.0%} of Saria's Attack every second. Additionally, all nearby enemies receive +{{fake.b}:.0%} magic damage taken and {{demkni_s_3.move_speed}:.0%} movement speed","80","55","22",""
"","","","8","All nearby allies are healed for {{attack@heal_scale}:.0%} of Saria's Attack every second. Additionally, all nearby enemies receive +{{fake.b}:.0%} magic damage taken and {{demkni_s_3.move_speed}:.0%} movement speed","80","60","24",""
"","","","9","All nearby allies are healed for {{attack@heal_scale}:.0%} of Saria's Attack every second. Additionally, all nearby enemies receive +{{fake.b}:.0%} magic damage taken and {{demkni_s_3.move_speed}:.0%} movement speed","80","65","27",""
"","","","10","All nearby allies are healed for {{attack@heal_scale}:.0%} of Saria's Attack every second. Additionally, all nearby enemies receive +{{fake.b}:.0%} magic damage taken and {{demkni_s_3.move_speed}:.0%} movement speed","80","70","30",""
"Nian","6","Scorching Tin","1","Defense +{{def}:.0%}, Attack +{{atk}:.0%}, normal attacks deal magical damage","30","10","20","Regen over time"
"","","","2","Defense +{{def}:.0%}, Attack +{{atk}:.0%}, normal attacks deal magical damage","30","10","21",""
"","","","3","Defense +{{def}:.0%}, Attack +{{atk}:.0%}, normal attacks deal magical damage","30","10","22",""
"","","","4","Defense +{{def}:.0%}, Attack +{{atk}:.0%}, normal attacks deal magical damage","30","10","23",""
"","","","5","Defense +{{def}:.0%}, Attack +{{atk}:.0%}, normal attacks deal magical damage","30","10","24",""
"","","","6","Defense +{{def}:.0%}, Attack +{{atk}:.0%}, normal attacks deal magical damage","30","10","25",""
"","","","7","Defense +{{def}:.0%}, Attack +{{atk}:.0%}, normal attacks deal magical damage","30","10","26",""
"","","","8","Defense +{{def}:.0%}, Attack +{{atk}:.0%}, normal attacks deal magical damage","30","10","27",""
"","","","9","Defense +{{def}:.0%}, Attack +{{atk}:.0%}, normal attacks deal magical damage","30","10","28",""
"","","","10","Defense +{{def}:.0%}, Attack +{{atk}:.0%}, normal attacks deal magical damage","30","10","30",""
"Nian","6","Copper Seal","1","Stops attacking enemies. Defense +{{def}:.0%}, Block count +{{block_cnt}:.0f}. Every time Nian is attacked, inflict {{atk_scale}:.0%} magical damage to the attacker and silence them for {{silence}:.0f} seconds","50","25","30","Regen over time"
"","","","2","Stops attacking enemies. Defense +{{def}:.0%}, Block count +{{block_cnt}:.0f}. Every time Nian is attacked, inflict {{atk_scale}:.0%} magical damage to the attacker and silence them for {{silence}:.0f} seconds","50","26","30",""
"","","","3","Stops attacking enemies. Defense +{{def}:.0%}, Block count +{{block_cnt}:.0f}. Every time Nian is attacked, inflict {{atk_scale}:.0%} magical damage to the attacker and silence them for {{silence}:.0f} seconds","50","27","30",""
"","","","4","Stops attacking enemies. Defense +{{def}:.0%}, Block count +{{block_cnt}:.0f}. Every time Nian is attacked, inflict {{atk_scale}:.0%} magical damage to the attacker and silence them for {{silence}:.0f} seconds","50","28","31",""
"","","","5","Stops attacking enemies. Defense +{{def}:.0%}, Block count +{{block_cnt}:.0f}. Every time Nian is attacked, inflict {{atk_scale}:.0%} magical damage to the attacker and silence them for {{silence}:.0f} seconds","50","29","31",""
"","","","6","Stops attacking enemies. Defense +{{def}:.0%}, Block count +{{block_cnt}:.0f}. Every time Nian is attacked, inflict {{atk_scale}:.0%} magical damage to the attacker and silence them for {{silence}:.0f} seconds","50","30","31",""
"","","","7","Stops attacking enemies. Defense +{{def}:.0%}, Block count +{{block_cnt}:.0f}. Every time Nian is attacked, inflict {{atk_scale}:.0%} magical damage to the attacker and silence them for {{silence}:.0f} seconds","50","31","32",""
"","","","8","Stops attacking enemies. Defense +{{def}:.0%}, Block count +{{block_cnt}:.0f}. Every time Nian is attacked, inflict {{atk_scale}:.0%} magical damage to the attacker and silence them for {{silence}:.0f} seconds","50","32","33",""
"","","","9","Stops attacking enemies. Defense +{{def}:.0%}, Block count +{{block_cnt}:.0f}. Every time Nian is attacked, inflict {{atk_scale}:.0%} magical damage to the attacker and silence them for {{silence}:.0f} seconds","50","33","34",""
"","","","10","Stops attacking enemies. Defense +{{def}:.0%}, Block count +{{block_cnt}:.0f}. Every time Nian is attacked, inflict {{atk_scale}:.0%} magical damage to the attacker and silence them for {{silence}:.0f} seconds","50","35","35",""
"Nian","6","Iron Guard","1","Attack +{{nian_s_3[self].atk}:.0%}. Nearby allies gain Defense +{{nian_s_3[ally].def}:.0%}, Block count +1 and [Resist] (reduce duration of stun, chill and freeze by 50%)","85","40","40","Regen over time"
"","","","2","Attack +{{nian_s_3[self].atk}:.0%}. Nearby allies gain Defense +{{nian_s_3[ally].def}:.0%}, Block count +1 and [Resist] (reduce duration of stun, chill and freeze by 50%)","85","42","40",""
"","","","3","Attack +{{nian_s_3[self].atk}:.0%}. Nearby allies gain Defense +{{nian_s_3[ally].def}:.0%}, Block count +1 and [Resist] (reduce duration of stun, chill and freeze by 50%)","85","44","40",""
"","","","4","Attack +{{nian_s_3[self].atk}:.0%}. Nearby allies gain Defense +{{nian_s_3[ally].def}:.0%}, Block count +1 and [Resist] (reduce duration of stun, chill and freeze by 50%)","85","48","40",""
"","","","5","Attack +{{nian_s_3[self].atk}:.0%}. Nearby allies gain Defense +{{nian_s_3[ally].def}:.0%}, Block count +1 and [Resist] (reduce duration of stun, chill and freeze by 50%)","85","50","40",""
"","","","6","Attack +{{nian_s_3[self].atk}:.0%}. Nearby allies gain Defense +{{nian_s_3[ally].def}:.0%}, Block count +1 and [Resist] (reduce duration of stun, chill and freeze by 50%)","85","52","40",""
"","","","7","Attack +{{nian_s_3[self].atk}:.0%}. Nearby allies gain Defense +{{nian_s_3[ally].def}:.0%}, Block count +1 and [Resist] (reduce duration of stun, chill and freeze by 50%)","85","56","40",""
"","","","8","Attack +{{nian_s_3[self].atk}:.0%}. Nearby allies gain Defense +{{nian_s_3[ally].def}:.0%}, Block count +1 and [Resist] (reduce duration of stun, chill and freeze by 50%)","85","60","41",""
"","","","9","Attack +{{nian_s_3[self].atk}:.0%}. Nearby allies gain Defense +{{nian_s_3[ally].def}:.0%}, Block count +1 and [Resist] (reduce duration of stun, chill and freeze by 50%)","85","64","42",""
"","","","10","Attack +{{nian_s_3[self].atk}:.0%}. Nearby allies gain Defense +{{nian_s_3[ally].def}:.0%}, Block count +1 and [Resist] (reduce duration of stun, chill and freeze by 50%)","85","70","45",""
""