"Character","Rarity","Skill Name","Skill Level","Skill Description","SP Cost","Initial SP","Skill Duration","Charging Type"
"Kroos","3","Consecutive Shot·Auto","1","The next attack hits {{times}:.0f} times, with each hit dealing {{atk_scale}:.0%} physical damage","5","0","0","Regen on attack"
"","","","2","The next attack hits {{times}:.0f} times, with each hit dealing {{atk_scale}:.0%} physical damage","5","0","0",""
"","","","3","The next attack hits {{times}:.0f} times, with each hit dealing {{atk_scale}:.0%} physical damage","5","0","0",""
"","","","4","The next attack hits {{times}:.0f} times, with each hit dealing {{atk_scale}:.0%} physical damage","4","0","0",""
"","","","5","The next attack hits {{times}:.0f} times, with each hit dealing {{atk_scale}:.0%} physical damage","4","0","0",""
"","","","6","The next attack hits {{times}:.0f} times, with each hit dealing {{atk_scale}:.0%} physical damage","4","0","0",""
"","","","7","The next attack hits {{times}:.0f} times, with each hit dealing {{atk_scale}:.0%} physical damage","4","0","0",""
"Adnachiel","3","Attack Strengthening·Type α","1","Attack +{{atk}:.0%}","50","0","20","Regen over time"
"","","","2","Attack +{{atk}:.0%}","50","0","20",""
"","","","3","Attack +{{atk}:.0%}","50","0","20",""
"","","","4","Attack +{{atk}:.0%}","45","0","20",""
"","","","5","Attack +{{atk}:.0%}","45","0","20",""
"","","","6","Attack +{{atk}:.0%}","45","0","20",""
"","","","7","Attack +{{atk}:.0%}","40","0","20",""
"Catapult","3","Explosion Area Strengthening·Type α","1","Splash area of normal attacks increased to {{attack@range_scale}:.0%}","55","0","20","Regen over time"
"","","","2","Splash area of normal attacks increased to {{attack@range_scale}:.0%}","53","0","22",""
"","","","3","Splash area of normal attacks increased to {{attack@range_scale}:.0%}","51","0","24",""
"","","","4","Splash area of normal attacks increased to {{attack@range_scale}:.0%}","50","0","25",""
"","","","5","Splash area of normal attacks increased to {{attack@range_scale}:.0%}","48","0","27",""
"","","","6","Splash area of normal attacks increased to {{attack@range_scale}:.0%}","46","0","29",""
"","","","7","Splash area of normal attacks increased to {{attack@range_scale}:.0%}","45","0","30",""
"Jessica","4","Powerful Strike·Type β","1","The next attack deals {{atk_scale}:.0%} damage","5","0","0","Regen on attack"
"","","","2","The next attack deals {{atk_scale}:.0%} damage","5","0","0",""
"","","","3","The next attack deals {{atk_scale}:.0%} damage","5","0","0",""
"","","","4","The next attack deals {{atk_scale}:.0%} damage","4","0","0",""
"","","","5","The next attack deals {{atk_scale}:.0%} damage","4","0","0",""
"","","","6","The next attack deals {{atk_scale}:.0%} damage","4","0","0",""
"","","","7","The next attack deals {{atk_scale}:.0%} damage","4","0","0",""
"","","","8","The next attack deals {{atk_scale}:.0%} damage","4","0","0",""
"","","","9","The next attack deals {{atk_scale}:.0%} damage","4","0","0",""
"","","","10","The next attack deals {{atk_scale}:.0%} damage","3","0","0",""
"Jessica","4","Cover Smoke","1","Attack +{{atk}:.0%}, gain {{prob}:.0%} physical and magic evasion","50","10","20","Regen over time"
"","","","2","Attack +{{atk}:.0%}, gain {{prob}:.0%} physical and magic evasion","49","10","20",""
"","","","3","Attack +{{atk}:.0%}, gain {{prob}:.0%} physical and magic evasion","48","10","20",""
"","","","4","Attack +{{atk}:.0%}, gain {{prob}:.0%} physical and magic evasion","47","10","21",""
"","","","5","Attack +{{atk}:.0%}, gain {{prob}:.0%} physical and magic evasion","46","10","21",""
"","","","6","Attack +{{atk}:.0%}, gain {{prob}:.0%} physical and magic evasion","45","10","21",""
"","","","7","Attack +{{atk}:.0%}, gain {{prob}:.0%} physical and magic evasion","44","15","22",""
"","","","8","Attack +{{atk}:.0%}, gain {{prob}:.0%} physical and magic evasion","43","15","23",""
"","","","9","Attack +{{atk}:.0%}, gain {{prob}:.0%} physical and magic evasion","42","15","24",""
"","","","10","Attack +{{atk}:.0%}, gain {{prob}:.0%} physical and magic evasion","40","20","25",""
"Meteor","4","Armor-crushing Shot","1","The next attack deals {{atk_scale}:.0%} physical damage and inflicts {{def}:.0%} Defense to the target for {{duration}:.0f} seconds","5","0","-1","Regen on attack"
"","","","2","The next attack deals {{atk_scale}:.0%} physical damage and inflicts {{def}:.0%} Defense to the target for {{duration}:.0f} seconds","5","0","-1",""
"","","","3","The next attack deals {{atk_scale}:.0%} physical damage and inflicts {{def}:.0%} Defense to the target for {{duration}:.0f} seconds","5","0","-1",""
"","","","4","The next attack deals {{atk_scale}:.0%} physical damage and inflicts {{def}:.0%} Defense to the target for {{duration}:.0f} seconds","5","0","-1",""
"","","","5","The next attack deals {{atk_scale}:.0%} physical damage and inflicts {{def}:.0%} Defense to the target for {{duration}:.0f} seconds","5","0","-1",""
"","","","6","The next attack deals {{atk_scale}:.0%} physical damage and inflicts {{def}:.0%} Defense to the target for {{duration}:.0f} seconds","5","0","-1",""
"","","","7","The next attack deals {{atk_scale}:.0%} physical damage and inflicts {{def}:.0%} Defense to the target for {{duration}:.0f} seconds","4","0","-1",""
"","","","8","The next attack deals {{atk_scale}:.0%} physical damage and inflicts {{def}:.0%} Defense to the target for {{duration}:.0f} seconds","4","0","-1",""
"","","","9","The next attack deals {{atk_scale}:.0%} physical damage and inflicts {{def}:.0%} Defense to the target for {{duration}:.0f} seconds","4","0","-1",""
"","","","10","The next attack deals {{atk_scale}:.0%} physical damage and inflicts {{def}:.0%} Defense to the target for {{duration}:.0f} seconds","4","0","-1",""
"Meteor","4","Armor-crushing Shot·Spread","1","Immediately deal {{atk_scale}:.0%} physical damage to up to 5 enemies within attack range and inflict {{def}:.0%} Defense to the targets for {{duration}:.0f} seconds","20","0","-1","Regen on attack"
"","","","2","Immediately deal {{atk_scale}:.0%} physical damage to up to 5 enemies within attack range and inflict {{def}:.0%} Defense to the targets for {{duration}:.0f} seconds","20","0","-1",""
"","","","3","Immediately deal {{atk_scale}:.0%} physical damage to up to 5 enemies within attack range and inflict {{def}:.0%} Defense to the targets for {{duration}:.0f} seconds","20","0","-1",""
"","","","4","Immediately deal {{atk_scale}:.0%} physical damage to up to 5 enemies within attack range and inflict {{def}:.0%} Defense to the targets for {{duration}:.0f} seconds","19","0","-1",""
"","","","5","Immediately deal {{atk_scale}:.0%} physical damage to up to 5 enemies within attack range and inflict {{def}:.0%} Defense to the targets for {{duration}:.0f} seconds","19","0","-1",""
"","","","6","Immediately deal {{atk_scale}:.0%} physical damage to up to 5 enemies within attack range and inflict {{def}:.0%} Defense to the targets for {{duration}:.0f} seconds","19","0","-1",""
"","","","7","Immediately deal {{atk_scale}:.0%} physical damage to up to 5 enemies within attack range and inflict {{def}:.0%} Defense to the targets for {{duration}:.0f} seconds","18","0","-1",""
"","","","8","Immediately deal {{atk_scale}:.0%} physical damage to up to 5 enemies within attack range and inflict {{def}:.0%} Defense to the targets for {{duration}:.0f} seconds","17","0","-1",""
"","","","9","Immediately deal {{atk_scale}:.0%} physical damage to up to 5 enemies within attack range and inflict {{def}:.0%} Defense to the targets for {{duration}:.0f} seconds","16","0","-1",""
"","","","10","Immediately deal {{atk_scale}:.0%} physical damage to up to 5 enemies within attack range and inflict {{def}:.0%} Defense to the targets for {{duration}:.0f} seconds","15","0","-1",""
"Vermeil","4","Attack Strengthening·Type β","1","Attack +{{atk}:.0%}","40","0","25","Regen over time"
"","","","2","Attack +{{atk}:.0%}","40","0","25",""
"","","","3","Attack +{{atk}:.0%}","40","0","25",""
"","","","4","Attack +{{atk}:.0%}","37","0","25",""
"","","","5","Attack +{{atk}:.0%}","37","0","25",""
"","","","6","Attack +{{atk}:.0%}","37","0","25",""
"","","","7","Attack +{{atk}:.0%}","37","5","25",""
"","","","8","Attack +{{atk}:.0%}","37","5","25",""
"","","","9","Attack +{{atk}:.0%}","37","5","25",""
"","","","10","Attack +{{atk}:.0%}","35","10","25",""
"Vermeil","4","Twinshot","1","Attack +{{atk}:.0%}, attack an additional target","30","0","15","Regen over time"
"","","","2","Attack +{{atk}:.0%}, attack an additional target","29","1","15",""
"","","","3","Attack +{{atk}:.0%}, attack an additional target","28","2","15",""
"","","","4","Attack +{{atk}:.0%}, attack an additional target","27","3","16",""
"","","","5","Attack +{{atk}:.0%}, attack an additional target","26","4","16",""
"","","","6","Attack +{{atk}:.0%}, attack an additional target","25","5","16",""
"","","","7","Attack +{{atk}:.0%}, attack an additional target","24","6","17",""
"","","","8","Attack +{{atk}:.0%}, attack an additional target","23","7","18",""
"","","","9","Attack +{{atk}:.0%}, attack an additional target","22","8","19",""
"","","","10","Attack +{{atk}:.0%}, attack an additional target","20","10","20",""
"May","4","Paralysis Bullet","1","The next attack has {{atk_scale}:.0%} Attack power and slows the target for {sluggish} seconds","5","0","0","Regen on attack"
"","","","2","The next attack has {{atk_scale}:.0%} Attack power and slows the target for {sluggish} seconds","5","0","0",""
"","","","3","The next attack has {{atk_scale}:.0%} Attack power and slows the target for {sluggish} seconds","5","0","0",""
"","","","4","The next attack has {{atk_scale}:.0%} Attack power and slows the target for {sluggish} seconds","4","0","0",""
"","","","5","The next attack has {{atk_scale}:.0%} Attack power and slows the target for {sluggish} seconds","4","0","0",""
"","","","6","The next attack has {{atk_scale}:.0%} Attack power and slows the target for {sluggish} seconds","4","0","0",""
"","","","7","The next attack has {{atk_scale}:.0%} Attack power and slows the target for {sluggish} seconds","4","0","0",""
"","","","8","The next attack has {{atk_scale}:.0%} Attack power and slows the target for {sluggish} seconds","4","0","0",""
"","","","9","The next attack has {{atk_scale}:.0%} Attack power and slows the target for {sluggish} seconds","4","0","0",""
"","","","10","The next attack has {{atk_scale}:.0%} Attack power and slows the target for {sluggish} seconds","3","0","0",""
"May","4","Binding Shock","1","Slightly increase attack interval (+{{base_attack_time}:.0%}), Attack +{{atk}:.0%}, attacks slow the target for {attack@sluggish} seconds and have {{attack@prob}:.0%} chance to stun them for {attack@stun} seconds","30","0","25","Regen over time"
"","","","2","Slightly increase attack interval (+{{base_attack_time}:.0%}), Attack +{{atk}:.0%}, attacks slow the target for {attack@sluggish} seconds and have {{attack@prob}:.0%} chance to stun them for {attack@stun} seconds","29","0","25",""
"","","","3","Slightly increase attack interval (+{{base_attack_time}:.0%}), Attack +{{atk}:.0%}, attacks slow the target for {attack@sluggish} seconds and have {{attack@prob}:.0%} chance to stun them for {attack@stun} seconds","28","0","25",""
"","","","4","Slightly increase attack interval (+{{base_attack_time}:.0%}), Attack +{{atk}:.0%}, attacks slow the target for {attack@sluggish} seconds and have {{attack@prob}:.0%} chance to stun them for {attack@stun} seconds","27","0","26",""
"","","","5","Slightly increase attack interval (+{{base_attack_time}:.0%}), Attack +{{atk}:.0%}, attacks slow the target for {attack@sluggish} seconds and have {{attack@prob}:.0%} chance to stun them for {attack@stun} seconds","26","0","26",""
"","","","6","Slightly increase attack interval (+{{base_attack_time}:.0%}), Attack +{{atk}:.0%}, attacks slow the target for {attack@sluggish} seconds and have {{attack@prob}:.0%} chance to stun them for {attack@stun} seconds","25","0","26",""
"","","","7","Slightly increase attack interval (+{{base_attack_time}:.0%}), Attack +{{atk}:.0%}, attacks slow the target for {attack@sluggish} seconds and have {{attack@prob}:.0%} chance to stun them for {attack@stun} seconds","24","0","27",""
"","","","8","Slightly increase attack interval (+{{base_attack_time}:.0%}), Attack +{{atk}:.0%}, attacks slow the target for {attack@sluggish} seconds and have {{attack@prob}:.0%} chance to stun them for {attack@stun} seconds","23","0","28",""
"","","","9","Slightly increase attack interval (+{{base_attack_time}:.0%}), Attack +{{atk}:.0%}, attacks slow the target for {attack@sluggish} seconds and have {{attack@prob}:.0%} chance to stun them for {attack@stun} seconds","22","0","29",""
"","","","10","Slightly increase attack interval (+{{base_attack_time}:.0%}), Attack +{{atk}:.0%}, attacks slow the target for {attack@sluggish} seconds and have {{attack@prob}:.0%} chance to stun them for {attack@stun} seconds","20","0","30",""
"ShiraYuki","4","Whirlwind","1","Increase attack range by {{ability_range_forward_extend}:.0f} tiles","32","0","25","Regen over time"
"","","","2","Increase attack range by {{ability_range_forward_extend}:.0f} tiles","31","0","25",""
"","","","3","Increase attack range by {{ability_range_forward_extend}:.0f} tiles","30","0","25",""
"","","","4","Increase attack range by {{ability_range_forward_extend}:.0f} tiles","27","5","25",""
"","","","5","Increase attack range by {{ability_range_forward_extend}:.0f} tiles","26","5","25",""
"","","","6","Increase attack range by {{ability_range_forward_extend}:.0f} tiles","25","5","25",""
"","","","7","Increase attack range by {{ability_range_forward_extend}:.0f} tiles","22","10","25",""
"","","","8","Increase attack range by {{ability_range_forward_extend}:.0f} tiles","21","10","25",""
"","","","9","Increase attack range by {{ability_range_forward_extend}:.0f} tiles","20","10","25",""
"","","","10","Increase attack range by {{ability_range_forward_extend}:.0f} tiles","15","10","25",""
"ShiraYuki","4","Condensed Weapon","1","Attack with spinning blades, inflicting {{attack@move_speed}:.0%} movement speed and dealing {{attack@atk_scale}:.0%} magical damage per second for a short duration","35","0","25","Regen over time"
"","","","2","Attack with spinning blades, inflicting {{attack@move_speed}:.0%} movement speed and dealing {{attack@atk_scale}:.0%} magical damage per second for a short duration","34","0","25",""
"","","","3","Attack with spinning blades, inflicting {{attack@move_speed}:.0%} movement speed and dealing {{attack@atk_scale}:.0%} magical damage per second for a short duration","33","0","25",""
"","","","4","Attack with spinning blades, inflicting {{attack@move_speed}:.0%} movement speed and dealing {{attack@atk_scale}:.0%} magical damage per second for a short duration","32","0","25",""
"","","","5","Attack with spinning blades, inflicting {{attack@move_speed}:.0%} movement speed and dealing {{attack@atk_scale}:.0%} magical damage per second for a short duration","31","0","25",""
"","","","6","Attack with spinning blades, inflicting {{attack@move_speed}:.0%} movement speed and dealing {{attack@atk_scale}:.0%} magical damage per second for a short duration","30","0","25",""
"","","","7","Attack with spinning blades, inflicting {{attack@move_speed}:.0%} movement speed and dealing {{attack@atk_scale}:.0%} magical damage per second for a short duration","29","0","25",""
"","","","8","Attack with spinning blades, inflicting {{attack@move_speed}:.0%} movement speed and dealing {{attack@atk_scale}:.0%} magical damage per second for a short duration","28","0","25",""
"","","","9","Attack with spinning blades, inflicting {{attack@move_speed}:.0%} movement speed and dealing {{attack@atk_scale}:.0%} magical damage per second for a short duration","27","0","25",""
"","","","10","Attack with spinning blades, inflicting {{attack@move_speed}:.0%} movement speed and dealing {{attack@atk_scale}:.0%} magical damage per second for a short duration","25","0","25",""
"Ambriel","4","Obstruction Shot","1","Attack range +{{ability_range_forward_extend}:.0f} tiles, attacks slow the target for {attack@sluggish} seconds","35","10","26","Regen over time"
"","","","2","Attack range +{{ability_range_forward_extend}:.0f} tiles, attacks slow the target for {attack@sluggish} seconds","34","10","26",""
"","","","3","Attack range +{{ability_range_forward_extend}:.0f} tiles, attacks slow the target for {attack@sluggish} seconds","33","10","26",""
"","","","4","Attack range +{{ability_range_forward_extend}:.0f} tiles, attacks slow the target for {attack@sluggish} seconds","32","10","28",""
"","","","5","Attack range +{{ability_range_forward_extend}:.0f} tiles, attacks slow the target for {attack@sluggish} seconds","31","10","28",""
"","","","6","Attack range +{{ability_range_forward_extend}:.0f} tiles, attacks slow the target for {attack@sluggish} seconds","30","10","28",""
"","","","7","Attack range +{{ability_range_forward_extend}:.0f} tiles, attacks slow the target for {attack@sluggish} seconds","29","10","30",""
"","","","8","Attack range +{{ability_range_forward_extend}:.0f} tiles, attacks slow the target for {attack@sluggish} seconds","28","10","32",""
"","","","9","Attack range +{{ability_range_forward_extend}:.0f} tiles, attacks slow the target for {attack@sluggish} seconds","27","10","34",""
"","","","10","Attack range +{{ability_range_forward_extend}:.0f} tiles, attacks slow the target for {attack@sluggish} seconds","25","10","36",""
"Ambriel","4","Radar Positioning","1","Attack +{{atk}:.0%}, slightly increase attack interval (+{base_attack_time} seconds). Increase attack range to the entire battlefield, however pre-attack animation is slowed when attacking enemies outside of default attack range","25","10","26","Regen over time"
"","","","2","Attack +{{atk}:.0%}, slightly increase attack interval (+{base_attack_time} seconds). Increase attack range to the entire battlefield, however pre-attack animation is slowed when attacking enemies outside of default attack range","25","10","27",""
"","","","3","Attack +{{atk}:.0%}, slightly increase attack interval (+{base_attack_time} seconds). Increase attack range to the entire battlefield, however pre-attack animation is slowed when attacking enemies outside of default attack range","25","10","28",""
"","","","4","Attack +{{atk}:.0%}, slightly increase attack interval (+{base_attack_time} seconds). Increase attack range to the entire battlefield, however pre-attack animation is slowed when attacking enemies outside of default attack range","25","10","30",""
"","","","5","Attack +{{atk}:.0%}, slightly increase attack interval (+{base_attack_time} seconds). Increase attack range to the entire battlefield, however pre-attack animation is slowed when attacking enemies outside of default attack range","25","10","31",""
"","","","6","Attack +{{atk}:.0%}, slightly increase attack interval (+{base_attack_time} seconds). Increase attack range to the entire battlefield, however pre-attack animation is slowed when attacking enemies outside of default attack range","25","10","32",""
"","","","7","Attack +{{atk}:.0%}, slightly increase attack interval (+{base_attack_time} seconds). Increase attack range to the entire battlefield, however pre-attack animation is slowed when attacking enemies outside of default attack range","25","10","34",""
"","","","8","Attack +{{atk}:.0%}, slightly increase attack interval (+{base_attack_time} seconds). Increase attack range to the entire battlefield, however pre-attack animation is slowed when attacking enemies outside of default attack range","25","10","36",""
"","","","9","Attack +{{atk}:.0%}, slightly increase attack interval (+{base_attack_time} seconds). Increase attack range to the entire battlefield, however pre-attack animation is slowed when attacking enemies outside of default attack range","25","10","38",""
"","","","10","Attack +{{atk}:.0%}, slightly increase attack interval (+{base_attack_time} seconds). Increase attack range to the entire battlefield, however pre-attack animation is slowed when attacking enemies outside of default attack range","25","10","40",""
"Blue Poison","5","Double Shot·Auto","1","The next attack will attack an additional target, dealing {{atk_scale}:.0%} physical damage","4","0","-1","Regen on attack"
"","","","2","The next attack will attack an additional target, dealing {{atk_scale}:.0%} physical damage","4","0","-1",""
"","","","3","The next attack will attack an additional target, dealing {{atk_scale}:.0%} physical damage","4","0","-1",""
"","","","4","The next attack will attack an additional target, dealing {{atk_scale}:.0%} physical damage","3","0","-1",""
"","","","5","The next attack will attack an additional target, dealing {{atk_scale}:.0%} physical damage","3","0","-1",""
"","","","6","The next attack will attack an additional target, dealing {{atk_scale}:.0%} physical damage","3","0","-1",""
"","","","7","The next attack will attack an additional target, dealing {{atk_scale}:.0%} physical damage","3","0","-1",""
"","","","8","The next attack will attack an additional target, dealing {{atk_scale}:.0%} physical damage","3","0","-1",""
"","","","9","The next attack will attack an additional target, dealing {{atk_scale}:.0%} physical damage","3","0","-1",""
"","","","10","The next attack will attack an additional target, dealing {{atk_scale}:.0%} physical damage","2","0","-1",""
"Blue Poison","5","Poison Spread","1","Attack +{{atk}:.0%}, every attack hits an additional 2 enemies","50","10","20","Regen over time"
"","","","2","Attack +{{atk}:.0%}, every attack hits an additional 2 enemies","50","10","21",""
"","","","3","Attack +{{atk}:.0%}, every attack hits an additional 2 enemies","50","10","22",""
"","","","4","Attack +{{atk}:.0%}, every attack hits an additional 2 enemies","50","15","23",""
"","","","5","Attack +{{atk}:.0%}, every attack hits an additional 2 enemies","50","15","24",""
"","","","6","Attack +{{atk}:.0%}, every attack hits an additional 2 enemies","50","15","25",""
"","","","7","Attack +{{atk}:.0%}, every attack hits an additional 2 enemies","50","20","26",""
"","","","8","Attack +{{atk}:.0%}, every attack hits the main target a second time as well as an additional 2 enemies","47","21","27",""
"","","","9","Attack +{{atk}:.0%}, every attack hits the main target a second time as well as an additional 2 enemies","44","22","28",""
"","","","10","Attack +{{atk}:.0%}, every attack hits the main target a second time as well as an additional 2 enemies","40","25","30",""
"Platinum","5","Attack Strengthening·Type γ","1","Attack +{{atk}:.0%}","40","0","30","Regen over time"
"","","","2","Attack +{{atk}:.0%}","40","0","30",""
"","","","3","Attack +{{atk}:.0%}","40","0","30",""
"","","","4","Attack +{{atk}:.0%}","37","5","30",""
"","","","5","Attack +{{atk}:.0%}","37","5","30",""
"","","","6","Attack +{{atk}:.0%}","37","5","30",""
"","","","7","Attack +{{atk}:.0%}","35","10","30",""
"","","","8","Attack +{{atk}:.0%}","34","10","30",""
"","","","9","Attack +{{atk}:.0%}","33","10","30",""
"","","","10","Attack +{{atk}:.0%}","30","15","30",""
"Platinum","5","Pegasus Sight","1","Slightly decrease attack speed ({{attack_speed}:.0f}), however Attack +{{atk}:.0%} and increase attack range. Infinite duration","70","0","0","Regen over time"
"","","","2","Slightly decrease attack speed ({{attack_speed}:.0f}), however Attack +{{atk}:.0%} and increase attack range. Infinite duration","69","0","0",""
"","","","3","Slightly decrease attack speed ({{attack_speed}:.0f}), however Attack +{{atk}:.0%} and increase attack range. Infinite duration","68","0","0",""
"","","","4","Slightly decrease attack speed ({{attack_speed}:.0f}), however Attack +{{atk}:.0%} and increase attack range. Infinite duration","67","0","0",""
"","","","5","Slightly decrease attack speed ({{attack_speed}:.0f}), however Attack +{{atk}:.0%} and increase attack range. Infinite duration","66","0","0",""
"","","","6","Slightly decrease attack speed ({{attack_speed}:.0f}), however Attack +{{atk}:.0%} and increase attack range. Infinite duration","65","0","0",""
"","","","7","Slightly decrease attack speed ({{attack_speed}:.0f}), however Attack +{{atk}:.0%} and increase attack range. Infinite duration","63","0","0",""
"","","","8","Slightly decrease attack speed ({{attack_speed}:.0f}), however Attack +{{atk}:.0%} and increase attack range. Infinite duration","59","0","0",""
"","","","9","Slightly decrease attack speed ({{attack_speed}:.0f}), however Attack +{{atk}:.0%} and increase attack range. Infinite duration","55","0","0",""
"","","","10","Slightly decrease attack speed ({{attack_speed}:.0f}), however Attack +{{atk}:.0%} and increase attack range. Infinite duration","50","0","0",""
"GreyThroat","5","Soaring Feather","1","The next attack hits 2 times, with each hit dealing {{atk_scale}:.0%} physical damage. Can hold {{cnt}:.0f} charges","6","0","0","Regen over time"
"","","","2","The next attack hits 2 times, with each hit dealing {{atk_scale}:.0%} physical damage. Can hold {{cnt}:.0f} charges","6","0","0",""
"","","","3","The next attack hits 2 times, with each hit dealing {{atk_scale}:.0%} physical damage. Can hold {{cnt}:.0f} charges","6","0","0",""
"","","","4","The next attack hits 2 times, with each hit dealing {{atk_scale}:.0%} physical damage. Can hold {{cnt}:.0f} charges","5","0","0",""
"","","","5","The next attack hits 2 times, with each hit dealing {{atk_scale}:.0%} physical damage. Can hold {{cnt}:.0f} charges","5","0","0",""
"","","","6","The next attack hits 2 times, with each hit dealing {{atk_scale}:.0%} physical damage. Can hold {{cnt}:.0f} charges","5","0","0",""
"","","","7","The next attack hits 2 times, with each hit dealing {{atk_scale}:.0%} physical damage. Can hold {{cnt}:.0f} charges","5","0","0",""
"","","","8","The next attack hits 2 times, with each hit dealing {{atk_scale}:.0%} physical damage. Can hold {{cnt}:.0f} charges","5","0","0",""
"","","","9","The next attack hits 2 times, with each hit dealing {{atk_scale}:.0%} physical damage. Can hold {{cnt}:.0f} charges","5","0","0",""
"","","","10","The next attack hits 2 times, with each hit dealing {{atk_scale}:.0%} physical damage. Can hold {{cnt}:.0f} charges","4","0","0",""
"GreyThroat","5","Reflow","1","Attack +{{atk}:.0%}, attacks deal 3 hits","40","10","15","Regen on attack"
"","","","2","Attack +{{atk}:.0%}, attacks deal 3 hits","39","10","15",""
"","","","3","Attack +{{atk}:.0%}, attacks deal 3 hits","38","10","15",""
"","","","4","Attack +{{atk}:.0%}, attacks deal 3 hits","37","11","16",""
"","","","5","Attack +{{atk}:.0%}, attacks deal 3 hits","36","11","16",""
"","","","6","Attack +{{atk}:.0%}, attacks deal 3 hits","35","11","16",""
"","","","7","Attack +{{atk}:.0%}, attacks deal 3 hits","34","12","17",""
"","","","8","Attack +{{atk}:.0%}, attacks deal 3 hits","33","13","18",""
"","","","9","Attack +{{atk}:.0%}, attacks deal 3 hits","32","14","19",""
"","","","10","Attack +{{atk}:.0%}, attacks deal 3 hits","30","15","20",""
"Meteorite","5","Spread Shot","1","Increase the splash area of the next attack, dealing {{atk_scale}:.0%} physical damage","5","0","0","Regen on attack"
"","","","2","Increase the splash area of the next attack, dealing {{atk_scale}:.0%} physical damage","5","0","0",""
"","","","3","Increase the splash area of the next attack, dealing {{atk_scale}:.0%} physical damage","5","0","0",""
"","","","4","Increase the splash area of the next attack, dealing {{atk_scale}:.0%} physical damage","4","0","0",""
"","","","5","Increase the splash area of the next attack, dealing {{atk_scale}:.0%} physical damage","4","0","0",""
"","","","6","Increase the splash area of the next attack, dealing {{atk_scale}:.0%} physical damage","4","0","0",""
"","","","7","Increase the splash area of the next attack, dealing {{atk_scale}:.0%} physical damage","4","0","0",""
"","","","8","Increase the splash area of the next attack, dealing {{atk_scale}:.0%} physical damage","4","0","0",""
"","","","9","Increase the splash area of the next attack, dealing {{atk_scale}:.0%} physical damage","4","0","0",""
"","","","10","Increase the splash area of the next attack, dealing {{atk_scale}:.0%} physical damage","3","0","0",""
"Meteorite","5","High-explosive Round","1","Immediately fire a flame bomb, dealing {{atk_scale}:.0%} physical damage to all enemies within the attack area and inflicting {{def}:.0f} Defense for {{duration}:.0f} seconds","25","0","-1","Regen over time"
"","","","2","Immediately fire a flame bomb, dealing {{atk_scale}:.0%} physical damage to all enemies within the attack area and inflicting {{def}:.0f} Defense for {{duration}:.0f} seconds","25","0","-1",""
"","","","3","Immediately fire a flame bomb, dealing {{atk_scale}:.0%} physical damage to all enemies within the attack area and inflicting {{def}:.0f} Defense for {{duration}:.0f} seconds","25","0","-1",""
"","","","4","Immediately fire a flame bomb, dealing {{atk_scale}:.0%} physical damage to all enemies within the attack area and inflicting {{def}:.0f} Defense for {{duration}:.0f} seconds","24","0","-1",""
"","","","5","Immediately fire a flame bomb, dealing {{atk_scale}:.0%} physical damage to all enemies within the attack area and inflicting {{def}:.0f} Defense for {{duration}:.0f} seconds","24","0","-1",""
"","","","6","Immediately fire a flame bomb, dealing {{atk_scale}:.0%} physical damage to all enemies within the attack area and inflicting {{def}:.0f} Defense for {{duration}:.0f} seconds","24","0","-1",""
"","","","7","Immediately fire a flame bomb, dealing {{atk_scale}:.0%} physical damage to all enemies within the attack area and inflicting {{def}:.0f} Defense for {{duration}:.0f} seconds","23","0","-1",""
"","","","8","Immediately fire a flame bomb, dealing {{atk_scale}:.0%} physical damage to all enemies within the attack area and inflicting {{def}:.0f} Defense for {{duration}:.0f} seconds","22","0","-1",""
"","","","9","Immediately fire a flame bomb, dealing {{atk_scale}:.0%} physical damage to all enemies within the attack area and inflicting {{def}:.0f} Defense for {{duration}:.0f} seconds","21","0","-1",""
"","","","10","Immediately fire a flame bomb, dealing {{atk_scale}:.0%} physical damage to all enemies within the attack area and inflicting {{def}:.0f} Defense for {{duration}:.0f} seconds","20","0","-1",""
"Sesa","5","Attack Strengthening·Type γ","1","Attack +{{atk}:.0%}","40","0","30","Regen over time"
"","","","2","Attack +{{atk}:.0%}","40","0","30",""
"","","","3","Attack +{{atk}:.0%}","40","0","30",""
"","","","4","Attack +{{atk}:.0%}","37","5","30",""
"","","","5","Attack +{{atk}:.0%}","37","5","30",""
"","","","6","Attack +{{atk}:.0%}","37","5","30",""
"","","","7","Attack +{{atk}:.0%}","35","10","30",""
"","","","8","Attack +{{atk}:.0%}","34","10","30",""
"","","","9","Attack +{{atk}:.0%}","33","10","30",""
"","","","10","Attack +{{atk}:.0%}","30","15","30",""
"Sesa","5","Time-Delayed Vibrating Gadgets","1","Attacks change to firing a time-delayed grenade, dealing {{attack@atk_scale}:.0%} physical damage after exploding and inflicting {{attack@attack_speed}:.0f} attack speed to the targets for {{attack@duration}:.0f} seconds","50","10","25","Regen over time"
"","","","2","Attacks change to firing a time-delayed grenade, dealing {{attack@atk_scale}:.0%} physical damage after exploding and inflicting {{attack@attack_speed}:.0f} attack speed to the targets for {{attack@duration}:.0f} seconds","49","10","25",""
"","","","3","Attacks change to firing a time-delayed grenade, dealing {{attack@atk_scale}:.0%} physical damage after exploding and inflicting {{attack@attack_speed}:.0f} attack speed to the targets for {{attack@duration}:.0f} seconds","48","10","25",""
"","","","4","Attacks change to firing a time-delayed grenade, dealing {{attack@atk_scale}:.0%} physical damage after exploding and inflicting {{attack@attack_speed}:.0f} attack speed to the targets for {{attack@duration}:.0f} seconds","47","12","26",""
"","","","5","Attacks change to firing a time-delayed grenade, dealing {{attack@atk_scale}:.0%} physical damage after exploding and inflicting {{attack@attack_speed}:.0f} attack speed to the targets for {{attack@duration}:.0f} seconds","46","12","26",""
"","","","6","Attacks change to firing a time-delayed grenade, dealing {{attack@atk_scale}:.0%} physical damage after exploding and inflicting {{attack@attack_speed}:.0f} attack speed to the targets for {{attack@duration}:.0f} seconds","45","12","26",""
"","","","7","Attacks change to firing a time-delayed grenade, dealing {{attack@atk_scale}:.0%} physical damage after exploding and inflicting {{attack@attack_speed}:.0f} attack speed to the targets for {{attack@duration}:.0f} seconds","44","14","27",""
"","","","8","Attacks change to firing a time-delayed grenade, dealing {{attack@atk_scale}:.0%} physical damage after exploding and inflicting {{attack@attack_speed}:.0f} attack speed to the targets for {{attack@duration}:.0f} seconds","43","16","28",""
"","","","9","Attacks change to firing a time-delayed grenade, dealing {{attack@atk_scale}:.0%} physical damage after exploding and inflicting {{attack@attack_speed}:.0f} attack speed to the targets for {{attack@duration}:.0f} seconds","42","18","29",""
"","","","10","Attacks change to firing a time-delayed grenade, dealing {{attack@atk_scale}:.0%} physical damage after exploding and inflicting {{attack@attack_speed}:.0f} attack speed to the targets for {{attack@duration}:.0f} seconds","40","20","30",""
"Executor","5","Muzzle Choking","1","Attack +{{atk}:.0%}, apply trait effect to all enemies within attack range","45","11","25","Regen over time"
"","","","2","Attack +{{atk}:.0%}, apply trait effect to all enemies within attack range","45","12","26",""
"","","","3","Attack +{{atk}:.0%}, apply trait effect to all enemies within attack range","45","13","27",""
"","","","4","Attack +{{atk}:.0%}, apply trait effect to all enemies within attack range","45","15","28",""
"","","","5","Attack +{{atk}:.0%}, apply trait effect to all enemies within attack range","45","16","29",""
"","","","6","Attack +{{atk}:.0%}, apply trait effect to all enemies within attack range","45","17","30",""
"","","","7","Attack +{{atk}:.0%}, apply trait effect to all enemies within attack range","45","19","31",""
"","","","8","Attack +{{atk}:.0%}, apply trait effect to all enemies within attack range","45","21","32",""
"","","","9","Attack +{{atk}:.0%}, apply trait effect to all enemies within attack range","45","23","33",""
"","","","10","Attack +{{atk}:.0%}, apply trait effect to all enemies within attack range","45","25","35",""
"Executor","5","Final Journey","1","Attacks deal 2 hits, slightly reduce attack interval ({base_attack_time} seconds)","80","21","15","Regen over time"
"","","","2","Attacks deal 2 hits, slightly reduce attack interval ({base_attack_time} seconds)","79","22","15",""
"","","","3","Attacks deal 2 hits, slightly reduce attack interval ({base_attack_time} seconds)","78","23","15",""
"","","","4","Attacks deal 2 hits, reduce attack interval ({base_attack_time} seconds)","77","25","16",""
"","","","5","Attacks deal 2 hits, reduce attack interval ({base_attack_time} seconds)","76","26","16",""
"","","","6","Attacks deal 2 hits, reduce attack interval ({base_attack_time} seconds)","75","27","16",""
"","","","7","Attacks deal 2 hits, reduce attack interval to a certain extent ({base_attack_time} seconds)","74","29","17",""
"","","","8","Attacks deal 2 hits, reduce attack interval to a certain extent ({base_attack_time} seconds)","73","31","18",""
"","","","9","Attacks deal 2 hits, highly reduce attack interval ({base_attack_time} seconds)","72","33","19",""
"","","","10","Attacks deal 2 hits, highly reduce attack interval ({base_attack_time} seconds)","70","35","20",""
"Provence","5","Wolf's Eye","1","Increase damage dealt to the target by +{{atk_scale_up}:.0%} for every {{hp_ratio_drop}:.0%} HP the enemy loses","0","0","0","Passive"
"","","","2","Increase damage dealt to the target by +{{atk_scale_up}:.0%} for every {{hp_ratio_drop}:.0%} HP the enemy loses","0","0","0",""
"","","","3","Increase damage dealt to the target by +{{atk_scale_up}:.0%} for every {{hp_ratio_drop}:.0%} HP the enemy loses","0","0","0",""
"","","","4","Increase damage dealt to the target by +{{atk_scale_up}:.0%} for every {{hp_ratio_drop}:.0%} HP the enemy loses","0","0","0",""
"","","","5","Increase damage dealt to the target by +{{atk_scale_up}:.0%} for every {{hp_ratio_drop}:.0%} HP the enemy loses","0","0","0",""
"","","","6","Increase damage dealt to the target by +{{atk_scale_up}:.0%} for every {{hp_ratio_drop}:.0%} HP the enemy loses","0","0","0",""
"","","","7","Increase damage dealt to the target by +{{atk_scale_up}:.0%} for every {{hp_ratio_drop}:.0%} HP the enemy loses","0","0","0",""
"","","","8","Increase damage dealt to the target by +{{atk_scale_up}:.0%} for every {{hp_ratio_drop}:.0%} HP the enemy loses","0","0","0",""
"","","","9","Increase damage dealt to the target by +{{atk_scale_up}:.0%} for every {{hp_ratio_drop}:.0%} HP the enemy loses","0","0","0",""
"","","","10","Increase damage dealt to the target by +{{atk_scale_up}:.0%} for every {{hp_ratio_drop}:.0%} HP the enemy loses","0","0","0",""
"Provence","5","Slaughter Sense","1","Attack +{{atk}:.0%}, however normal attacks no longer target enemies with higher than 80% HP","30","0","20","Regen over time"
"","","","2","Attack +{{atk}:.0%}, however normal attacks no longer target enemies with higher than 80% HP","30","0","20",""
"","","","3","Attack +{{atk}:.0%}, however normal attacks no longer target enemies with higher than 80% HP","30","0","20",""
"","","","4","Attack +{{atk}:.0%}, however normal attacks no longer target enemies with higher than 80% HP","30","0","25",""
"","","","5","Attack +{{atk}:.0%}, however normal attacks no longer target enemies with higher than 80% HP","30","0","25",""
"","","","6","Attack +{{atk}:.0%}, however normal attacks no longer target enemies with higher than 80% HP","30","0","25",""
"","","","7","Attack +{{atk}:.0%}, however normal attacks no longer target enemies with higher than 80% HP","30","0","30",""
"","","","8","Attack +{{atk}:.0%}, however normal attacks no longer target enemies with higher than 80% HP","30","0","31",""
"","","","9","Attack +{{atk}:.0%}, however normal attacks no longer target enemies with higher than 80% HP","30","0","32",""
"","","","10","Attack +{{atk}:.0%}, however normal attacks no longer target enemies with higher than 80% HP","30","0","35",""
"Firewatch","5","Environmental Camouflage","1","Attack +{{atk}:.0%} and gain hidden status (will not be targeted by ranged enemies) ","30","0","25","Regen over time"
"","","","2","Attack +{{atk}:.0%} and gain hidden status (will not be targeted by ranged enemies) ","30","0","26",""
"","","","3","Attack +{{atk}:.0%} and gain hidden status (will not be targeted by ranged enemies) ","30","0","27",""
"","","","4","Attack +{{atk}:.0%} and gain hidden status (will not be targeted by ranged enemies) ","28","0","30",""
"","","","5","Attack +{{atk}:.0%} and gain hidden status (will not be targeted by ranged enemies) ","28","0","31",""
"","","","6","Attack +{{atk}:.0%} and gain hidden status (will not be targeted by ranged enemies) ","28","0","32",""
"","","","7","Attack +{{atk}:.0%} and gain hidden status (will not be targeted by ranged enemies) ","26","0","35",""
"","","","8","Attack +{{atk}:.0%} and gain hidden status (will not be targeted by ranged enemies) ","24","0","40",""
"","","","9","Attack +{{atk}:.0%} and gain hidden status (will not be targeted by ranged enemies) ","22","0","45",""
"","","","10","Attack +{{atk}:.0%} and gain hidden status (will not be targeted by ranged enemies) ","20","0","50",""
"Firewatch","5","Tactical Radio","1","Immediately drop {{max_cnt}:.0f} bombs randomly within attack range (will prioritize positions with enemies). Each bomb deals {{atk_scale}:.0%} physical damage to all nearby enemies","50","10","0","Regen over time"
"","","","2","Immediately drop {{max_cnt}:.0f} bombs randomly within attack range (will prioritize positions with enemies). Each bomb deals {{atk_scale}:.0%} physical damage to all nearby enemies","50","10","0",""
"","","","3","Immediately drop {{max_cnt}:.0f} bombs randomly within attack range (will prioritize positions with enemies). Each bomb deals {{atk_scale}:.0%} physical damage to all nearby enemies","50","10","0",""
"","","","4","Immediately drop {{max_cnt}:.0f} bombs randomly within attack range (will prioritize positions with enemies). Each bomb deals {{atk_scale}:.0%} physical damage to all nearby enemies","50","15","0",""
"","","","5","Immediately drop {{max_cnt}:.0f} bombs randomly within attack range (will prioritize positions with enemies). Each bomb deals {{atk_scale}:.0%} physical damage to all nearby enemies","50","15","0",""
"","","","6","Immediately drop {{max_cnt}:.0f} bombs randomly within attack range (will prioritize positions with enemies). Each bomb deals {{atk_scale}:.0%} physical damage to all nearby enemies","50","15","0",""
"","","","7","Immediately drop {{max_cnt}:.0f} bombs randomly within attack range (will prioritize positions with enemies). Each bomb deals {{atk_scale}:.0%} physical damage to all nearby enemies","50","20","0",""
"","","","8","Immediately drop {{max_cnt}:.0f} bombs randomly within attack range (will prioritize positions with enemies). Each bomb deals {{atk_scale}:.0%} physical damage to all nearby enemies","50","20","0",""
"","","","9","Immediately drop {{max_cnt}:.0f} bombs randomly within attack range (will prioritize positions with enemies). Each bomb deals {{atk_scale}:.0%} physical damage to all nearby enemies","50","20","0",""
"","","","10","Immediately drop {{max_cnt}:.0f} bombs randomly within attack range (will prioritize positions with enemies). Each bomb deals {{atk_scale}:.0%} physical damage to all nearby enemies","50","30","0",""
"Exusiai","6","Assault Mode","1","The next attack hits {{times}:.0f} times, with each hit dealing {{atk_scale}:.0%} damage","5","0","0","Regen on attack"
"","","","2","The next attack hits {{times}:.0f} times, with each hit dealing {{atk_scale}:.0%} damage","5","0","0",""
"","","","3","The next attack hits {{times}:.0f} times, with each hit dealing {{atk_scale}:.0%} damage","5","0","0",""
"","","","4","The next attack hits {{times}:.0f} times, with each hit dealing {{atk_scale}:.0%} damage","4","0","0",""
"","","","5","The next attack hits {{times}:.0f} times, with each hit dealing {{atk_scale}:.0%} damage","4","0","0",""
"","","","6","The next attack hits {{times}:.0f} times, with each hit dealing {{atk_scale}:.0%} damage","4","0","0",""
"","","","7","The next attack hits {{times}:.0f} times, with each hit dealing {{atk_scale}:.0%} damage","4","0","0",""
"","","","8","The next attack hits {{times}:.0f} times, with each hit dealing {{atk_scale}:.0%} damage","4","0","0",""
"","","","9","The next attack hits {{times}:.0f} times, with each hit dealing {{atk_scale}:.0%} damage","4","0","0",""
"","","","10","The next attack hits {{times}:.0f} times, with each hit dealing {{atk_scale}:.0%} damage","4","0","0",""
"Exusiai","6","Strafing Mode","1","Attacks deal {{attack@times}:.0f} hits, with each hit dealing {{attack@atk_scale}:.0%} damage","45","15","15","Regen over time"
"","","","2","Attacks deal {{attack@times}:.0f} hits, with each hit dealing {{attack@atk_scale}:.0%} damage","44","15","15",""
"","","","3","Attacks deal {{attack@times}:.0f} hits, with each hit dealing {{attack@atk_scale}:.0%} damage","43","15","15",""
"","","","4","Attacks deal {{attack@times}:.0f} hits, with each hit dealing {{attack@atk_scale}:.0%} damage","42","15","15",""
"","","","5","Attacks deal {{attack@times}:.0f} hits, with each hit dealing {{attack@atk_scale}:.0%} damage","41","15","15",""
"","","","6","Attacks deal {{attack@times}:.0f} hits, with each hit dealing {{attack@atk_scale}:.0%} damage","40","15","15",""
"","","","7","Attacks deal {{attack@times}:.0f} hits, with each hit dealing {{attack@atk_scale}:.0%} damage","39","18","15",""
"","","","8","Attacks deal {{attack@times}:.0f} hits, with each hit dealing {{attack@atk_scale}:.0%} damage","38","20","15",""
"","","","9","Attacks deal {{attack@times}:.0f} hits, with each hit dealing {{attack@atk_scale}:.0%} damage","37","22","15",""
"","","","10","Attacks deal {{attack@times}:.0f} hits, with each hit dealing {{attack@atk_scale}:.0%} damage","35","25","15",""
"Exusiai","6","Overload Mode","1","Attacks deal {{attack@times}:.0f} hits. Automatic activation","50","20","15","Regen over time"
"","","","2","Attacks deal {{attack@times}:.0f} hits. Automatic activation","48","20","15",""
"","","","3","Attacks deal {{attack@times}:.0f} hits. Automatic activation","46","20","15",""
"","","","4","Attacks deal {{attack@times}:.0f} hits, slightly reduce attack interval ({base_attack_time} seconds). Automatic activation","44","20","15",""
"","","","5","Attacks deal {{attack@times}:.0f} hits, slightly reduce attack interval ({base_attack_time} seconds). Automatic activation","42","20","15",""
"","","","6","Attacks deal {{attack@times}:.0f} hits, slightly reduce attack interval ({base_attack_time} seconds). Automatic activation","40","20","15",""
"","","","7","Attacks deal {{attack@times}:.0f} hits, reduce attack interval ({base_attack_time} seconds). Automatic activation","38","20","15",""
"","","","8","Attacks deal {{attack@times}:.0f} hits, with each hit dealing {{attack@atk_scale}:.0%} damage. Reduce attack interval ({base_attack_time} seconds). Automatic activation","36","20","15",""
"","","","9","Attacks deal {{attack@times}:.0f} hits, with each hit dealing {{attack@atk_scale}:.0%} damage. Reduce attack interval ({base_attack_time} seconds). Automatic activation","34","20","15",""
"","","","10","Attacks deal {{attack@times}:.0f} hits, with each hit dealing {{attack@atk_scale}:.0%} damage. Reduce attack interval to a certain extent ({base_attack_time} seconds). Automatic activation","30","20","15",""
"Schwarz","6","Augment Crossbow","1","The next attack has {{atk_scale}:.0%} Attack power and talent activation chance increases to {{talent@prob}:.0%}","5","0","0","Regen on attack"
"","","","2","The next attack has {{atk_scale}:.0%} Attack power and talent activation chance increases to {{talent@prob}:.0%}","5","0","0",""
"","","","3","The next attack has {{atk_scale}:.0%} Attack power and talent activation chance increases to {{talent@prob}:.0%}","5","0","0",""
"","","","4","The next attack has {{atk_scale}:.0%} Attack power and talent activation chance increases to {{talent@prob}:.0%}","4","0","0",""
"","","","5","The next attack has {{atk_scale}:.0%} Attack power and talent activation chance increases to {{talent@prob}:.0%}","4","0","0",""
"","","","6","The next attack has {{atk_scale}:.0%} Attack power and talent activation chance increases to {{talent@prob}:.0%}","4","0","0",""
"","","","7","The next attack has {{atk_scale}:.0%} Attack power and talent activation chance increases to {{talent@prob}:.0%}","4","0","0",""
"","","","8","The next attack has {{atk_scale}:.0%} Attack power and talent activation chance increases to {{talent@prob}:.0%}","4","0","0",""
"","","","9","The next attack has {{atk_scale}:.0%} Attack power and talent activation chance increases to {{talent@prob}:.0%}","4","0","0",""
"","","","10","The next attack has {{atk_scale}:.0%} Attack power and talent activation chance increases to {{talent@prob}:.0%}","3","0","0",""
"Schwarz","6","Sharp Twilight Eye","1","Attack +{{atk}:.0%}, talent activation chance increases to {{talent@prob}:.0%}","40","10","30","Regen over time"
"","","","2","Attack +{{atk}:.0%}, talent activation chance increases to {{talent@prob}:.0%}","39","10","31",""
"","","","3","Attack +{{atk}:.0%}, talent activation chance increases to {{talent@prob}:.0%}","38","10","32",""
"","","","4","Attack +{{atk}:.0%}, talent activation chance increases to {{talent@prob}:.0%}","37","13","33",""
"","","","5","Attack +{{atk}:.0%}, talent activation chance increases to {{talent@prob}:.0%}","36","13","34",""
"","","","6","Attack +{{atk}:.0%}, talent activation chance increases to {{talent@prob}:.0%}","35","13","35",""
"","","","7","Attack +{{atk}:.0%}, talent activation chance increases to {{talent@prob}:.0%}","34","16","36",""
"","","","8","Attack +{{atk}:.0%}, talent activation chance increases to {{talent@prob}:.0%}","33","17","37",""
"","","","9","Attack +{{atk}:.0%}, talent activation chance increases to {{talent@prob}:.0%}","32","18","38",""
"","","","10","Attack +{{atk}:.0%}, talent activation chance increases to {{talent@prob}:.0%}","30","20","40",""
"Schwarz","6","Termination of Tactics","1","Attack area changes to 3 tiles ahead of self, slightly increase attack interval (+{base_attack_time} seconds), Attack +{{atk}:.0%}, talent activation chance increases to {{talent@prob}:.0%}","35","5","15","Regen over time"
"","","","2","Attack area changes to 3 tiles ahead of self, slightly increase attack interval (+{base_attack_time} seconds), Attack +{{atk}:.0%}, talent activation chance increases to {{talent@prob}:.0%}","34","5","16",""
"","","","3","Attack area changes to 3 tiles ahead of self, slightly increase attack interval (+{base_attack_time} seconds), Attack +{{atk}:.0%}, talent activation chance increases to {{talent@prob}:.0%}","33","5","17",""
"","","","4","Attack area changes to 3 tiles ahead of self, slightly increase attack interval (+{base_attack_time} seconds), Attack +{{atk}:.0%}, talent activation chance increases to {{talent@prob}:.0%}","32","7","18",""
"","","","5","Attack area changes to 3 tiles ahead of self, slightly increase attack interval (+{base_attack_time} seconds), Attack +{{atk}:.0%}, talent activation chance increases to {{talent@prob}:.0%}","31","7","19",""
"","","","6","Attack area changes to 3 tiles ahead of self, slightly increase attack interval (+{base_attack_time} seconds), Attack +{{atk}:.0%}, talent activation chance increases to {{talent@prob}:.0%}","30","7","20",""
"","","","7","Attack area changes to 3 tiles ahead of self, slightly increase attack interval (+{base_attack_time} seconds), Attack +{{atk}:.0%}, talent activation chance increases to {{talent@prob}:.0%}","29","9","21",""
"","","","8","Attack area changes to 4 tiles ahead of self, slightly increase attack interval (+{base_attack_time} seconds), Attack +{{atk}:.0%}, talent activation chance increases to {{talent@prob}:.0%}","28","10","22",""
"","","","9","Attack area changes to 4 tiles ahead of self, slightly increase attack interval (+{base_attack_time} seconds), Attack +{{atk}:.0%}, talent activation chance increases to {{talent@prob}:.0%}","27","11","23",""
"","","","10","Attack area changes to 4 tiles ahead of self, slightly increase attack interval (+{base_attack_time} seconds), Attack +{{atk}:.0%}, talent activation chance increases to {{talent@prob}:.0%}","25","12","25",""
"W","6","K of Hearts","1","Immediately fire a grenade, dealing {{atk_scale}:.0%} physical damage and stunning the targets for {stun} seconds","25","0","-1","Regen over time"
"","","","2","Immediately fire a grenade, dealing {{atk_scale}:.0%} physical damage and stunning the targets for {stun} seconds","24","0","-1",""
"","","","3","Immediately fire a grenade, dealing {{atk_scale}:.0%} physical damage and stunning the targets for {stun} seconds","23","0","-1",""
"","","","4","Immediately fire a grenade, dealing {{atk_scale}:.0%} physical damage and stunning the targets for {stun} seconds","22","0","-1",""
"","","","5","Immediately fire a grenade, dealing {{atk_scale}:.0%} physical damage and stunning the targets for {stun} seconds","21","0","-1",""
"","","","6","Immediately fire a grenade, dealing {{atk_scale}:.0%} physical damage and stunning the targets for {stun} seconds","20","0","-1",""
"","","","7","Immediately fire a grenade, dealing {{atk_scale}:.0%} physical damage and stunning the targets for {stun} seconds","19","0","-1",""
"","","","8","Immediately fire a grenade, dealing {{atk_scale}:.0%} physical damage and stunning the targets for {stun} seconds","18","0","-1",""
"","","","9","Immediately fire a grenade, dealing {{atk_scale}:.0%} physical damage and stunning the targets for {stun} seconds","17","0","-1",""
"","","","10","Immediately fire a grenade, dealing {{atk_scale}:.0%} physical damage and stunning the targets for {stun} seconds","16","0","-1",""
"W","6","Jack-in-the-box","1","The next attack changes to burying a landmine on an eligible tile within attack range (lasts for 120 seconds). Landmines trigger when an enemy passes over, dealing {{atk_scale}:.0%} physical damage to all nearby enemies and stunning them for {stun} seconds","12","0","0","Regen over time"
"","","","2","The next attack changes to burying a landmine on an eligible tile within attack range (lasts for 120 seconds). Landmines trigger when an enemy passes over, dealing {{atk_scale}:.0%} physical damage to all nearby enemies and stunning them for {stun} seconds","12","0","0",""
"","","","3","The next attack changes to burying a landmine on an eligible tile within attack range (lasts for 120 seconds). Landmines trigger when an enemy passes over, dealing {{atk_scale}:.0%} physical damage to all nearby enemies and stunning them for {stun} seconds","12","0","0",""
"","","","4","The next attack changes to burying a landmine on an eligible tile within attack range (lasts for 120 seconds). Landmines trigger when an enemy passes over, dealing {{atk_scale}:.0%} physical damage to all nearby enemies and stunning them for {stun} seconds","11","0","0",""
"","","","5","The next attack changes to burying a landmine on an eligible tile within attack range (lasts for 120 seconds). Landmines trigger when an enemy passes over, dealing {{atk_scale}:.0%} physical damage to all nearby enemies and stunning them for {stun} seconds","11","0","0",""
"","","","6","The next attack changes to burying a landmine on an eligible tile within attack range (lasts for 120 seconds). Landmines trigger when an enemy passes over, dealing {{atk_scale}:.0%} physical damage to all nearby enemies and stunning them for {stun} seconds","11","0","0",""
"","","","7","The next attack changes to burying a landmine on an eligible tile within attack range (lasts for 120 seconds). Landmines trigger when an enemy passes over, dealing {{atk_scale}:.0%} physical damage to all nearby enemies and stunning them for {stun} seconds","10","0","0",""
"","","","8","The next attack changes to burying a landmine on an eligible tile within attack range (lasts for 120 seconds). Landmines trigger when an enemy passes over, dealing {{atk_scale}:.0%} physical damage to all nearby enemies and stunning them for {stun} seconds","9","0","0",""
"","","","9","The next attack changes to burying a landmine on an eligible tile within attack range (lasts for 120 seconds). Landmines trigger when an enemy passes over, dealing {{atk_scale}:.0%} physical damage to all nearby enemies and stunning them for {stun} seconds","9","0","0",""
"","","","10","The next attack changes to burying a landmine on an eligible tile within attack range (lasts for 120 seconds). Landmines trigger when an enemy passes over, dealing {{atk_scale}:.0%} physical damage to all nearby enemies and stunning them for {stun} seconds","8","0","0",""
"W","6","D12","1","Plant bombs on up to {{max_target}:.0f} targets with the highest HP within attack range. The bombs will explode after a delay, each dealing {{atk_scale}:.0%} physical damage to all nearby enemies and stunning them for {stun} seconds","45","11","0","Regen over time"
"","","","2","Plant bombs on up to {{max_target}:.0f} targets with the highest HP within attack range. The bombs will explode after a delay, each dealing {{atk_scale}:.0%} physical damage to all nearby enemies and stunning them for {stun} seconds","44","12","0",""
"","","","3","Plant bombs on up to {{max_target}:.0f} targets with the highest HP within attack range. The bombs will explode after a delay, each dealing {{atk_scale}:.0%} physical damage to all nearby enemies and stunning them for {stun} seconds","43","13","0",""
"","","","4","Plant bombs on up to {{max_target}:.0f} targets with the highest HP within attack range. The bombs will explode after a delay, each dealing {{atk_scale}:.0%} physical damage to all nearby enemies and stunning them for {stun} seconds","42","14","0",""
"","","","5","Plant bombs on up to {{max_target}:.0f} targets with the highest HP within attack range. The bombs will explode after a delay, each dealing {{atk_scale}:.0%} physical damage to all nearby enemies and stunning them for {stun} seconds","41","15","0",""
"","","","6","Plant bombs on up to {{max_target}:.0f} targets with the highest HP within attack range. The bombs will explode after a delay, each dealing {{atk_scale}:.0%} physical damage to all nearby enemies and stunning them for {stun} seconds","40","16","0",""
"","","","7","Plant bombs on up to {{max_target}:.0f} targets with the highest HP within attack range. The bombs will explode after a delay, each dealing {{atk_scale}:.0%} physical damage to all nearby enemies and stunning them for {stun} seconds","39","17","0",""
"","","","8","Plant bombs on up to {{max_target}:.0f} targets with the highest HP within attack range. The bombs will explode after a delay, each dealing {{atk_scale}:.0%} physical damage to all nearby enemies and stunning them for {stun} seconds","37","18","0",""
"","","","9","Plant bombs on up to {{max_target}:.0f} targets with the highest HP within attack range. The bombs will explode after a delay, each dealing {{atk_scale}:.0%} physical damage to all nearby enemies and stunning them for {stun} seconds","35","19","0",""
"","","","10","Plant bombs on up to {{max_target}:.0f} targets with the highest HP within attack range. The bombs will explode after a delay, each dealing {{atk_scale}:.0%} physical damage to all nearby enemies and stunning them for {stun} seconds","33","20","0",""
"Роса","6","Attack Strengthening·Type γ","1","Attack +{{atk}:.0%}","40","0","30","Regen over time"
"","","","2","Attack +{{atk}:.0%}","40","0","30",""
"","","","3","Attack +{{atk}:.0%}","40","0","30",""
"","","","4","Attack +{{atk}:.0%}","37","5","30",""
"","","","5","Attack +{{atk}:.0%}","37","5","30",""
"","","","6","Attack +{{atk}:.0%}","37","5","30",""
"","","","7","Attack +{{atk}:.0%}","35","10","30",""
"","","","8","Attack +{{atk}:.0%}","34","10","30",""
"","","","9","Attack +{{atk}:.0%}","33","10","30",""
"","","","10","Attack +{{atk}:.0%}","30","15","30",""
"Роса","6","Split Shot","1","Attack +{{atk}:.0%}, attack an additional target","80","39","60","Regen over time"
"","","","2","Attack +{{atk}:.0%}, attack an additional target","80","40","60",""
"","","","3","Attack +{{atk}:.0%}, attack an additional target","80","41","60",""
"","","","4","Attack +{{atk}:.0%}, attack an additional target","80","42","60",""
"","","","5","Attack +{{atk}:.0%}, attack an additional target","80","43","60",""
"","","","6","Attack +{{atk}:.0%}, attack an additional target","80","44","60",""
"","","","7","Attack +{{atk}:.0%}, attack an additional target","80","45","60",""
"","","","8","Attack +{{atk}:.0%}, attack an additional target","75","45","60",""
"","","","9","Attack +{{atk}:.0%}, attack an additional target","70","45","60",""
"","","","10","Attack +{{atk}:.0%}, attack an additional target","65","45","60",""
"Роса","6","Avalanche Strike","1","Attack +{{atk}:.0%}. Immediately fire harpoons at up to {{max_target}:.0f} enemies with the highest weight, binding them and dealing damage every second","40","10","6","Regen over time"
"","","","2","Attack +{{atk}:.0%}. Immediately fire harpoons at up to {{max_target}:.0f} enemies with the highest weight, binding them and dealing damage every second","39","10","6",""
"","","","3","Attack +{{atk}:.0%}. Immediately fire harpoons at up to {{max_target}:.0f} enemies with the highest weight, binding them and dealing damage every second","38","10","6",""
"","","","4","Attack +{{atk}:.0%}. Immediately fire harpoons at up to {{max_target}:.0f} enemies with the highest weight, binding them and dealing damage every second","37","11","6",""
"","","","5","Attack +{{atk}:.0%}. Immediately fire harpoons at up to {{max_target}:.0f} enemies with the highest weight, binding them and dealing damage every second","36","11","6",""
"","","","6","Attack +{{atk}:.0%}. Immediately fire harpoons at up to {{max_target}:.0f} enemies with the highest weight, binding them and dealing damage every second","35","11","6",""
"","","","7","Attack +{{atk}:.0%}. Immediately fire harpoons at up to {{max_target}:.0f} enemies with the highest weight, binding them and dealing damage every second","34","12","7",""
"","","","8","Attack +{{atk}:.0%}. Immediately fire harpoons at up to {{max_target}:.0f} enemies with the highest weight, binding them and dealing damage every second","33","13","7",""
"","","","9","Attack +{{atk}:.0%}. Immediately fire harpoons at up to {{max_target}:.0f} enemies with the highest weight, binding them and dealing damage every second","32","14","7",""
"","","","10","Attack +{{atk}:.0%}. Immediately fire harpoons at up to {{max_target}:.0f} enemies with the highest weight, binding them and dealing damage every second","30","15","8",""
""