"Character","Rarity","Skill Name","Skill Level","Skill Description","SP Cost","Initial SP","Skill Duration","Charging Type"
"Gravel","4","Shadow Raid","1","Defense +{{def}:.0%} after deploying, effect weakens over {{duration}:.0f} seconds","0","0","-1","Passive"
"","","","2","Defense +{{def}:.0%} after deploying, effect weakens over {{duration}:.0f} seconds","0","0","-1",""
"","","","3","Defense +{{def}:.0%} after deploying, effect weakens over {{duration}:.0f} seconds","0","0","-1",""
"","","","4","Defense +{{def}:.0%} after deploying, effect weakens over {{duration}:.0f} seconds","0","0","-1",""
"","","","5","Defense +{{def}:.0%} after deploying, effect weakens over {{duration}:.0f} seconds","0","0","-1",""
"","","","6","Defense +{{def}:.0%} after deploying, effect weakens over {{duration}:.0f} seconds","0","0","-1",""
"","","","7","Defense +{{def}:.0%} after deploying, effect weakens over {{duration}:.0f} seconds","0","0","-1",""
"","","","8","Defense +{{def}:.0%} after deploying, effect weakens over {{duration}:.0f} seconds","0","0","-1",""
"","","","9","Defense +{{def}:.0%} after deploying, effect weakens over {{duration}:.0f} seconds","0","0","-1",""
"","","","10","Defense +{{def}:.0%} after deploying, effect weakens over {{duration}:.0f} seconds","0","0","-1",""
"Gravel","4","Rat Pack","1","Obtain a shield that absorbs damage equal to {{hp_ratio}:.0%} of Max HP after deploying, effect weakens over {{duration}:.0f} seconds","0","0","-1","Passive"
"","","","2","Obtain a shield that absorbs damage equal to {{hp_ratio}:.0%} of Max HP after deploying, effect weakens over {{duration}:.0f} seconds","0","0","-1",""
"","","","3","Obtain a shield that absorbs damage equal to {{hp_ratio}:.0%} of Max HP after deploying, effect weakens over {{duration}:.0f} seconds","0","0","-1",""
"","","","4","Obtain a shield that absorbs damage equal to {{hp_ratio}:.0%} of Max HP after deploying, effect weakens over {{duration}:.0f} seconds","0","0","-1",""
"","","","5","Obtain a shield that absorbs damage equal to {{hp_ratio}:.0%} of Max HP after deploying, effect weakens over {{duration}:.0f} seconds","0","0","-1",""
"","","","6","Obtain a shield that absorbs damage equal to {{hp_ratio}:.0%} of Max HP after deploying, effect weakens over {{duration}:.0f} seconds","0","0","-1",""
"","","","7","Obtain a shield that absorbs damage equal to {{hp_ratio}:.0%} of Max HP after deploying, effect weakens over {{duration}:.0f} seconds","0","0","-1",""
"","","","8","Obtain a shield that absorbs damage equal to {{hp_ratio}:.0%} of Max HP after deploying, effect weakens over {{duration}:.0f} seconds","0","0","-1",""
"","","","9","Obtain a shield that absorbs damage equal to {{hp_ratio}:.0%} of Max HP after deploying, effect weakens over {{duration}:.0f} seconds","0","0","-1",""
"","","","10","Obtain a shield that absorbs damage equal to {{hp_ratio}:.0%} of Max HP after deploying, effect weakens over {{duration}:.0f} seconds","0","0","-1",""
"Rope","4","Hook Shot","1","The next attack will pull the enemy towards self with small force, dealing {{atk_scale}:.0%} physical damage","7","0","0","Regen over time"
"","","","2","The next attack will pull the enemy towards self with small force, dealing {{atk_scale}:.0%} physical damage","7","0","0",""
"","","","3","The next attack will pull the enemy towards self with small force, dealing {{atk_scale}:.0%} physical damage","7","0","0",""
"","","","4","The next attack will pull the enemy towards self with medium force, dealing {{atk_scale}:.0%} physical damage","6","0","0",""
"","","","5","The next attack will pull the enemy towards self with medium force, dealing {{atk_scale}:.0%} physical damage","6","0","0",""
"","","","6","The next attack will pull the enemy towards self with medium force, dealing {{atk_scale}:.0%} physical damage","6","0","0",""
"","","","7","The next attack will pull the enemy towards self with medium force, dealing {{atk_scale}:.0%} physical damage","5","0","0",""
"","","","8","The next attack will pull the enemy towards self with medium force, dealing {{atk_scale}:.0%} physical damage","5","0","0",""
"","","","9","The next attack will pull the enemy towards self with medium force, dealing {{atk_scale}:.0%} physical damage","5","0","0",""
"","","","10","The next attack will pull the enemy towards self with large force, dealing {{atk_scale}:.0%} physical damage","5","0","0",""
"Rope","4","Duplex Hook","1","Pull 2 faraway enemies towards self with small force, dealing {{atk_scale}:.0%} physical damage","25","10","0","Regen over time"
"","","","2","Pull 2 faraway enemies towards self with small force, dealing {{atk_scale}:.0%} physical damage","24","10","0",""
"","","","3","Pull 2 faraway enemies towards self with small force, dealing {{atk_scale}:.0%} physical damage","23","10","0",""
"","","","4","Pull 2 faraway enemies towards self with medium force, dealing {{atk_scale}:.0%} physical damage","22","10","0",""
"","","","5","Pull 2 faraway enemies towards self with medium force, dealing {{atk_scale}:.0%} physical damage","21","10","0",""
"","","","6","Pull 2 faraway enemies towards self with medium force, dealing {{atk_scale}:.0%} physical damage","20","10","0",""
"","","","7","Pull 2 faraway enemies towards self with medium force, dealing {{atk_scale}:.0%} physical damage","19","10","0",""
"","","","8","Pull 2 faraway enemies towards self with medium force, dealing {{atk_scale}:.0%} physical damage","18","10","0",""
"","","","9","Pull 2 faraway enemies towards self with medium force, dealing {{atk_scale}:.0%} physical damage","17","10","0",""
"","","","10","Pull 2 faraway enemies towards self with large force, dealing {{atk_scale}:.0%} physical damage","15","10","0",""
"Ethan","4","Fancy Maneuver","1","Attacks inflict {{attack@poison_damage}:.0f} magic damage per second for {{attack@duration}:.0f} seconds to the target","0","0","0","Passive"
"","","","2","Attacks inflict {{attack@poison_damage}:.0f} magic damage per second for {{attack@duration}:.0f} seconds to the target","0","0","0",""
"","","","3","Attacks inflict {{attack@poison_damage}:.0f} magic damage per second for {{attack@duration}:.0f} seconds to the target","0","0","0",""
"","","","4","Attacks inflict {{attack@poison_damage}:.0f} magic damage per second for {{attack@duration}:.0f} seconds to the target","0","0","0",""
"","","","5","Attacks inflict {{attack@poison_damage}:.0f} magic damage per second for {{attack@duration}:.0f} seconds to the target","0","0","0",""
"","","","6","Attacks inflict {{attack@poison_damage}:.0f} magic damage per second for {{attack@duration}:.0f} seconds to the target","0","0","0",""
"","","","7","Attacks inflict {{attack@poison_damage}:.0f} magic damage per second for {{attack@duration}:.0f} seconds to the target","0","0","0",""
"","","","8","Attacks inflict {{attack@poison_damage}:.0f} magic damage per second for {{attack@duration}:.0f} seconds to the target","0","0","0",""
"","","","9","Attacks inflict {{attack@poison_damage}:.0f} magic damage per second for {{attack@duration}:.0f} seconds to the target","0","0","0",""
"","","","10","Attacks inflict {{attack@poison_damage}:.0f} magic damage per second for {{attack@duration}:.0f} seconds to the target","0","0","0",""
"Ethan","4","Cross Suspension","1","Attack +{{atk}:.0%}, talent activation chance increases to {talent_scale}x","25","0","20","Regen over time"
"","","","2","Attack +{{atk}:.0%}, talent activation chance increases to {talent_scale}x","25","0","20",""
"","","","3","Attack +{{atk}:.0%}, talent activation chance increases to {talent_scale}x","25","0","20",""
"","","","4","Attack +{{atk}:.0%}, talent activation chance increases to {talent_scale}x","25","0","22",""
"","","","5","Attack +{{atk}:.0%}, talent activation chance increases to {talent_scale}x","25","0","22",""
"","","","6","Attack +{{atk}:.0%}, talent activation chance increases to {talent_scale}x","25","0","22",""
"","","","7","Attack +{{atk}:.0%}, talent activation chance increases to {talent_scale}x","25","0","24",""
"","","","8","Attack +{{atk}:.0%}, talent activation chance increases to {talent_scale}x","25","0","26",""
"","","","9","Attack +{{atk}:.0%}, talent activation chance increases to {talent_scale}x","25","0","28",""
"","","","10","Attack +{{atk}:.0%}, talent activation chance increases to {talent_scale}x","25","0","30",""
"Shaw","4","Steam Pump","1","The next attack will push the target away with small force, dealing {{atk_scale}:.0%} physical damage","6","0","0","Regen over time"
"","","","2","The next attack will push the target away with small force, dealing {{atk_scale}:.0%} physical damage","6","0","0",""
"","","","3","The next attack will push the target away with small force, dealing {{atk_scale}:.0%} physical damage","6","0","0",""
"","","","4","The next attack will push the target away with medium force, dealing {{atk_scale}:.0%} physical damage","6","0","0",""
"","","","5","The next attack will push the target away with medium force, dealing {{atk_scale}:.0%} physical damage","6","0","0",""
"","","","6","The next attack will push the target away with medium force, dealing {{atk_scale}:.0%} physical damage","6","0","0",""
"","","","7","The next attack will push the target away with medium force, dealing {{atk_scale}:.0%} physical damage","6","0","0",""
"","","","8","The next attack will push the target away with medium force, dealing {{atk_scale}:.0%} physical damage","5","0","0",""
"","","","9","The next attack will push the target away with medium force, dealing {{atk_scale}:.0%} physical damage","5","0","0",""
"","","","10","The next attack will push the target away with large force, dealing {{atk_scale}:.0%} physical damage","5","0","0",""
"Shaw","4","High-pressure Water Cannon","1","Immediately push away all enemies 2 tiles ahead with small force, dealing {{atk_scale}:.0%} physical damage","20","0","0","Regen over time"
"","","","2","Immediately push away all enemies 2 tiles ahead with small force, dealing {{atk_scale}:.0%} physical damage","20","0","0",""
"","","","3","Immediately push away all enemies 2 tiles ahead with small force, dealing {{atk_scale}:.0%} physical damage","20","0","0",""
"","","","4","Immediately push away all enemies 2 tiles ahead with medium force, dealing {{atk_scale}:.0%} physical damage","20","0","0",""
"","","","5","Immediately push away all enemies 2 tiles ahead with medium force, dealing {{atk_scale}:.0%} physical damage","20","0","0",""
"","","","6","Immediately push away all enemies 2 tiles ahead with medium force, dealing {{atk_scale}:.0%} physical damage","20","0","0",""
"","","","7","Immediately push away all enemies 2 tiles ahead with large force, dealing {{atk_scale}:.0%} physical damage","20","0","0",""
"","","","8","Immediately push away all enemies 2 tiles ahead with large force, dealing {{atk_scale}:.0%} physical damage","19","0","0",""
"","","","9","Immediately push away all enemies 2 tiles ahead with large force, dealing {{atk_scale}:.0%} physical damage","18","0","0",""
"","","","10","Immediately push away all enemies 2 tiles ahead with large force, dealing {{atk_scale}:.0%} physical damage","17","0","0",""
"Projekt Red","5","Execution Mode","1","Attack +{{atk}:.0%} after deploying, additionally gain {{prob}:.0%} physical and magical evasion","0","0","10","Passive"
"","","","2","Attack +{{atk}:.0%} after deploying, additionally gain {{prob}:.0%} physical and magical evasion","0","0","10",""
"","","","3","Attack +{{atk}:.0%} after deploying, additionally gain {{prob}:.0%} physical and magical evasion","0","0","10",""
"","","","4","Attack +{{atk}:.0%} after deploying, additionally gain {{prob}:.0%} physical and magical evasion","0","0","10",""
"","","","5","Attack +{{atk}:.0%} after deploying, additionally gain {{prob}:.0%} physical and magical evasion","0","0","10",""
"","","","6","Attack +{{atk}:.0%} after deploying, additionally gain {{prob}:.0%} physical and magical evasion","0","0","10",""
"","","","7","Attack +{{atk}:.0%} after deploying, additionally gain {{prob}:.0%} physical and magical evasion","0","0","10",""
"","","","8","Attack +{{atk}:.0%} after deploying, additionally gain {{prob}:.0%} physical and magical evasion","0","0","10",""
"","","","9","Attack +{{atk}:.0%} after deploying, additionally gain {{prob}:.0%} physical and magical evasion","0","0","10",""
"","","","10","Attack +{{atk}:.0%} after deploying, additionally gain {{prob}:.0%} physical and magical evasion","0","0","10",""
"Projekt Red","5","Wolf Pack","1","Immediately deal {{atk_scale}:.0%} physical damage to all nearby enemies after deploying and stun them for {stun} seconds","0","0","0","Passive"
"","","","2","Immediately deal {{atk_scale}:.0%} physical damage to all nearby enemies after deploying and stun them for {stun} seconds","0","0","0",""
"","","","3","Immediately deal {{atk_scale}:.0%} physical damage to all nearby enemies after deploying and stun them for {stun} seconds","0","0","0",""
"","","","4","Immediately deal {{atk_scale}:.0%} physical damage to all nearby enemies after deploying and stun them for {stun} seconds","0","0","0",""
"","","","5","Immediately deal {{atk_scale}:.0%} physical damage to all nearby enemies after deploying and stun them for {stun} seconds","0","0","0",""
"","","","6","Immediately deal {{atk_scale}:.0%} physical damage to all nearby enemies after deploying and stun them for {stun} seconds","0","0","0",""
"","","","7","Immediately deal {{atk_scale}:.0%} physical damage to all nearby enemies after deploying and stun them for {stun} seconds","0","0","0",""
"","","","8","Immediately deal {{atk_scale}:.0%} physical damage to all nearby enemies after deploying and stun them for {stun} seconds","0","0","0",""
"","","","9","Immediately deal {{atk_scale}:.0%} physical damage to all nearby enemies after deploying and stun them for {stun} seconds","0","0","0",""
"","","","10","Immediately deal {{atk_scale}:.0%} physical damage to all nearby enemies after deploying and stun them for {stun} seconds","0","0","0",""
"Waai Fu","5","Explosive Strike","1","Attack +{{waaifu_s_1[self].atk}:.0%} after deployment, additionally attacks inflict {{attack@waaifu_s_1[debuff].atk}:.0%} Attack to the target for {{attack@waaifu_s_1[debuff].duration}:.0f} seconds","0","0","10","Passive"
"","","","2","Attack +{{waaifu_s_1[self].atk}:.0%} after deployment, additionally attacks inflict {{attack@waaifu_s_1[debuff].atk}:.0%} Attack to the target for {{attack@waaifu_s_1[debuff].duration}:.0f} seconds","0","0","10",""
"","","","3","Attack +{{waaifu_s_1[self].atk}:.0%} after deployment, additionally attacks inflict {{attack@waaifu_s_1[debuff].atk}:.0%} Attack to the target for {{attack@waaifu_s_1[debuff].duration}:.0f} seconds","0","0","10",""
"","","","4","Attack +{{waaifu_s_1[self].atk}:.0%} after deployment, additionally attacks inflict {{attack@waaifu_s_1[debuff].atk}:.0%} Attack to the target for {{attack@waaifu_s_1[debuff].duration}:.0f} seconds","0","0","10",""
"","","","5","Attack +{{waaifu_s_1[self].atk}:.0%} after deployment, additionally attacks inflict {{attack@waaifu_s_1[debuff].atk}:.0%} Attack to the target for {{attack@waaifu_s_1[debuff].duration}:.0f} seconds","0","0","10",""
"","","","6","Attack +{{waaifu_s_1[self].atk}:.0%} after deployment, additionally attacks inflict {{attack@waaifu_s_1[debuff].atk}:.0%} Attack to the target for {{attack@waaifu_s_1[debuff].duration}:.0f} seconds","0","0","10",""
"","","","7","Attack +{{waaifu_s_1[self].atk}:.0%} after deployment, additionally attacks inflict {{attack@waaifu_s_1[debuff].atk}:.0%} Attack to the target for {{attack@waaifu_s_1[debuff].duration}:.0f} seconds","0","0","10",""
"","","","8","Attack +{{waaifu_s_1[self].atk}:.0%} after deployment, additionally attacks inflict {{attack@waaifu_s_1[debuff].atk}:.0%} Attack to the target for {{attack@waaifu_s_1[debuff].duration}:.0f} seconds","0","0","10",""
"","","","9","Attack +{{waaifu_s_1[self].atk}:.0%} after deployment, additionally attacks inflict {{attack@waaifu_s_1[debuff].atk}:.0%} Attack to the target for {{attack@waaifu_s_1[debuff].duration}:.0f} seconds","0","0","10",""
"","","","10","Attack +{{waaifu_s_1[self].atk}:.0%} after deployment, additionally attacks inflict {{attack@waaifu_s_1[debuff].atk}:.0%} Attack to the target for {{attack@waaifu_s_1[debuff].duration}:.0f} seconds","0","0","10",""
"Waai Fu","5","Disruption Kick","1","Immediately deal {{atk_scale}:.0%} physical damage to all nearby enemies after deploying and seal their special abilities for {{silence}:.0f} seconds","0","0","0","Passive"
"","","","2","Immediately deal {{atk_scale}:.0%} physical damage to all nearby enemies after deploying and seal their special abilities for {{silence}:.0f} seconds","0","0","0",""
"","","","3","Immediately deal {{atk_scale}:.0%} physical damage to all nearby enemies after deploying and seal their special abilities for {{silence}:.0f} seconds","0","0","0",""
"","","","4","Immediately deal {{atk_scale}:.0%} physical damage to all nearby enemies after deploying and seal their special abilities for {{silence}:.0f} seconds","0","0","0",""
"","","","5","Immediately deal {{atk_scale}:.0%} physical damage to all nearby enemies after deploying and seal their special abilities for {{silence}:.0f} seconds","0","0","0",""
"","","","6","Immediately deal {{atk_scale}:.0%} physical damage to all nearby enemies after deploying and seal their special abilities for {{silence}:.0f} seconds","0","0","0",""
"","","","7","Immediately deal {{atk_scale}:.0%} physical damage to all nearby enemies after deploying and seal their special abilities for {{silence}:.0f} seconds","0","0","0",""
"","","","8","Immediately deal {{atk_scale}:.0%} physical damage to all nearby enemies after deploying and seal their special abilities for {{silence}:.0f} seconds","0","0","0",""
"","","","9","Immediately deal {{atk_scale}:.0%} physical damage to all nearby enemies after deploying and seal their special abilities for {{silence}:.0f} seconds","0","0","0",""
"","","","10","Immediately deal {{atk_scale}:.0%} physical damage to all nearby enemies after deploying and seal their special abilities for {{silence}:.0f} seconds","0","0","0",""
"Cliffheart","5","Chain Hook","1","The next attack will pull the enemy towards self with small force, dealing {{atk_scale}:.0%} magical damage","7","0","0","Regen over time"
"","","","2","The next attack will pull the enemy towards self with small force, dealing {{atk_scale}:.0%} magical damage","7","0","0",""
"","","","3","The next attack will pull the enemy towards self with small force, dealing {{atk_scale}:.0%} magical damage","7","0","0",""
"","","","4","The next attack will pull the enemy towards self with medium force, dealing {{atk_scale}:.0%} magical damage","6","0","0",""
"","","","5","The next attack will pull the enemy towards self with medium force, dealing {{atk_scale}:.0%} magical damage","6","0","0",""
"","","","6","The next attack will pull the enemy towards self with medium force, dealing {{atk_scale}:.0%} magical damage","6","0","0",""
"","","","7","The next attack will pull the enemy towards self with medium force, dealing {{atk_scale}:.0%} magical damage","5","0","0",""
"","","","8","The next attack will pull the enemy towards self with medium force, dealing {{atk_scale}:.0%} magical damage","5","0","0",""
"","","","9","The next attack will pull the enemy towards self with medium force, dealing {{atk_scale}:.0%} magical damage","5","0","0",""
"","","","10","The next attack will pull the enemy towards self with large force, dealing {{atk_scale}:.0%} magical damage","4","0","0",""
"Cliffheart","5","Binding Chain","1","Immediately pull up to {{max_target}:.0f} enemies from a large area ahead towards self with small force, dealing {{atk_scale}:.0%} true damage and stunning them for {stun} seconds","25","10","0","Regen over time"
"","","","2","Immediately pull up to {{max_target}:.0f} enemies from a large area ahead towards self with small force, dealing {{atk_scale}:.0%} true damage and stunning them for {stun} seconds","24","10","0",""
"","","","3","Immediately pull up to {{max_target}:.0f} enemies from a large area ahead towards self with small force, dealing {{atk_scale}:.0%} true damage and stunning them for {stun} seconds","23","10","0",""
"","","","4","Immediately pull up to {{max_target}:.0f} enemies from a large area ahead towards self with medium force, dealing {{atk_scale}:.0%} true damage and stunning them for {stun} seconds","22","10","0",""
"","","","5","Immediately pull up to {{max_target}:.0f} enemies from a large area ahead towards self with medium force, dealing {{atk_scale}:.0%} true damage and stunning them for {stun} seconds","21","10","0",""
"","","","6","Immediately pull up to {{max_target}:.0f} enemies from a large area ahead towards self with medium force, dealing {{atk_scale}:.0%} true damage and stunning them for {stun} seconds","20","10","0",""
"","","","7","Immediately pull up to {{max_target}:.0f} enemies from a large area ahead towards self with medium force, dealing {{atk_scale}:.0%} true damage and stunning them for {stun} seconds","19","10","0",""
"","","","8","Immediately pull up to {{max_target}:.0f} enemies from a large area ahead towards self with medium force, dealing {{atk_scale}:.0%} true damage and stunning them for {stun} seconds","18","10","0",""
"","","","9","Immediately pull up to {{max_target}:.0f} enemies from a large area ahead towards self with medium force, dealing {{atk_scale}:.0%} true damage and stunning them for {stun} seconds","17","10","0",""
"","","","10","Immediately pull up to {{max_target}:.0f} enemies from a large area ahead towards self with large force, dealing {{atk_scale}:.0%} true damage and stunning them for {stun} seconds","15","10","0",""
"Snowsant","5","Barbed Hook","1","The next attack will pull the enemy towards self with small force, dealing {{atk_scale}:.0%} physical damage and slowing them for {sluggish} seconds.","7","0","0","Regen over time"
"","","","2","The next attack will pull the enemy towards self with small force, dealing {{atk_scale}:.0%} physical damage and slowing them for {sluggish} seconds.","7","0","0",""
"","","","3","The next attack will pull the enemy towards self with small force, dealing {{atk_scale}:.0%} physical damage and slowing them for {sluggish} seconds.","7","0","0",""
"","","","4","The next attack will pull the enemy towards self with medium force, dealing {{atk_scale}:.0%} physical damage and slowing them for {sluggish} seconds.","6","0","0",""
"","","","5","The next attack will pull the enemy towards self with medium force, dealing {{atk_scale}:.0%} physical damage and slowing them for {sluggish} seconds.","6","0","0",""
"","","","6","The next attack will pull the enemy towards self with medium force, dealing {{atk_scale}:.0%} physical damage and slowing them for {sluggish} seconds.","6","0","0",""
"","","","7","The next attack will pull the enemy towards self with medium force, dealing {{atk_scale}:.0%} physical damage and slowing them for {sluggish} seconds.","5","0","0",""
"","","","8","The next attack will pull the enemy towards self with medium force, dealing {{atk_scale}:.0%} physical damage and slowing them for {sluggish} seconds.","5","0","0",""
"","","","9","The next attack will pull the enemy towards self with medium force, dealing {{atk_scale}:.0%} physical damage and slowing them for {sluggish} seconds.","5","0","0",""
"","","","10","The next attack will pull the enemy towards self with large force, dealing {{atk_scale}:.0%} physical damage and slowing them for {sluggish} seconds.","5","0","0",""
"Snowsant","5","Retractable Electric Net","1","Fire a net forwards, pulling all enemies nearby the targeted location towards self with small force, dealing {{atk_scale}:.0%} magical damage and slowing them for {sluggish} seconds","27","10","0","Regen over time"
"","","","2","Fire a net forwards, pulling all enemies nearby the targeted location towards self with small force, dealing {{atk_scale}:.0%} magical damage and slowing them for {sluggish} seconds","26","10","0",""
"","","","3","Fire a net forwards, pulling all enemies nearby the targeted location towards self with small force, dealing {{atk_scale}:.0%} magical damage and slowing them for {sluggish} seconds","25","10","0",""
"","","","4","Fire a net forwards, pulling all enemies nearby the targeted location towards self with medium force, dealing {{atk_scale}:.0%} magical damage and slowing them for {sluggish} seconds","24","10","0",""
"","","","5","Fire a net forwards, pulling all enemies nearby the targeted location towards self with medium force, dealing {{atk_scale}:.0%} magical damage and slowing them for {sluggish} seconds","23","10","0",""
"","","","6","Fire a net forwards, pulling all enemies nearby the targeted location towards self with medium force, dealing {{atk_scale}:.0%} magical damage and slowing them for {sluggish} seconds","22","10","0",""
"","","","7","Fire a net forwards, pulling all enemies nearby the targeted location towards self with medium force, dealing {{atk_scale}:.0%} magical damage and slowing them for {sluggish} seconds","21","10","0",""
"","","","8","Fire a net forwards, pulling all enemies nearby the targeted location towards self with medium force, dealing {{atk_scale}:.0%} magical damage and slowing them for {sluggish} seconds","20","10","0",""
"","","","9","Fire a net forwards, pulling all enemies nearby the targeted location towards self with medium force, dealing {{atk_scale}:.0%} magical damage and slowing them for {sluggish} seconds","19","10","0",""
"","","","10","Fire a net forwards, pulling all enemies nearby the targeted location towards self with large force, dealing {{atk_scale}:.0%} magical damage and slowing them for {sluggish} seconds","17","10","0",""
"Manticore","5","Scorpion Venom","1","Every attack inflicts {{move_speed}:.0%} movement speed to the target for {duration} seconds","0","0","-1","Passive"
"","","","2","Every attack inflicts {{move_speed}:.0%} movement speed to the target for {duration} seconds","0","0","-1",""
"","","","3","Every attack inflicts {{move_speed}:.0%} movement speed to the target for {duration} seconds","0","0","-1",""
"","","","4","Every attack inflicts {{move_speed}:.0%} movement speed to the target for {duration} seconds","0","0","-1",""
"","","","5","Every attack inflicts {{move_speed}:.0%} movement speed to the target for {duration} seconds","0","0","-1",""
"","","","6","Every attack inflicts {{move_speed}:.0%} movement speed to the target for {duration} seconds","0","0","-1",""
"","","","7","Every attack inflicts {{move_speed}:.0%} movement speed to the target for {duration} seconds","0","0","-1",""
"","","","8","Every attack inflicts {{move_speed}:.0%} movement speed to the target for {duration} seconds","0","0","-1",""
"","","","9","Every attack inflicts {{move_speed}:.0%} movement speed to the target for {duration} seconds","0","0","-1",""
"","","","10","Every attack inflicts {{move_speed}:.0%} movement speed to the target for {duration} seconds","0","0","-1",""
"Manticore","5","Charging Poison Strike","1","Slows pre-attack animation, increase attack interval (+{base_attack_time} seconds), Attack +{{atk}:.0%}. Attacked targets are stunned for {attack@stun} seconds","20","0","31","Regen over time"
"","","","2","Slows pre-attack animation, increase attack interval (+{base_attack_time} seconds), Attack +{{atk}:.0%}. Attacked targets are stunned for {attack@stun} seconds","20","0","32",""
"","","","3","Slows pre-attack animation, increase attack interval (+{base_attack_time} seconds), Attack +{{atk}:.0%}. Attacked targets are stunned for {attack@stun} seconds","20","0","33",""
"","","","4","Slows pre-attack animation, increase attack interval (+{base_attack_time} seconds), Attack +{{atk}:.0%}. Attacked targets are stunned for {attack@stun} seconds","20","0","34",""
"","","","5","Slows pre-attack animation, increase attack interval (+{base_attack_time} seconds), Attack +{{atk}:.0%}. Attacked targets are stunned for {attack@stun} seconds","20","0","35",""
"","","","6","Slows pre-attack animation, increase attack interval (+{base_attack_time} seconds), Attack +{{atk}:.0%}. Attacked targets are stunned for {attack@stun} seconds","20","0","36",""
"","","","7","Slows pre-attack animation, increase attack interval (+{base_attack_time} seconds), Attack +{{atk}:.0%}. Attacked targets are stunned for {attack@stun} seconds","20","5","37",""
"","","","8","Slows pre-attack animation, increase attack interval (+{base_attack_time} seconds), Attack +{{atk}:.0%}. Attacked targets are stunned for {attack@stun} seconds","20","6","38",""
"","","","9","Slows pre-attack animation, increase attack interval (+{base_attack_time} seconds), Attack +{{atk}:.0%}. Attacked targets are stunned for {attack@stun} seconds","20","8","39",""
"","","","10","Slows pre-attack animation, increase attack interval (+{base_attack_time} seconds), Attack +{{atk}:.0%}. Attacked targets are stunned for {attack@stun} seconds","20","10","40",""
"FEater","5","Metallic Union","1","The next attack will push the target away with small force, inflicting {{move_speed}:.0%} movement speed for {{duration}:.0f} seconds","6","0","-1","Regen over time"
"","","","2","The next attack will push the target away with small force, inflicting {{move_speed}:.0%} movement speed for {{duration}:.0f} seconds","6","0","-1",""
"","","","3","The next attack will push the target away with small force, inflicting {{move_speed}:.0%} movement speed for {{duration}:.0f} seconds","6","0","-1",""
"","","","4","The next attack will push the target away with medium force, inflicting {{move_speed}:.0%} movement speed for {{duration}:.0f} seconds","6","0","-1",""
"","","","5","The next attack will push the target away with medium force, inflicting {{move_speed}:.0%} movement speed for {{duration}:.0f} seconds","6","0","-1",""
"","","","6","The next attack will push the target away with medium force, inflicting {{move_speed}:.0%} movement speed for {{duration}:.0f} seconds","6","0","-1",""
"","","","7","The next attack will push the target away with medium force, inflicting {{move_speed}:.0%} movement speed for {{duration}:.0f} seconds","6","0","-1",""
"","","","8","The next attack will push the target away with medium force, inflicting {{move_speed}:.0%} movement speed for {{duration}:.0f} seconds","5","0","-1",""
"","","","9","The next attack will push the target away with medium force, inflicting {{move_speed}:.0%} movement speed for {{duration}:.0f} seconds","5","0","-1",""
"","","","10","The next attack will push the target away with large force, inflicting {{move_speed}:.0%} movement speed for {{duration}:.0f} seconds","5","0","-1",""
"FEater","5","Collapsing Strike","1","Immediately rush forward and target the closest enemy in a straight line ahead, pushing back all enemies around the target with medium force and dealing {{atk_scale}:.0%} physical damage. Additionally, inflict {{move_speed}:.0%} movement speed to all targets for {{duration}:.0f} seconds","20","0","-1","Regen over time"
"","","","2","Immediately rush forward and target the closest enemy in a straight line ahead, pushing back all enemies around the target with medium force and dealing {{atk_scale}:.0%} physical damage. Additionally, inflict {{move_speed}:.0%} movement speed to all targets for {{duration}:.0f} seconds","20","0","-1",""
"","","","3","Immediately rush forward and target the closest enemy in a straight line ahead, pushing back all enemies around the target with medium force and dealing {{atk_scale}:.0%} physical damage. Additionally, inflict {{move_speed}:.0%} movement speed to all targets for {{duration}:.0f} seconds","20","0","-1",""
"","","","4","Immediately rush forward and target the closest enemy in a straight line ahead, pushing back all enemies around the target with medium force and dealing {{atk_scale}:.0%} physical damage. Additionally, inflict {{move_speed}:.0%} movement speed to all targets for {{duration}:.0f} seconds","19","0","-1",""
"","","","5","Immediately rush forward and target the closest enemy in a straight line ahead, pushing back all enemies around the target with medium force and dealing {{atk_scale}:.0%} physical damage. Additionally, inflict {{move_speed}:.0%} movement speed to all targets for {{duration}:.0f} seconds","19","0","-1",""
"","","","6","Immediately rush forward and target the closest enemy in a straight line ahead, pushing back all enemies around the target with medium force and dealing {{atk_scale}:.0%} physical damage. Additionally, inflict {{move_speed}:.0%} movement speed to all targets for {{duration}:.0f} seconds","19","0","-1",""
"","","","7","Immediately rush forward and target the closest enemy in a straight line ahead, pushing back all enemies around the target with large force and dealing {{atk_scale}:.0%} physical damage. Additionally, inflict {{move_speed}:.0%} movement speed to all targets for {{duration}:.0f} seconds","18","0","-1",""
"","","","8","Immediately rush forward and target the closest enemy in a straight line ahead, pushing back all enemies around the target with large force and dealing {{atk_scale}:.0%} physical damage. Additionally, inflict {{move_speed}:.0%} movement speed to all targets for {{duration}:.0f} seconds","17","0","-1",""
"","","","9","Immediately rush forward and target the closest enemy in a straight line ahead, pushing back all enemies around the target with large force and dealing {{atk_scale}:.0%} physical damage. Additionally, inflict {{move_speed}:.0%} movement speed to all targets for {{duration}:.0f} seconds","16","0","-1",""
"","","","10","Immediately rush forward and target the closest enemy in a straight line ahead, pushing back all enemies around the target with huge force and dealing {{atk_scale}:.0%} physical damage. Additionally, inflict {{move_speed}:.0%} movement speed to all targets for {{duration}:.0f} seconds","15","0","-1",""
"Phantom","6","Phantom of the Night","1","After deployment, gain {{prob}:.0%} physical evasion and obtain a shield that absorbs physical damage equal to {{hp_ratio}:.0%} of Max HP for {{duration}:.0f} seconds","0","0","-1","Passive"
"","","","2","After deployment, gain {{prob}:.0%} physical evasion and obtain a shield that absorbs physical damage equal to {{hp_ratio}:.0%} of Max HP for {{duration}:.0f} seconds","0","0","-1",""
"","","","3","After deployment, gain {{prob}:.0%} physical evasion and obtain a shield that absorbs physical damage equal to {{hp_ratio}:.0%} of Max HP for {{duration}:.0f} seconds","0","0","-1",""
"","","","4","After deployment, gain {{prob}:.0%} physical evasion and obtain a shield that absorbs physical damage equal to {{hp_ratio}:.0%} of Max HP for {{duration}:.0f} seconds","0","0","-1",""
"","","","5","After deployment, gain {{prob}:.0%} physical evasion and obtain a shield that absorbs physical damage equal to {{hp_ratio}:.0%} of Max HP for {{duration}:.0f} seconds","0","0","-1",""
"","","","6","After deployment, gain {{prob}:.0%} physical evasion and obtain a shield that absorbs physical damage equal to {{hp_ratio}:.0%} of Max HP for {{duration}:.0f} seconds","0","0","-1",""
"","","","7","After deployment, gain {{prob}:.0%} physical evasion and obtain a shield that absorbs physical damage equal to {{hp_ratio}:.0%} of Max HP for {{duration}:.0f} seconds","0","0","-1",""
"","","","8","After deployment, gain {{prob}:.0%} physical evasion and obtain a shield that absorbs physical damage equal to {{hp_ratio}:.0%} of Max HP for {{duration}:.0f} seconds","0","0","-1",""
"","","","9","After deployment, gain {{prob}:.0%} physical evasion and obtain a shield that absorbs physical damage equal to {{hp_ratio}:.0%} of Max HP for {{duration}:.0f} seconds","0","0","-1",""
"","","","10","After deployment, gain {{prob}:.0%} physical evasion and obtain a shield that absorbs physical damage equal to {{hp_ratio}:.0%} of Max HP for {{duration}:.0f} seconds","0","0","-1",""
"Phantom","6","Bloodstained Movement","1","After deployment, gain {{times}:.0f} layers of stackable Attack buffs, each granting +{{atk}:.0%} Attack (every attack consumes 1 layer)","0","0","-1","Passive"
"","","","2","After deployment, gain {{times}:.0f} layers of stackable Attack buffs, each granting +{{atk}:.0%} Attack (every attack consumes 1 layer)","0","0","-1",""
"","","","3","After deployment, gain {{times}:.0f} layers of stackable Attack buffs, each granting +{{atk}:.0%} Attack (every attack consumes 1 layer)","0","0","-1",""
"","","","4","After deployment, gain {{times}:.0f} layers of stackable Attack buffs, each granting +{{atk}:.0%} Attack (every attack consumes 1 layer)","0","0","-1",""
"","","","5","After deployment, gain {{times}:.0f} layers of stackable Attack buffs, each granting +{{atk}:.0%} Attack (every attack consumes 1 layer)","0","0","-1",""
"","","","6","After deployment, gain {{times}:.0f} layers of stackable Attack buffs, each granting +{{atk}:.0%} Attack (every attack consumes 1 layer)","0","0","-1",""
"","","","7","After deployment, gain {{times}:.0f} layers of stackable Attack buffs, each granting +{{atk}:.0%} Attack (every attack consumes 1 layer)","0","0","-1",""
"","","","8","After deployment, gain {{times}:.0f} layers of stackable Attack buffs, each granting +{{atk}:.0%} Attack (every attack consumes 1 layer)","0","0","-1",""
"","","","9","After deployment, gain {{times}:.0f} layers of stackable Attack buffs, each granting +{{atk}:.0%} Attack (every attack consumes 1 layer)","0","0","-1",""
"","","","10","After deployment, gain {{times}:.0f} layers of stackable Attack buffs, each granting +{{atk}:.0%} Attack (every attack consumes 1 layer)","0","0","-1",""
"Phantom","6","Night Raid","1","After deployment, immediately deal {{atk_scale}:.0%} physical damage to all nearby enemies and push them away with small force. Additionally, randomly apply one of the following status effects (slow, bind, stun) for {sluggish} seconds","0","0","-1","Passive"
"","","","2","After deployment, immediately deal {{atk_scale}:.0%} physical damage to all nearby enemies and push them away with small force. Additionally, randomly apply one of the following status effects (slow, bind, stun) for {sluggish} seconds","0","0","-1",""
"","","","3","After deployment, immediately deal {{atk_scale}:.0%} physical damage to all nearby enemies and push them away with small force. Additionally, randomly apply one of the following status effects (slow, bind, stun) for {sluggish} seconds","0","0","-1",""
"","","","4","After deployment, immediately deal {{atk_scale}:.0%} physical damage to all nearby enemies and push them away with small force. Additionally, randomly apply one of the following status effects (slow, bind, stun) for {sluggish} seconds","0","0","-1",""
"","","","5","After deployment, immediately deal {{atk_scale}:.0%} physical damage to all nearby enemies and push them away with small force. Additionally, randomly apply one of the following status effects (slow, bind, stun) for {sluggish} seconds","0","0","-1",""
"","","","6","After deployment, immediately deal {{atk_scale}:.0%} physical damage to all nearby enemies and push them away with small force. Additionally, randomly apply one of the following status effects (slow, bind, stun) for {sluggish} seconds","0","0","-1",""
"","","","7","After deployment, immediately deal {{atk_scale}:.0%} physical damage to all nearby enemies and push them away with small force. Additionally, randomly apply one of the following status effects (slow, bind, stun) for {sluggish} seconds","0","0","-1",""
"","","","8","After deployment, immediately deal {{atk_scale}:.0%} physical damage to all nearby enemies and push them away with small force. Additionally, randomly apply one of the following status effects (slow, bind, stun) for {sluggish} seconds","0","0","-1",""
"","","","9","After deployment, immediately deal {{atk_scale}:.0%} physical damage to all nearby enemies and push them away with small force. Additionally, randomly apply one of the following status effects (slow, bind, stun) for {sluggish} seconds","0","0","-1",""
"","","","10","After deployment, immediately deal {{atk_scale}:.0%} physical damage to all nearby enemies and push them away with small force. Additionally, randomly apply one of the following status effects (slow, bind, stun) for {sluggish} seconds","0","0","-1",""
"Weedy","6","Cannon Strike","1","The next attack will push the target away with small force, dealing {{atk_scale}:.0%} physical damage and stunning them for {stun} seconds","6","0","0","Regen over time"
"","","","2","The next attack will push the target away with small force, dealing {{atk_scale}:.0%} physical damage and stunning them for {stun} seconds","6","0","0",""
"","","","3","The next attack will push the target away with small force, dealing {{atk_scale}:.0%} physical damage and stunning them for {stun} seconds","6","0","0",""
"","","","4","The next attack will push the target away with medium force, dealing {{atk_scale}:.0%} physical damage and stunning them for {stun} seconds","6","0","0",""
"","","","5","The next attack will push the target away with medium force, dealing {{atk_scale}:.0%} physical damage and stunning them for {stun} seconds","6","0","0",""
"","","","6","The next attack will push the target away with medium force, dealing {{atk_scale}:.0%} physical damage and stunning them for {stun} seconds","6","0","0",""
"","","","7","The next attack will push the target away with medium force, dealing {{atk_scale}:.0%} physical damage and stunning them for {stun} seconds","6","0","0",""
"","","","8","The next attack will push the target away with medium force, dealing {{atk_scale}:.0%} physical damage and stunning them for {stun} seconds","5","0","0",""
"","","","9","The next attack will push the target away with medium force, dealing {{atk_scale}:.0%} physical damage and stunning them for {stun} seconds","5","0","0",""
"","","","10","The next attack will push the target away with large force, dealing {{atk_scale}:.0%} physical damage and stunning them for {stun} seconds","5","0","0",""
"Weedy","6","Water Cannon Mode","1","Increase attack interval (+{{base_attack_time}:.0%}), Attack +{{atk}:.0%}, attack range +{{ability_range_forward_extend}:.0f} tiles, attacks change to ranged splash attacks which push the targets away with very small force. Infinite duration","90","0","0","Regen over time"
"","","","2","Increase attack interval (+{{base_attack_time}:.0%}), Attack +{{atk}:.0%}, attack range +{{ability_range_forward_extend}:.0f} tiles, attacks change to ranged splash attacks which push the targets away with very small force. Infinite duration","88","0","0",""
"","","","3","Increase attack interval (+{{base_attack_time}:.0%}), Attack +{{atk}:.0%}, attack range +{{ability_range_forward_extend}:.0f} tiles, attacks change to ranged splash attacks which push the targets away with very small force. Infinite duration","86","0","0",""
"","","","4","Increase attack interval (+{{base_attack_time}:.0%}), Attack +{{atk}:.0%}, attack range +{{ability_range_forward_extend}:.0f} tiles, attacks change to ranged splash attacks which push the targets away with small force. Infinite duration","84","0","0",""
"","","","5","Increase attack interval (+{{base_attack_time}:.0%}), Attack +{{atk}:.0%}, attack range +{{ability_range_forward_extend}:.0f} tiles, attacks change to ranged splash attacks which push the targets away with small force. Infinite duration","82","0","0",""
"","","","6","Increase attack interval (+{{base_attack_time}:.0%}), Attack +{{atk}:.0%}, attack range +{{ability_range_forward_extend}:.0f} tiles, attacks change to ranged splash attacks which push the targets away with small force. Infinite duration","80","0","0",""
"","","","7","Increase attack interval (+{{base_attack_time}:.0%}), Attack +{{atk}:.0%}, attack range +{{ability_range_forward_extend}:.0f} tiles, attacks change to ranged splash attacks which push the targets away with small force. Infinite duration","78","0","0",""
"","","","8","Increase attack interval (+{{base_attack_time}:.0%}), Attack +{{atk}:.0%}, attack range +{{ability_range_forward_extend}:.0f} tiles, attacks change to ranged splash attacks which push the targets away with small force. Infinite duration","76","0","0",""
"","","","9","Increase attack interval (+{{base_attack_time}:.0%}), Attack +{{atk}:.0%}, attack range +{{ability_range_forward_extend}:.0f} tiles, attacks change to ranged splash attacks which push the targets away with small force. Infinite duration","74","0","0",""
"","","","10","Increase attack interval (+{{base_attack_time}:.0%}), Attack +{{atk}:.0%}, attack range +{{ability_range_forward_extend}:.0f} tiles, attacks change to ranged splash attacks which push the targets away with medium force. Infinite duration","70","0","0",""
"Weedy","6","LN2 Cannon","1","Immediately fire a shot of compressed LN2, dealing {{atk_scale}:.0%} magic splash damage and pushing the targets away with medium force. Additionally, for {{duration}:.0f} seconds the targets receive true damage proportional to the distance moved. If the Water Cannon is adjacent to Weedy, it will fire the same shot","43","10","-1","Regen over time"
"","","","2","Immediately fire a shot of compressed LN2, dealing {{atk_scale}:.0%} magic splash damage and pushing the targets away with medium force. Additionally, for {{duration}:.0f} seconds the targets receive true damage proportional to the distance moved. If the Water Cannon is adjacent to Weedy, it will fire the same shot","42","11","-1",""
"","","","3","Immediately fire a shot of compressed LN2, dealing {{atk_scale}:.0%} magic splash damage and pushing the targets away with medium force. Additionally, for {{duration}:.0f} seconds the targets receive true damage proportional to the distance moved. If the Water Cannon is adjacent to Weedy, it will fire the same shot","41","12","-1",""
"","","","4","Immediately fire a shot of compressed LN2, dealing {{atk_scale}:.0%} magic splash damage and pushing the targets away with medium force. Additionally, for {{duration}:.0f} seconds the targets receive true damage proportional to the distance moved. If the Water Cannon is adjacent to Weedy, it will fire the same shot","40","13","-1",""
"","","","5","Immediately fire a shot of compressed LN2, dealing {{atk_scale}:.0%} magic splash damage and pushing the targets away with medium force. Additionally, for {{duration}:.0f} seconds the targets receive true damage proportional to the distance moved. If the Water Cannon is adjacent to Weedy, it will fire the same shot","39","14","-1",""
"","","","6","Immediately fire a shot of compressed LN2, dealing {{atk_scale}:.0%} magic splash damage and pushing the targets away with medium force. Additionally, for {{duration}:.0f} seconds the targets receive true damage proportional to the distance moved. If the Water Cannon is adjacent to Weedy, it will fire the same shot","38","15","-1",""
"","","","7","Immediately fire a shot of compressed LN2, dealing {{atk_scale}:.0%} magic splash damage and pushing the targets away with large force. Additionally, for {{duration}:.0f} seconds the targets receive true damage proportional to the distance moved. If the Water Cannon is adjacent to Weedy, it will fire the same shot","37","16","-1",""
"","","","8","Immediately fire a shot of compressed LN2, dealing {{atk_scale}:.0%} magic splash damage and pushing the targets away with large force. Additionally, for {{duration}:.0f} seconds the targets receive true damage proportional to the distance moved. If the Water Cannon is adjacent to Weedy, it will fire the same shot","36","17","-1",""
"","","","9","Immediately fire a shot of compressed LN2, dealing {{atk_scale}:.0%} magic splash damage and pushing the targets away with large force. Additionally, for {{duration}:.0f} seconds the targets receive true damage proportional to the distance moved. If the Water Cannon is adjacent to Weedy, it will fire the same shot","35","18","-1",""
"","","","10","Immediately fire a shot of compressed LN2, dealing {{atk_scale}:.0%} magic splash damage and pushing the targets away with huge force. Additionally, for {{duration}:.0f} seconds the targets receive true damage proportional to the distance moved. If the Water Cannon is adjacent to Weedy, it will fire the same shot","33","20","-1",""
"Aak","6","Rapid Firing","1","Attack speed +{{attack_speed}:.0f}","30","15","20","Regen over time"
"","","","2","Attack speed +{{attack_speed}:.0f}","30","15","21",""
"","","","3","Attack speed +{{attack_speed}:.0f}","30","15","22",""
"","","","4","Attack speed +{{attack_speed}:.0f}","30","16","23",""
"","","","5","Attack speed +{{attack_speed}:.0f}","30","16","24",""
"","","","6","Attack speed +{{attack_speed}:.0f}","30","16","25",""
"","","","7","Attack speed +{{attack_speed}:.0f}","30","17","26",""
"","","","8","Attack speed +{{attack_speed}:.0f}","30","18","27",""
"","","","9","Attack speed +{{attack_speed}:.0f}","30","19","28",""
"","","","10","Attack speed +{{attack_speed}:.0f}","30","20","30",""
"Aak","6","Burst Stimulant·Type γ","1","Immediately attack the nearest ally ahead (prioritize allies directly in front) 15 times with 500 Attack power. Thereafter, grant Defense and Max HP +{{max_hp}:.0%} to self and the target for the duration of the skill","40","20","30","Regen over time"
"","","","2","Immediately attack the nearest ally ahead (prioritize allies directly in front) 15 times with 500 Attack power. Thereafter, grant Defense and Max HP +{{max_hp}:.0%} to self and the target for the duration of the skill","39","20","30",""
"","","","3","Immediately attack the nearest ally ahead (prioritize allies directly in front) 15 times with 500 Attack power. Thereafter, grant Defense and Max HP +{{max_hp}:.0%} to self and the target for the duration of the skill","38","20","30",""
"","","","4","Immediately attack the nearest ally ahead (prioritize allies directly in front) 15 times with 500 Attack power. Thereafter, grant Defense and Max HP +{{max_hp}:.0%} to self and the target for the duration of the skill","37","21","30",""
"","","","5","Immediately attack the nearest ally ahead (prioritize allies directly in front) 15 times with 500 Attack power. Thereafter, grant Defense and Max HP +{{max_hp}:.0%} to self and the target for the duration of the skill","36","21","30",""
"","","","6","Immediately attack the nearest ally ahead (prioritize allies directly in front) 15 times with 500 Attack power. Thereafter, grant Defense and Max HP +{{max_hp}:.0%} to self and the target for the duration of the skill","35","21","30",""
"","","","7","Immediately attack the nearest ally ahead (prioritize allies directly in front) 15 times with 500 Attack power. Thereafter, grant Defense and Max HP +{{max_hp}:.0%} to self and the target for the duration of the skill","34","22","30",""
"","","","8","Immediately attack the nearest ally ahead (prioritize allies directly in front) 15 times with 500 Attack power. Thereafter, grant Defense and Max HP +{{max_hp}:.0%} to self and the target for the duration of the skill","33","23","30",""
"","","","9","Immediately attack the nearest ally ahead (prioritize allies directly in front) 15 times with 500 Attack power. Thereafter, grant Defense and Max HP +{{max_hp}:.0%} to self and the target for the duration of the skill","32","24","30",""
"","","","10","Immediately attack the nearest ally ahead (prioritize allies directly in front) 15 times with 500 Attack power. Thereafter, grant Defense and Max HP +{{max_hp}:.0%} to self and the target for the duration of the skill","30","25","30",""
"Aak","6","Burst Stimulant·Durian","1","Immediately attack the nearest ally ahead (prioritize allies directly in front) 15 times with 500 Attack power. Thereafter, grant Attack +{{atk}:.0%}, Attack speed +{{attack_speed}:.0f} to self and the target for the duration of the skill","47","25","20","Regen over time"
"","","","2","Immediately attack the nearest ally ahead (prioritize allies directly in front) 15 times with 500 Attack power. Thereafter, grant Attack +{{atk}:.0%}, Attack speed +{{attack_speed}:.0f} to self and the target for the duration of the skill","46","25","20",""
"","","","3","Immediately attack the nearest ally ahead (prioritize allies directly in front) 15 times with 500 Attack power. Thereafter, grant Attack +{{atk}:.0%}, Attack speed +{{attack_speed}:.0f} to self and the target for the duration of the skill","45","25","20",""
"","","","4","Immediately attack the nearest ally ahead (prioritize allies directly in front) 15 times with 500 Attack power. Thereafter, grant Attack +{{atk}:.0%}, Attack speed +{{attack_speed}:.0f} to self and the target for the duration of the skill","44","26","20",""
"","","","5","Immediately attack the nearest ally ahead (prioritize allies directly in front) 15 times with 500 Attack power. Thereafter, grant Attack +{{atk}:.0%}, Attack speed +{{attack_speed}:.0f} to self and the target for the duration of the skill","43","26","20",""
"","","","6","Immediately attack the nearest ally ahead (prioritize allies directly in front) 15 times with 500 Attack power. Thereafter, grant Attack +{{atk}:.0%}, Attack speed +{{attack_speed}:.0f} to self and the target for the duration of the skill","42","26","20",""
"","","","7","Immediately attack the nearest ally ahead (prioritize allies directly in front) 15 times with 500 Attack power. Thereafter, grant Attack +{{atk}:.0%}, Attack speed +{{attack_speed}:.0f} to self and the target for the duration of the skill","41","27","20",""
"","","","8","Immediately attack the nearest ally ahead (prioritize allies directly in front) 15 times with 500 Attack power. Thereafter, grant Attack +{{atk}:.0%}, Attack speed +{{attack_speed}:.0f} to self and the target for the duration of the skill","39","28","20",""
"","","","9","Immediately attack the nearest ally ahead (prioritize allies directly in front) 15 times with 500 Attack power. Thereafter, grant Attack +{{atk}:.0%}, Attack speed +{{attack_speed}:.0f} to self and the target for the duration of the skill","37","29","20",""
"","","","10","Immediately attack the nearest ally ahead (prioritize allies directly in front) 15 times with 500 Attack power. Thereafter, grant Attack +{{atk}:.0%}, Attack speed +{{attack_speed}:.0f} to self and the target for the duration of the skill","35","30","20",""
""