{
  "SkillId": {
    "name": "Skill Name",
    "desc": "Skill Description"
  },
  "skcom_magic_rage[1]": {
    "name": "Tactical Chanting·Type α",
    "desc": "Attack speed +{{attack_speed}:.0f}"
  },
  "skchr_stward_1": {
    "name": "Powerful Strike·Type α",
    "desc": "The next attack deals {{atk_scale}:.0%} damage"
  },
  "skcom_atk_up[2]": {
    "name": "Attack Strengthening·Type β",
    "desc": "Attack power +{{atk}:.0%}"
  },
  "skchr_nights_2": {
    "name": "Crimson Eyes",
    "desc": "Max HP {{max_hp}:.0%}, Attack power +{{atk}:.0%}, Attack speed +{{attack_speed}:.0f}"
  },
  "skcom_magic_rage[2]": {
    "name": "Tactical Chanting·Type β",
    "desc": "Attack speed +{{attack_speed}:.0f}"
  },
  "skchr_fmout_2": {
    "name": "Fate",
    "desc": "Attack power +{{atk}:.0%}, Increase attack range and attack all enemies within range simultaneously. Stops attacking for {{time}:.0f} seconds after skill ends."
  },
  "skcom_magic_rage[3]": {
    "name": "Tactical Chanting·Type γ",
    "desc": "Attack speed +{{attack_speed}:.0f}"
  },
  "skchr_amiya_2": {
    "name": "Mental Burst",
    "desc": "Every attack deals {{attack@times}:.0f} hits at {{attack@atk_scale}:.0%} damage each to random enemies within attack range. Automatic activation, Amiya is stunned for {{stun}:.0f} seconds after the skill ends"
  },
  "skchr_amiya_3": {
    "name": "Chimaera",
    "desc": "Attack power +{{atk}:.0%}, Max HP +{{max_hp}:.0%}, Increase attack range, attacks ignore defense and magic resistance. Amiya is forcibly retreated after the skill ends"
  },
  "skcom_atk_up[3]": {
    "name": "Attack Strengthening·Type γ",
    "desc": "Attack power +{{atk}:.0%}"
  },
  "skchr_skfire_2": {
    "name": "Flame of Heaven",
    "desc": "Increase attack interval, attack changes to summoning comets from the sky. Comets require time to reach the ground. They deal {{attack@atk_scale}:.0%} magical damage to enemies in a large area and stun them for {attack@stun} seconds"
  },
  "skchr_ifrit_1": {
    "name": "Fanaticism",
    "desc": "Attack power +{{atk}:.0%}, Attack speed +{{attack_speed}:.0f}"
  },
  "skchr_ifrit_2": {
    "name": "Sunburst",
    "desc": "The next attack power deals {{atk_scale}:.0%} magical damage. Additionally, inflict {{def}:.0f} defense and burn the target for 3 seconds. Can hold {{ct}:.0f} charge(s)"
  },
  "skchr_ifrit_3": {
    "name": "Burning Ground",
    "desc": "Deal {{atk_scale}:.0%} magical damage to enemies in attack range every second and inflict {{magic_resistance}:.0f} magic resistance. However, Ifrit loses {{hp_ratio}:.0%} of her Max HP every second"
  },
  "skchr_amgoat_1": {
    "name": "Double Chant",
    "desc": "Attack speed +{{amgoat_s_1[a].attack_speed}:.0f}. On the 2nd cast and onwards, additionally increase Attack power by +{{amgoat_s_1[b].atk}:.0%}"
  },
  "skchr_amgoat_2": {
    "name": "Ignite",
    "desc": "The next attack deals {{fk}:.0%} magical damage, with enemies nearby the target receiving half the damage. Additionally, inflict {{magic_resistance}:.0%} magic resistance to all targets for {{duration}:.0f} seconds. Can hold {{ct}:.0f} charge(s)"
  },
  "skchr_amgoat_3": {
    "name": "Volcano",
    "desc": "Attack power +{{atk}:.0%}, Increase attack range, Greatly reduce attack interval. Attacks by firing lava randomly at up to {{attack@max_target}:.0f} enemies within attack range"
  },
  "skcom_heal_self[1]": {
    "name": "Health Recovery·Type α",
    "desc": "Immediately recover {{heal_scale}:.0%} of Max HP"
  },
  "skcom_def_up[1]": {
    "name": "Defense Strengthening·Type α",
    "desc": "Defense power +{{def}:.0%}"
  },
  "skchr_yak_1": {
    "name": "Body Strengthening",
    "desc": "Max HP +{{max_hp}:.0%}, recover {{hp_recovery_per_sec}:.0f} HP every second"
  },
  "skchr_yak_2": {
    "name": "Cold Resistance",
    "desc": "Max HP +{{max_hp}:.0%}, Defense power +{{def}:.0%}, Magic resistance +{{magic_resistance}:.0%}"
  },
  "skcom_def_up[2]": {
    "name": "Defense Strengthening·Type β",
    "desc": "Defense power +{{def}:.0%}"
  },
  "skchr_snakek_2": {
    "name": "Shell-shaped Defense",
    "desc": "Stops attacking enemies. Block count +{{block_cnt}:.0f}, Defense power +{{def}:.0%}, Recover {{hp_recovery_per_sec_by_max_hp_ratio}:.0%} of Max HP every second"
  },
  "skchr_sunbr_1": {
    "name": "Reserve Rations",
    "desc": "The next attack will heal a nearby ally for {{heal_scale}:.0%} of ГУМ's Attack power. Can hold {{ct}:.0f} charge(s)"
  },
  "skchr_sunbr_2": {
    "name": "Food Preparation",
    "desc": "Begins cooking and stops attacking enemies for {{disarm}:.0f} seconds, Defense power +{{def}:.0%}. After finishing cooking, focuses on healing nearby allies, Attack power +{{atk}:.0%}"
  },
  "skchr_nearl_1": {
    "name": "First Aid",
    "desc": "The next attack will heal a nearby ally with less than 1/2 HP for {{heal_scale}:.0%} Attack power. Can hold {{ct}:.0f} charge(s)"
  },
  "skchr_nearl_2": {
    "name": "First Aid Mode",
    "desc": "Attack power +{{atk}:.0%}, stops attacking enemies and focuses on healing nearby allies"
  },
  "skchr_liskam_1": {
    "name": "Charging Defense",
    "desc": "Blocks the next attack and increases Defense power by +{{def}:.0%} for {{duration}:.0f} seconds. Automatic activation"
  },
  "skchr_liskam_2": {
    "name": "Counter Shock",
    "desc": "Increase attack interval, Attack power +{{atk}:.0%}, every attack deals magical damage to up to {{attack@max_target}:.0f} enemies and has {{attack@buff_prob}:.0%} chance to stun the targets for {{attack@stun}:.0f} second. Liskarm is stunned for {{stun}:.0f} seconds after the skill ends"
  },
  "skchr_moeshd_1": {
    "name": "Automatic Defense",
    "desc": "Defense power +{{def}:.0%}, Talent effect increased to {{talent_scale}:.0%}. Automatic activation"
  },
  "skchr_moeshd_2": {
    "name": "Magnetic Hammer",
    "desc": "Push away nearby enemies with huge force and stun them for {stun} seconds, dealing {{atk_scale}:.0%} physical damage"
  },
  "skchr_hpsts_1": {
    "name": "Guard Mode",
    "desc": "Block count +1, Defense power +{{def}:.0%}, additionally recover {{hp_recovery_per_sec_by_max_hp_ratio}:.0%} of Max HP every second"
  },
  "skchr_hpsts_2": {
    "name": "Offense Mode",
    "desc": "Block count -1, Slightly increase attack interval, Attack power +{{atk}:.0%}, every attack recovers {{hp_ratio}:.0%} of Max HP, attacks all blocked enemies simultaneously"
  },
  "skchr_hsguma_1": {
    "name": "Battle Intent",
    "desc": "Defense power +{{def}:.0%}, Attack power +{{atk}:.0%}"
  },
  "skchr_hsguma_2": {
    "name": "Thorns",
    "desc": "Defense power +{{def}:.0%}. Every time Hoshiguma is attacked, deal {{atk_scale}:.0%} physical damage to the attacker"
  },
  "skchr_hsguma_3": {
    "name": "Power Saw",
    "desc": "Attack power +{{atk}:.0%}, Defense power +{{def}:.0%}. Slice all enemies 1 tile ahead using the shield"
  },
  "skchr_demkni_1": {
    "name": "First Aid",
    "desc": "The next attack will heal a nearby ally with less than 1/2 HP for {{heal_scale}:.0%} Attack power. Can hold {{ct}:.0f} charge(s)"
  },
  "skchr_demkni_2": {
    "name": "Medicine Preparation",
    "desc": "Heal all allies within a certain range for {{heal_scale}:.0%} of Saria's Attack power"
  },
  "skchr_demkni_3": {
    "name": "Calcification",
    "desc": "All nearby allies are healed for {{attack@heal_scale}:.0%} of Saria's Attack power every second. Additionally, all nearby enemies receive +{{fake.b}:.0%} magic damage and {{demkni_s_3.move_speed}:.0%} movement speed"
  },
  "skcom_atk_up[1]": {
    "name": "Attack Strengthening·Type α",
    "desc": "Attack power +{{atk}:.0%}"
  },
  "skchr_doberm_1": {
    "name": "Powerful Strike·Type β",
    "desc": "The next attack deals {{atk_scale}:.0%} damage"
  },
  "skchr_doberm_2": {
    "name": "Supervision",
    "desc": "Attack power +{{atk}:.0%}, Increase effect of self talent by {talent_scale}x"
  },
  "skcom_heal_self[2]": {
    "name": "Health Recovery·Type β",
    "desc": "Immediately recover {{heal_scale}:.0%} of Max HP"
  },
  "skchr_gyuki_2": {
    "name": "Demon Strength",
    "desc": "Reduce self Defense power to 0, Attack power +{{atk}:.0%}"
  },
  "skchr_frostl_1": {
    "name": "Frosty Spear",
    "desc": "The next attack deals {{atk_scale}:.0%} physical damage and inflicts {{move_speed}:.0%} movement speed to the target for {duration} seconds"
  },
  "skchr_frostl_2": {
    "name": "Freezing Spear",
    "desc": "Attack speed +{{attack_speed}:.0f}. Every attack inflicts {{move_speed}:.0%} movement speed and has {{prob}:.0%} chance to freeze the target (unable to move) for {debuff} seconds"
  },
  "skchr_estell_2": {
    "name": "Self-sacrifice",
    "desc": "Attack power +{{atk}:.0%}, Become unable to be healed by other operators"
  },
  "skchr_frncat_1": {
    "name": "Cat Scratch",
    "desc": "The next attack deals +{{atk}:.0%} damage and inflicts {{frncat_s_1[debuff].atk}:.0%} attack power to the target for {frncat_s_1[debuff].duration} seconds"
  },
  "skchr_frncat_2": {
    "name": "Bristling Fur",
    "desc": "Attack and Defense power +{{atk}:.0%}"
  },
  "skcom_quickattack[3]": {
    "name": "Swift Strike·Type γ",
    "desc": "Attack power +{{atk}:.0%}, Attack speed +{{attack_speed}:.0f}"
  },
  "skchr_franka_2": {
    "name": "Extreme Sharpness",
    "desc": "Reduce Defense power to 0, Attack power +{{atk}:.0%}, Increase activation chance of defense-ignore talent by {talent_scale}x"
  },
  "skchr_tiger_1": {
    "name": "Armor-crushing Fist",
    "desc": "The next attack deals +{{atk}:.0%} damage and ignores {{def_penetrate}:.0%} of enemy defense"
  },
  "skchr_tiger_2": {
    "name": "Soul Rend",
    "desc": "Attack power +{{atk}:.0%}, change damage type to magical damage, every attack recovers {{heal_scale}:.0%} of the damage dealt"
  },
  "skchr_whitew_1": {
    "name": "Sundial",
    "desc": "Attack power +{{atk}:.0%}, {{prob}:.0%} chance to block physical damage. Infinite duration"
  },
  "skchr_whitew_2": {
    "name": "Wolf Spirit",
    "desc": "Attack power +{{atk}:.0%}, change damage type to magical damage, attack an additional target, ranged attacks no longer reduce Attack power. Automatic activation"
  },
  "skchr_ghost_2": {
    "name": "Fractured Body",
    "desc": "Prevents the operator's HP from falling below 1 while the skill is active, Attack power +{{atk}:.0%}. Operator is stunned for {{stun}:.0f} seconds after the skill ends"
  },
  "skchr_svrash_1": {
    "name": "Powerful Strike·Type γ",
    "desc": "The next attack deals {{atk_scale}:.0%} damage"
  },
  "skchr_svrash_2": {
    "name": "Arctic Law of Survival",
    "desc": "Can switch between the default state and the following state: Reduce attack range, Defense power +{{def}:.0%}, Recover {{hp_recovery_per_sec_by_max_hp_ratio}:.0%} of Max HP every second"
  },
  "skchr_svrash_3": {
    "name": "True Silver Slash",
    "desc": "Defense power {{def}:.0%}, Attack power +{{atk}:.0%}, Increase attack range and attack up to {{attack@max_target}:.0f} targets simultaneously (treated as melee attacks)"
  },
  "skchr_savage_1": {
    "name": "Powerful Strike·Type β",
    "desc": "The next attack deals {{atk_scale}:.0%} damage"
  },
  "skchr_savage_2": {
    "name": "Millisecond Blasting",
    "desc": "Deal {{atk_scale}:.0%} physical damage to up to {{max_target}:.0f} enemies within 3 tiles in front of the operator"
  },
  "skcom_heal_up[1]": {
    "name": "Healing Strengthening·Type α",
    "desc": "Attack power +{{atk}:.0%}"
  },
  "skcom_range_extend": {
    "name": "Healing Range Strengthening",
    "desc": "Attack range +{{ability_range_forward_extend}:.0f} tiles, Attack power +{{atk}:.0%}"
  },
  "skchr_myrrh_1": {
    "name": "Double Heal",
    "desc": "The next heal will recover HP equal to {{heal_scale}:.0%} of Attack power and heal an additional target. Can hold {{ct}:.0f} charge(s)"
  },
  "skchr_myrrh_2": {
    "name": "Healing Field",
    "desc": "Attack power +{{atk}:.0%}, heal an additional target on every heal"
  },
  "skchr_ccheal_1": {
    "name": "Revitalization",
    "desc": "On the next heal, additionally heal the target for {{heal_scale}:.0%} of Gavial's Attack power per second ({{heal_scale_2}:.0%} when HP is below 1/2) for {{duration}:.0f} seconds. Can hold {{ct}:.0f} charge(s)"
  },
  "skchr_ccheal_2": {
    "name": "Revitalization·Area",
    "desc": "Heal all allies within range for {{heal_scale}:.0%} of Gavial's Attack power per second ({{heal_scale_2}:.0%} when HP is below 1/2) for {{duration}:.0f} seconds."
  },
  "skcom_heal_up[2]": {
    "name": "Healing Strengthening·Type β",
    "desc": "Attack power +{{atk}:.0%}"
  },
  "skchr_flower_2": {
    "name": "Fine-tuning",
    "desc": "Attack speed {{attack_speed}:.0f}, Attack power +{{atk}:.0%}"
  },
  "skcom_heal_up[3]": {
    "name": "Healing Strengthening·Type γ",
    "desc": "Attack power +{{atk}:.0%}"
  },
  "skchr_plosis_2": {
    "name": "Enkephalin",
    "desc": "Increase attack range, Massively reduce attack interval"
  },
  "skchr_silent_2": {
    "name": "Healing Drone",
    "desc": "Obtain a healing drone. Able to store up to 1 drone. Drones will heal nearby allies after being deployed and self-destruct after 10 seconds"
  },
  "skchr_bldsk_1": {
    "name": "Emergency Bandage",
    "desc": "The next heal will heal an additional {{hp_ratio}:.0%} of the target's Max HP. This effect will only activate when the target has less than 1/2 HP remaining. Can hold {{ct}:.0f} charge(s)"
  },
  "skchr_bldsk_2": {
    "name": "Unstable Plasma",
    "desc": "Grants the following effects to self and a random ally within attack range: Attack power +{{atk}:.0%}, Lose {{hp_ratio}:.0%} Max HP every second, lasts for {{duration}:.0f} seconds"
  },
  "skchr_shining_1": {
    "name": "Creed",
    "desc": "Attack power +{{atk}:.0%}, Attack speed +{{attack_speed}:.0f}"
  },
  "skchr_shining_2": {
    "name": "Automatic Cover",
    "desc": "The next heal will grant a shield to the target that lasts for {{duration}:.0f} seconds. The shield can absorb damage equal to {{atk_scale}:.0%} of Shining's Attack power. Additionally, it increases the target's defense by {{def}:.0%}. Can hold {{ct}:.0f} charge(s)"
  },
  "skchr_shining_3": {
    "name": "Dogmatic Field",
    "desc": "Attack power +{{atk}:.0%}. Increase the defense of all allies within attack range by {{def}:.0%}"
  },
  "skchr_cgbird_2": {
    "name": "Arcane Shield",
    "desc": "The next heal will grant shields to all targets that last for {{duration}:.0f} seconds. The shields can absorb magical damage equal to {{atk_scale}:.0%} of Nightingale's Attack power. Additionally, they increase the targets' magic resistance by {{magic_resistance}:.0f}. Can hold {{ct}:.0f} charge(s)"
  },
  "skchr_cgbird_3": {
    "name": "Holy Territory",
    "desc": "Increase attack range, Attack power +{{atk}:.0%}. All allies within attack range gain +{{magic_resistance}:.0%} magic resistance and {{prob}:.0%} magic evasion"
  },
  "skchr_kroos_1": {
    "name": "Consecutive Shot·Auto",
    "desc": "The next attack hits {{times}:.0f} times, with each hit dealing {{atk_scale}:.0%} physical damage"
  },
  "skchr_jesica_1": {
    "name": "Powerful Strike·Type β",
    "desc": "The next attack deals {{atk_scale}:.0%} damage"
  },
  "skchr_jesica_2": {
    "name": "Cover Smoke",
    "desc": "Attack power +{{atk}:.0%}, Obtain {{prob}:.0%} physical and magic evasion"
  },
  "skchr_shotst_1": {
    "name": "Armor-crushing Shot",
    "desc": "The next attack deals {{atk_scale}:.0%} physical damage and inflicts {{def}:.0%} defense to the target for {{duration}:.0f} seconds"
  },
  "skchr_shotst_2": {
    "name": "Armor-crushing Shot·Spread",
    "desc": "Immediately deal {{atk_scale}:.0%} physical damage to up to 5 enemies within attack range and inflict {{def}:.0%} defense to the targets for {{duration}:.0f} seconds"
  },
  "skchr_yuki_1": {
    "name": "Whirlwind",
    "desc": "Increase attack range by {{ability_range_forward_extend}:.0f} tiles"
  },
  "skchr_yuki_2": {
    "name": "Condensed Weapon",
    "desc": "Attacks with spinning darts, inflicting {{attack@move_speed}:.0%} movement speed and dealing {{attack@atk_scale}:.0%} magical damage per second for a short duration"
  },
  "skchr_bluep_1": {
    "name": "Double Shot·Auto",
    "desc": "The next attack will attack an additional target, dealing {{atk_scale}:.0%} physical damage"
  },
  "skchr_bluep_2": {
    "name": "Poison Spread",
    "desc": "Attack power +{{atk}:.0%}, every attack hits the main target a second time as well as an additional 2 enemies"
  },
  "skchr_platnm_2": {
    "name": "Pegasus Sight",
    "desc": "Slightly decreases attack speed, Attack power +{{atk}:.0%}, Increase attack range. Infinite duration"
  },
  "skchr_meteo_1": {
    "name": "Spread Shot",
    "desc": "Increase the explosion radius of the next attack, dealing {{atk_scale}:.0%} physical damage"
  },
  "skchr_meteo_2": {
    "name": "High-explosive Round",
    "desc": "Immediately fire a flame bomb, dealing {{atk_scale}:.0%} physical damage to all enemies within the attack area and inflicting {{def}:.0f} Defense power for {{duration}:.0f} seconds"
  },
  "skchr_prove_1": {
    "name": "Wolf's Eye",
    "desc": "Increase damage to the target by +{{atk_scale_up}:.0%} for every {{hp_ratio_drop}:.0%} HP the enemy loses"
  },
  "skchr_prove_2": {
    "name": "Slaughter Sense",
    "desc": "Attack power +{{atk}:.0%}, however normal attacks no longer target enemies with higher than 80% HP"
  },
  "skchr_milu_1": {
    "name": "Environmental Camouflage",
    "desc": "Attack power +{{atk}:.0%} and gain hidden status (will not be targeted by ranged enemies) "
  },
  "skchr_milu_2": {
    "name": "Tactical Radio",
    "desc": "Immediately drop {{max_cnt}:.0f} bombs randomly within attack range (will prioritize positions with enemies). Each bomb deals {{atk_scale}:.0%} physical damage to all nearby enemies"
  },
  "skchr_angel_1": {
    "name": "Assault Mode",
    "desc": "The next attack hits {{times}:.0f} times, with each hit dealing {{atk_scale}:.0%} damage"
  },
  "skchr_angel_2": {
    "name": "Strafing Mode",
    "desc": "Attacks deal {{attack@times}:.0f} hits, with each hit dealing {{attack@atk_scale}:.0%} damage"
  },
  "skchr_angel_3": {
    "name": "Overload Mode",
    "desc": "Attacks deal {{attack@times}:.0f} hits, with each dealing {{attack@atk_scale}:.0%} damage. Reduce attack interval by a certain extent. Automatic activation"
  },
  "skchr_gravel_1": {
    "name": "Shadow Raid",
    "desc": "Defense power +{{def}:.0%} after deploying, effect weakens over {{duration}:.0f} seconds"
  },
  "skchr_gravel_2": {
    "name": "Rat Pack",
    "desc": "Obtain a shield that absorbs damage equal to {{hp_ratio}:.0%} of Max HP after deploying, effect weakens over {{duration}:.0f} seconds"
  },
  "skchr_rope_1": {
    "name": "Hook Shot",
    "desc": "The next attack will pull the enemy towards self with large force, dealing {{atk_scale}:.0%} physical damage"
  },
  "skchr_rope_2": {
    "name": "Duplex Hook",
    "desc": "Pull 2 faraway enemies towards self with large force, dealing {{atk_scale}:.0%} physical damage"
  },
  "skchr_sqrrel_1": {
    "name": "Steam Pump",
    "desc": "The next attack will push the target away with large force, dealing {{atk_scale}:.0%} physical damage"
  },
  "skchr_sqrrel_2": {
    "name": "High-pressure Water Cannon",
    "desc": "Immediately push away all enemies 2 tiles ahead with large force, dealing {{atk_scale}:.0%} physical damage"
  },
  "skchr_red_1": {
    "name": "Execution Mode",
    "desc": "Attack power +{{atk}:.0%} after deploying, additionally gain {{prob}:.0%} physical evasion"
  },
  "skchr_red_2": {
    "name": "Wolf Pack",
    "desc": "Immediately deal {{atk_scale}:.0%} physical damage to all nearby enemies after deploying and stun them for {stun} seconds"
  },
  "skchr_slchan_1": {
    "name": "Chain Hook",
    "desc": "The next attack will pull the enemy towards self with large force, dealing {{atk_scale}:.0%} magical damage"
  },
  "skchr_slchan_2": {
    "name": "Binding Chain",
    "desc": "Immediately pull up to {{max_target}:.0f} enemies from a large area ahead towards self with large force, dealing {{atk_scale}:.0%} damage that ignores defense and magic resistance and stuns them for {stun} seconds"
  },
  "skchr_mantic_1": {
    "name": "Scorpion Venom",
    "desc": "Every attack inflicts {{move_speed}:.0%} movement speed to the target for {duration} seconds"
  },
  "skchr_mantic_2": {
    "name": "Charging Poison Strike",
    "desc": "Slows attack animation, Increase attack interval, Attack power +{{atk}:.0%}, attacked targets get stunned for {attack@stun} seconds"
  },
  "skchr_panda_1": {
    "name": "Metallic Union",
    "desc": "The next attack will push the target away with large force, inflicting {{move_speed}:.0%} movement speed for {{duration}:.0f} seconds"
  },
  "skchr_panda_2": {
    "name": "Collapsing Strike",
    "desc": "Immediately rush forward and target the closest enemy in a straight line ahead, pushing back all enemies around the target with huge force and dealing {{atk_scale}:.0%} physical damage. Additionally, inflict {{move_speed}:.0%} movement speed to all targets for {{duration}:.0f} seconds"
  },
  "skcom_quickattack[1]": {
    "name": "Swift Strike·Type α",
    "desc": "Attack power +{{atk}:.0%}, Attack speed +{{attack_speed}:.0f}"
  },
  "skchr_deepcl_1": {
    "name": "Tentacles of Light & Shadow",
    "desc": "All tentacles gain +{{atk}:.0%} Attack and Defense power, Recover {{hp_recovery_per_sec}:.0f} HP every second"
  },
  "skchr_deepcl_2": {
    "name": "Vision Trap",
    "desc": "Increase attack range, all allies within attack range gain {{prob}:.0%} physical evasion"
  },
  "skchr_skgoat_2": {
    "name": "Quicksand",
    "desc": "Stops attacking enemies. All enemies within attack range get stopped once every {interval} seconds"
  },
  "skchr_otter_1": {
    "name": "Confusing Device",
    "desc": "All mechanical otters gain {{prob}:.0%} physical and magic evasion. Allies adjacent to them also gain the same effect"
  },
  "skchr_otter_2": {
    "name": "Explosive Retrieval",
    "desc": "Immediately detonate all deployed mechanical otters, dealing {{atk_scale}:.0%} magical damage to nearby enemies and stunning them for {stun} seconds. All detonated mechanical otters will be retrieved"
  },
  "skchr_slbell_1": {
    "name": "Echo Reverb",
    "desc": "Attacks {{attack@max_target}:.0f} targets simultaneously. All enemies within attack range have {{attack_speed}:.0f} attack speed"
  },
  "skchr_slbell_2": {
    "name": "Natural Shock",
    "desc": "All enemies within attack range have {{def}:.0%} defense and {{magic_resistance}:.0%} magic resistance"
  },
  "skchr_glassb_1": {
    "name": "Absolute Focus",
    "desc": "Massively reduce attack interval"
  },
  "skchr_glassb_2": {
    "name": "Literary Storm",
    "desc": "Attack power +{{atk}:.0%}, Increase attack range, Attack 2 additional targets"
  },
  "skchr_sora_1": {
    "name": "Song of Slumber",
    "desc": "Increase attack range, all enemies within attack range enter sleep status (stun+invulnerable). Additionally, trait effect increases to {{attack@atk_to_hp_recovery_ratio}:.0%}"
  },
  "skchr_sora_2": {
    "name": "Song of Battle",
    "desc": "All allies within attack range gain Attack power equal to {{atk}:.0%} of Sora's Attack power"
  },
  "skchr_aglina_1": {
    "name": "Secret Staff·Speed Charge Mode",
    "desc": "Attack power +{{atk}:.0%}. Automatic activation"
  },
  "skchr_aglina_2": {
    "name": "Secret Staff·Particle Mode",
    "desc": "Massively reduce attack interval, however every attack will only deal {{damage_scale}:.0%} magical damage. Unable to attack when skill is not active"
  },
  "skchr_aglina_3": {
    "name": "Secret Staff·Anti-Gravity Mode",
    "desc": "Reduce the weight of all enemies by 1 level. Increase attack range, Attack power +{{atk}:.0%}, Can attack {{attack@max_target}:.0f} enemies. Unable to attack when skill is not active"
  },
  "skcom_charge_cost[1]": {
    "name": "Assault Order·Type α",
    "desc": "Immediately obtain {{cost}:.0f} cost"
  },
  "skchr_wyvern_1": {
    "name": "Assault Order·Reinforcements",
    "desc": "Immediately obtain {{cost}:.0f} cost, Attack power +{{atk}:.0%}"
  },
  "skcom_charge_cost[2]": {
    "name": "Assault Order·Type β",
    "desc": "Immediately obtain {{cost}:.0f} cost"
  },
  "skchr_blackd_2": {
    "name": "Assault Order·Defend",
    "desc": "Immediately obtain {{blackd_s_2[once].cost}:.0f} cost. Gradually obtain {{blackd_s_2[period].trig_cnt}:.0f} cost while the skill is active, additionally Defense power +{{blackd_s_2[period].def}:.0%}"
  },
  "skchr_scave_2": {
    "name": "Assault Order·Attack",
    "desc": "Immediately obtain {{cost}:.0f} cost. Attack power +{{atk}:.0%}"
  },
  "skchr_vigna_1": {
    "name": "Attack Strengthening·Type β",
    "desc": "Attack power +{{atk}:.0%}"
  },
  "skchr_vigna_2": {
    "name": "Hammer-on",
    "desc": "Slightly increase attack interval, Attack power +{{atk}:.0%}"
  },
  "skcom_charge_cost[3]": {
    "name": "Assault Order·Type γ",
    "desc": "Immediately obtain {{cost}:.0f} cost"
  },
  "skchr_headbr_2": {
    "name": "Roar of Ursus",
    "desc": "Gradually obtain {{value}:.0f} cost while the skill is active. Increase Attack power and Defense power of all Vanguards by +{{atk}:.0%}, additionally obtain 1 cost when killing an enemy"
  },
  "skchr_texas_2": {
    "name": "Sword Rain",
    "desc": "Immediately obtain {{cost}:.0f} cost. Deal {{atk_scale}:.0%} magical damage twice to all nearby enemies and stun them for {{stun}:.0f} seconds"
  },
  "skchr_siege_2": {
    "name": "Leaping Hammer",
    "desc": "The next attack deals {{atk_scale}:.0%} physical damage to all adjacent enemies. Additionally, obtain {{cost}:.0f} cost. Can hold {{ct}:.0f} charge(s)"
  },
  "skchr_siege_3": {
    "name": "Skull Crusher",
    "desc": "Increase attack interval, every attack deals {{attack@atk_scale}:.0%} damage and has {{attack@buff_prob}:.0%} chance to stun the target for {attack@stun} seconds"
  }
}