{
  "4": {
    "teamID": 4,
    "iconType": 1,
    "iconPos": {
      "x": 228.1,
      "y": -332.7,
      "z": 0.0
    },
    "iconDestination": {
      "x": 30.7,
      "y": -0.700000048,
      "z": 0.0
    },
    "LargeMark": {
      "x": 337.4,
      "y": -396.6,
      "z": 0.0
    }
  },
  "12": {
    "teamID": 12,
    "iconType": 0,
    "iconPos": {
      "x": -72.0,
      "y": -381.5,
      "z": 0.0
    },
    "iconDestination": {
      "x": -39.6,
      "y": 16.9,
      "z": 0.0
    },
    "LargeMark": {
      "x": -180.6,
      "y": -310.1,
      "z": 0.0
    }
  },
  "11": {
    "teamID": 11,
    "iconType": 1,
    "iconPos": {
      "x": -225.4,
      "y": 38.0,
      "z": 0.0
    },
    "iconDestination": {
      "x": 42.7,
      "y": 16.9,
      "z": 0.0
    },
    "LargeMark": {
      "x": -174.5,
      "y": 121.1,
      "z": 0.0
    }
  },
  "13": {
    "teamID": 13,
    "iconType": 0,
    "iconPos": {
      "x": -384.2,
      "y": -224.1,
      "z": 0.0
    },
    "iconDestination": {
      "x": -39.6,
      "y": 9.7,
      "z": 0.0
    },
    "LargeMark": {
      "x": -485.599976,
      "y": -248.799988,
      "z": 0.0
    }
  },
  "7": {
    "teamID": 7,
    "iconType": 0,
    "iconPos": {
      "x": 217.2,
      "y": 543.2,
      "z": 0.0
    },
    "iconDestination": {
      "x": -31.5,
      "y": -2.6,
      "z": 0.0
    },
    "LargeMark": {
      "x": 150.1,
      "y": 472.5,
      "z": 0.0
    }
  },
  "8": {
    "teamID": 8,
    "iconType": 1,
    "iconPos": {
      "x": 523.7,
      "y": -166.1,
      "z": 0.0
    },
    "iconDestination": {
      "x": 30.4,
      "y": -2.5,
      "z": 0.0
    },
    "LargeMark": {
      "x": 572.0,
      "y": -226.0,
      "z": 0.0
    }
  },
  "19": {
    "teamID": 19,
    "iconType": 1,
    "iconPos": {
      "x": -889.6,
      "y": -6.90000153,
      "z": 0.0
    },
    "iconDestination": {
      "x": 33.4,
      "y": 15.9,
      "z": 0.0
    },
    "LargeMark": {
      "x": -862.7,
      "y": 106.0,
      "z": 0.0
    }
  },
  "6": {
    "teamID": 6,
    "iconType": 1,
    "iconPos": {
      "x": 522.1,
      "y": 3.79999924,
      "z": 0.0
    },
    "iconDestination": {
      "x": 30.9,
      "y": -0.9000001,
      "z": 0.0
    },
    "LargeMark": {
      "x": 632.1,
      "y": -47.8000031,
      "z": 0.0
    }
  },
  "3": {
    "teamID": 3,
    "iconType": 1,
    "iconPos": {
      "x": -739.6,
      "y": -7.0,
      "z": 0.0
    },
    "iconDestination": {
      "x": 33.4,
      "y": 16.1,
      "z": 0.0
    },
    "LargeMark": {
      "x": -714.5,
      "y": 104.8,
      "z": 0.0
    }
  },
  "2": {
    "teamID": 2,
    "iconType": 1,
    "iconPos": {
      "x": -589.5,
      "y": -6.90000153,
      "z": 0.0
    },
    "iconDestination": {
      "x": 33.2,
      "y": 16.4,
      "z": 0.0
    },
    "LargeMark": {
      "x": -565.3,
      "y": 104.8,
      "z": 0.0
    }
  },
  "15": {
    "teamID": 15,
    "iconType": 0,
    "iconPos": {
      "x": -600.6,
      "y": -352.7,
      "z": 0.0
    },
    "iconDestination": {
      "x": -40.16,
      "y": -10.8,
      "z": 0.0
    },
    "LargeMark": {
      "x": -692.4,
      "y": -374.1,
      "z": 0.0
    }
  },
  "9": {
    "teamID": 9,
    "iconType": 0,
    "iconPos": {
      "x": 305.1,
      "y": 253.9,
      "z": 0.0
    },
    "iconDestination": {
      "x": -48.85,
      "y": 18.88,
      "z": 0.0
    },
    "LargeMark": {
      "x": 225.1,
      "y": 343.2,
      "z": 0.0
    }
  },
  "1": {
    "teamID": 1,
    "iconType": 1,
    "iconPos": {
      "x": -444.9,
      "y": -7.0,
      "z": 0.0
    },
    "iconDestination": {
      "x": 38.7,
      "y": 16.5,
      "z": 0.0
    },
    "LargeMark": {
      "x": -413.4,
      "y": 106.0,
      "z": 0.0
    }
  },
  "5": {
    "teamID": 5,
    "iconType": 0,
    "iconPos": {
      "x": 146.6,
      "y": -375.0,
      "z": 0.0
    },
    "iconDestination": {
      "x": -32.1,
      "y": -0.5,
      "z": 0.0
    },
    "LargeMark": {
      "x": 115.4,
      "y": -414.6,
      "z": 0.0
    }
  },
  "10": {
    "teamID": 10,
    "iconType": 1,
    "iconPos": {
      "x": 310.2,
      "y": 162.7,
      "z": 0.0
    },
    "iconDestination": {
      "x": 33.2,
      "y": -3.69999981,
      "z": 0.0
    },
    "LargeMark": {
      "x": 375.0,
      "y": 168.6,
      "z": 0.0
    }
  }
}
