{
  "0": {
    "ID": 76,
    "point1": "npc_010_chen",
    "point2": "npc_2005_wywu",
    "lineType": 0
  },
  "1": {
    "ID": 75,
    "point1": "npc_010_chen",
    "point2": "char_308_swire",
    "lineType": 0
  },
  "2": {
    "ID": 69,
    "point1": "char_278_orchid",
    "point2": "char_282_catap",
    "lineType": 0
  },
  "3": {
    "ID": 48,
    "point1": "char_208_melan",
    "point2": "char_211_adnach",
    "lineType": 0
  },
  "4": {
    "ID": 68,
    "point1": "char_278_orchid",
    "point2": "char_281_popka",
    "lineType": 0
  },
  "5": {
    "ID": 61,
    "point1": "char_208_melan",
    "point2": "char_209_ardign",
    "lineType": 0
  },
  "6": {
    "ID": 0,
    "point1": "char_140_whitew",
    "point2": "char_102_texas",
    "lineType": 0
  },
  "7": {
    "ID": 58,
    "point1": "char_148_nearl",
    "point2": "char_179_cgbird",
    "lineType": 0
  },
  "8": {
    "ID": 6,
    "point1": "char_208_melan",
    "point2": "char_130_doberm",
    "lineType": 0
  },
  "9": {
    "ID": 70,
    "point1": "char_278_orchid",
    "point2": "char_283_midn",
    "lineType": 0
  },
  "10": {
    "ID": 42,
    "point1": "char_500_noirc",
    "point2": "char_503_rang",
    "lineType": 0
  },
  "11": {
    "ID": 19,
    "point1": "char_120_hibisc",
    "point2": "char_121_lava",
    "lineType": 0
  },
  "12": {
    "ID": 50,
    "point1": "char_112_siege",
    "point2": "char_155_tiger",
    "lineType": 0
  },
  "13": {
    "ID": 38,
    "point1": "char_118_yuki",
    "point2": "char_277_sqrrel",
    "lineType": 0
  },
  "14": {
    "ID": 59,
    "point1": "npc_001_doctor",
    "point2": "char_002_amiya",
    "lineType": 0
  },
  "15": {
    "ID": 3,
    "point1": "npc_003_kalts",
    "point2": "char_144_red",
    "lineType": 0
  },
  "16": {
    "ID": 30,
    "point1": "char_173_slchan",
    "point2": "char_172_svrash",
    "lineType": 0
  },
  "17": {
    "ID": 72,
    "point1": "char_340_shwaz",
    "point2": "char_348_ceylon",
    "lineType": 0
  },
  "18": {
    "ID": 39,
    "point1": "char_136_hsguma",
    "point2": "npc_2005_wywu",
    "lineType": 0
  },
  "19": {
    "ID": 22,
    "point1": "char_180_amgoat",
    "point2": "char_183_skgoat",
    "lineType": 0
  },
  "20": {
    "ID": 33,
    "point1": "char_124_kroos",
    "point2": "char_123_fang",
    "lineType": 0
  },
  "21": {
    "ID": 14,
    "point1": "char_201_moeshd",
    "point2": "char_102_texas",
    "lineType": 0
  },
  "22": {
    "ID": 74,
    "point1": "char_134_ifrit",
    "point2": "char_248_mgllan",
    "lineType": 0
  },
  "23": {
    "ID": 5,
    "point1": "char_164_nightm",
    "point2": "char_181_flower",
    "lineType": 0
  },
  "24": {
    "ID": 65,
    "point1": "char_202_demkni",
    "point2": "char_108_silent",
    "lineType": 0
  },
  "25": {
    "ID": 20,
    "point1": "char_127_estell",
    "point2": "char_187_ccheal",
    "lineType": 0
  },
  "26": {
    "ID": 64,
    "point1": "char_208_melan",
    "point2": "char_210_stward",
    "lineType": 0
  },
  "27": {
    "ID": 16,
    "point1": "char_502_nblade",
    "point2": "char_503_rang",
    "lineType": 0
  },
  "28": {
    "ID": 26,
    "point1": "char_123_fang",
    "point2": "char_122_beagle",
    "lineType": 0
  },
  "29": {
    "ID": 28,
    "point1": "char_120_hibisc",
    "point2": "char_122_beagle",
    "lineType": 0
  },
  "30": {
    "ID": 47,
    "point1": "char_158_milu",
    "point2": "char_219_meteo",
    "lineType": 0
  },
  "31": {
    "ID": 23,
    "point1": "char_121_lava",
    "point2": "char_122_beagle",
    "lineType": 0
  },
  "32": {
    "ID": 57,
    "point1": "char_010_chen",
    "point2": "char_002_amiya",
    "lineType": 0
  },
  "33": {
    "ID": 1,
    "point1": "char_201_moeshd",
    "point2": "char_291_aglina",
    "lineType": 0
  },
  "34": {
    "ID": 11,
    "point1": "char_172_svrash",
    "point2": "char_198_blackd",
    "lineType": 0
  },
  "35": {
    "ID": 73,
    "point1": "char_248_mgllan",
    "point2": "char_242_otter",
    "lineType": 0
  },
  "36": {
    "ID": 46,
    "point1": "char_143_ghost",
    "point2": "char_263_skadi",
    "lineType": 0
  },
  "37": {
    "ID": 24,
    "point1": "char_123_fang",
    "point2": "char_130_doberm",
    "lineType": 0
  },
  "38": {
    "ID": 36,
    "point1": "npc_2005_wywu",
    "point2": "npc_2006_fmzuki",
    "lineType": 0
  },
  "39": {
    "ID": 40,
    "point1": "char_235_jesica",
    "point2": "char_106_franka",
    "lineType": 0
  },
  "40": {
    "ID": 2,
    "point1": "char_148_nearl",
    "point2": "char_147_shining",
    "lineType": 0
  },
  "41": {
    "ID": 9,
    "point1": "char_193_frostl",
    "point2": "char_117_myrrh",
    "lineType": 0
  },
  "42": {
    "ID": 44,
    "point1": "char_204_platnm",
    "point2": "char_237_gravel",
    "lineType": 0
  },
  "43": {
    "ID": 18,
    "point1": "char_103_angel",
    "point2": "char_102_texas",
    "lineType": 0
  },
  "44": {
    "ID": 27,
    "point1": "npc_003_kalts",
    "point2": "char_002_amiya",
    "lineType": 0
  },
  "45": {
    "ID": 8,
    "point1": "char_211_adnach",
    "point2": "char_212_ansel",
    "lineType": 0
  },
  "46": {
    "ID": 32,
    "point1": "char_286_cast3",
    "point2": "char_1012_theresa",
    "lineType": 0
  },
  "47": {
    "ID": 21,
    "point1": "char_108_silent",
    "point2": "char_128_plosis",
    "lineType": 0
  },
  "48": {
    "ID": 43,
    "point1": "char_101_sora",
    "point2": "char_102_texas",
    "lineType": 0
  },
  "49": {
    "ID": 17,
    "point1": "char_120_hibisc",
    "point2": "char_123_fang",
    "lineType": 0
  },
  "50": {
    "ID": 34,
    "point1": "char_136_hsguma",
    "point2": "char_010_chen",
    "lineType": 0
  },
  "51": {
    "ID": 12,
    "point1": "char_002_amiya",
    "point2": "char_102_texas",
    "lineType": 0
  },
  "52": {
    "ID": 49,
    "point1": "npc_113_cqbw",
    "point2": "npc_011_talula",
    "lineType": 0
  },
  "53": {
    "ID": 71,
    "point1": "char_278_orchid",
    "point2": "char_284_spot",
    "lineType": 0
  },
  "54": {
    "ID": 15,
    "point1": "char_196_sunbr",
    "point2": "char_115_headbr",
    "lineType": 0
  },
  "55": {
    "ID": 10,
    "point1": "char_211_adnach",
    "point2": "char_210_stward",
    "lineType": 0
  },
  "56": {
    "ID": 29,
    "point1": "npc_2006_fmzuki",
    "point2": "char_118_yuki",
    "lineType": 0
  },
  "57": {
    "ID": 45,
    "point1": "char_148_nearl",
    "point2": "char_204_platnm",
    "lineType": 0
  },
  "58": {
    "ID": 51,
    "point1": "char_183_skgoat",
    "point2": "char_145_prove",
    "lineType": 0
  },
  "59": {
    "ID": 25,
    "point1": "char_285_medic2",
    "point2": "char_1012_theresa",
    "lineType": 0
  },
  "60": {
    "ID": 54,
    "point1": "char_172_svrash",
    "point2": "char_174_slbell",
    "lineType": 0
  },
  "61": {
    "ID": 53,
    "point1": "char_501_durin",
    "point2": "char_502_nblade",
    "lineType": 0
  },
  "62": {
    "ID": 4,
    "point1": "char_134_ifrit",
    "point2": "char_108_silent",
    "lineType": 0
  },
  "63": {
    "ID": 55,
    "point1": "char_199_yak",
    "point2": "char_172_svrash",
    "lineType": 0
  },
  "64": {
    "ID": 60,
    "point1": "char_240_wyvern",
    "point2": "char_106_franka",
    "lineType": 0
  },
  "65": {
    "ID": 31,
    "point1": "char_173_slchan",
    "point2": "char_174_slbell",
    "lineType": 0
  },
  "66": {
    "ID": 7,
    "point1": "char_002_amiya",
    "point2": "char_230_savage",
    "lineType": 0
  },
  "67": {
    "ID": 66,
    "point1": "char_278_orchid",
    "point2": "char_130_doberm",
    "lineType": 0
  },
  "68": {
    "ID": 63,
    "point1": "char_502_nblade",
    "point2": "char_130_doberm",
    "lineType": 0
  },
  "69": {
    "ID": 62,
    "point1": "char_195_glassb",
    "point2": "char_115_headbr",
    "lineType": 0
  },
  "70": {
    "ID": 56,
    "point1": "char_002_amiya",
    "point2": "char_130_doberm",
    "lineType": 0
  },
  "71": {
    "ID": 37,
    "point1": "char_134_ifrit",
    "point2": "char_202_demkni",
    "lineType": 0
  },
  "72": {
    "ID": 35,
    "point1": "char_107_liskam",
    "point2": "char_106_franka",
    "lineType": 0
  },
  "73": {
    "ID": 52,
    "point1": "npc_003_kalts",
    "point2": "npc_001_doctor",
    "lineType": 0
  },
  "74": {
    "ID": 41,
    "point1": "char_107_liskam",
    "point2": "char_130_doberm",
    "lineType": 0
  },
  "75": {
    "ID": 13,
    "point1": "char_129_bluep",
    "point2": "char_143_ghost",
    "lineType": 0
  },
  "76": {
    "ID": 76,
    "point1": "char_010_chen",
    "point2": "npc_2005_wywu",
    "lineType": 0
  },
  "77": {
    "ID": 77,
    "point1": "char_010_chen",
    "point2": "char_308_swire",
    "lineType": 0
  }
}
