{
  "clues": [
    {
      "clueId": "RHINE1",
      "clueName": "莱茵生命",
      "clueType": "RHINE",
      "number": 1
    },
    {
      "clueId": "RHINE2",
      "clueName": "莱茵生命",
      "clueType": "RHINE",
      "number": 2
    },
    {
      "clueId": "RHINE3",
      "clueName": "莱茵生命",
      "clueType": "RHINE",
      "number": 3
    },
    {
      "clueId": "RHINE4",
      "clueName": "莱茵生命",
      "clueType": "RHINE",
      "number": 4
    },
    {
      "clueId": "RHINE5",
      "clueName": "莱茵生命",
      "clueType": "RHINE",
      "number": 5
    },
    {
      "clueId": "RHINE6",
      "clueName": "莱茵生命",
      "clueType": "RHINE",
      "number": 6
    },
    {
      "clueId": "RHINE7",
      "clueName": "莱茵生命",
      "clueType": "RHINE",
      "number": 7
    },
    {
      "clueId": "PENGUIN1",
      "clueName": "企鹅物流",
      "clueType": "PENGUIN",
      "number": 1
    },
    {
      "clueId": "PENGUIN2",
      "clueName": "企鹅物流",
      "clueType": "PENGUIN",
      "number": 2
    },
    {
      "clueId": "PENGUIN3",
      "clueName": "企鹅物流",
      "clueType": "PENGUIN",
      "number": 3
    },
    {
      "clueId": "PENGUIN4",
      "clueName": "企鹅物流",
      "clueType": "PENGUIN",
      "number": 4
    },
    {
      "clueId": "PENGUIN5",
      "clueName": "企鹅物流",
      "clueType": "PENGUIN",
      "number": 5
    },
    {
      "clueId": "PENGUIN6",
      "clueName": "企鹅物流",
      "clueType": "PENGUIN",
      "number": 6
    },
    {
      "clueId": "PENGUIN7",
      "clueName": "企鹅物流",
      "clueType": "PENGUIN",
      "number": 7
    },
    {
      "clueId": "BLACKSTEEL1",
      "clueName": "黑钢",
      "clueType": "BLACKSTEEL",
      "number": 1
    },
    {
      "clueId": "BLACKSTEEL2",
      "clueName": "黑钢",
      "clueType": "BLACKSTEEL",
      "number": 2
    },
    {
      "clueId": "BLACKSTEEL3",
      "clueName": "黑钢",
      "clueType": "BLACKSTEEL",
      "number": 3
    },
    {
      "clueId": "BLACKSTEEL4",
      "clueName": "黑钢",
      "clueType": "BLACKSTEEL",
      "number": 4
    },
    {
      "clueId": "BLACKSTEEL5",
      "clueName": "黑钢",
      "clueType": "BLACKSTEEL",
      "number": 5
    },
    {
      "clueId": "BLACKSTEEL6",
      "clueName": "黑钢",
      "clueType": "BLACKSTEEL",
      "number": 6
    },
    {
      "clueId": "BLACKSTEEL7",
      "clueName": "黑钢",
      "clueType": "BLACKSTEEL",
      "number": 7
    },
    {
      "clueId": "URSUS1",
      "clueName": "乌萨斯学生自治团",
      "clueType": "URSUS",
      "number": 1
    },
    {
      "clueId": "URSUS2",
      "clueName": "乌萨斯学生自治团",
      "clueType": "URSUS",
      "number": 2
    },
    {
      "clueId": "URSUS3",
      "clueName": "乌萨斯学生自治团",
      "clueType": "URSUS",
      "number": 3
    },
    {
      "clueId": "URSUS4",
      "clueName": "乌萨斯学生自治团",
      "clueType": "URSUS",
      "number": 4
    },
    {
      "clueId": "URSUS5",
      "clueName": "乌萨斯学生自治团",
      "clueType": "URSUS",
      "number": 5
    },
    {
      "clueId": "URSUS6",
      "clueName": "乌萨斯学生自治团",
      "clueType": "URSUS",
      "number": 6
    },
    {
      "clueId": "URSUS7",
      "clueName": "乌萨斯学生自治团",
      "clueType": "URSUS",
      "number": 7
    },
    {
      "clueId": "GLASGOW1",
      "clueName": "格拉斯哥帮",
      "clueType": "GLASGOW",
      "number": 1
    },
    {
      "clueId": "GLASGOW2",
      "clueName": "格拉斯哥帮",
      "clueType": "GLASGOW",
      "number": 2
    },
    {
      "clueId": "GLASGOW3",
      "clueName": "格拉斯哥帮",
      "clueType": "GLASGOW",
      "number": 3
    },
    {
      "clueId": "GLASGOW4",
      "clueName": "格拉斯哥帮",
      "clueType": "GLASGOW",
      "number": 4
    },
    {
      "clueId": "GLASGOW5",
      "clueName": "格拉斯哥帮",
      "clueType": "GLASGOW",
      "number": 5
    },
    {
      "clueId": "GLASGOW6",
      "clueName": "格拉斯哥帮",
      "clueType": "GLASGOW",
      "number": 6
    },
    {
      "clueId": "GLASGOW7",
      "clueName": "格拉斯哥帮",
      "clueType": "GLASGOW",
      "number": 7
    },
    {
      "clueId": "KJERAG1",
      "clueName": "喀兰贸易",
      "clueType": "KJERAG",
      "number": 1
    },
    {
      "clueId": "KJERAG2",
      "clueName": "喀兰贸易",
      "clueType": "KJERAG",
      "number": 2
    },
    {
      "clueId": "KJERAG3",
      "clueName": "喀兰贸易",
      "clueType": "KJERAG",
      "number": 3
    },
    {
      "clueId": "KJERAG4",
      "clueName": "喀兰贸易",
      "clueType": "KJERAG",
      "number": 4
    },
    {
      "clueId": "KJERAG5",
      "clueName": "喀兰贸易",
      "clueType": "KJERAG",
      "number": 5
    },
    {
      "clueId": "KJERAG6",
      "clueName": "喀兰贸易",
      "clueType": "KJERAG",
      "number": 6
    },
    {
      "clueId": "KJERAG7",
      "clueName": "喀兰贸易",
      "clueType": "KJERAG",
      "number": 7
    },
    {
      "clueId": "RHODES1",
      "clueName": "罗德岛制药",
      "clueType": "RHODES",
      "number": 1
    },
    {
      "clueId": "RHODES2",
      "clueName": "罗德岛制药",
      "clueType": "RHODES",
      "number": 2
    },
    {
      "clueId": "RHODES3",
      "clueName": "罗德岛制药",
      "clueType": "RHODES",
      "number": 3
    },
    {
      "clueId": "RHODES4",
      "clueName": "罗德岛制药",
      "clueType": "RHODES",
      "number": 4
    },
    {
      "clueId": "RHODES5",
      "clueName": "罗德岛制药",
      "clueType": "RHODES",
      "number": 5
    },
    {
      "clueId": "RHODES6",
      "clueName": "罗德岛制药",
      "clueType": "RHODES",
      "number": 6
    },
    {
      "clueId": "RHODES7",
      "clueName": "罗德岛制药",
      "clueType": "RHODES",
      "number": 7
    }
  ],
  "clueTypes": [
    {
      "clueType": "RHINE",
      "clueNumber": 1
    },
    {
      "clueType": "PENGUIN",
      "clueNumber": 2
    },
    {
      "clueType": "BLACKSTEEL",
      "clueNumber": 3
    },
    {
      "clueType": "URSUS",
      "clueNumber": 4
    },
    {
      "clueType": "GLASGOW",
      "clueNumber": 5
    },
    {
      "clueType": "KJERAG",
      "clueNumber": 6
    },
    {
      "clueType": "RHODES",
      "clueNumber": 7
    }
  ],
  "receiveTimeBonus": [
    {
      "receiveTimes": 1,
      "receiveBonus": 15
    },
    {
      "receiveTimes": 2,
      "receiveBonus": 10
    },
    {
      "receiveTimes": 3,
      "receiveBonus": 5
    }
  ],
  "inventoryLimit": 10,
  "outputBasicBonus": 20,
  "outputOperatorsBonus": 20,
  "cluePointLimit": 7200000,
  "expiredDays": 10,
  "transferBonus": 20,
  "recycleBonus": 5,
  "expiredBonus": 25,
  "communicationDuration": 86400,
  "initiatorBonus": 210,
  "participantsBonus": 30
}