{
  "maxPlayerLevel": 100,
  "playerExpMap": [
    500,
    800,
    1240,
    1320,
    1400,
    1480,
    1560,
    1640,
    1720,
    1800,
    1880,
    1960,
    2040,
    2120,
    2200,
    2280,
    2360,
    2440,
    2520,
    2600,
    2680,
    2760,
    2840,
    2920,
    3000,
    3080,
    3160,
    3240,
    3350,
    3460,
    3570,
    3680,
    3790,
    3900,
    4200,
    4500,
    4800,
    5100,
    5400,
    5700,
    6000,
    6300,
    6600,
    6900,
    7200,
    7500,
    7800,
    8100,
    8400,
    8700,
    9000,
    9500,
    10000,
    10500,
    11000,
    11500,
    12000,
    12500,
    13000,
    13500,
    14000,
    14500,
    15000,
    15500,
    16000,
    17000,
    18000,
    19000,
    20000,
    21000,
    22000,
    23000,
    24000,
    25000,
    26000,
    27000,
    28000,
    29000,
    30000,
    31000,
    32000,
    33000,
    34000,
    35000,
    36000,
    37000,
    38000,
    39000,
    40000,
    41000,
    42000,
    43000,
    44000,
    45000,
    46000,
    47000,
    48000,
    49000,
    50000,
    51000
  ],
  "playerApMap": [
    82,
    84,
    86,
    88,
    90,
    91,
    92,
    93,
    94,
    95,
    96,
    97,
    98,
    99,
    100,
    101,
    102,
    103,
    104,
    105,
    106,
    107,
    108,
    109,
    110,
    111,
    112,
    113,
    114,
    115,
    116,
    117,
    118,
    119,
    120,
    120,
    120,
    120,
    120,
    121,
    121,
    121,
    121,
    121,
    122,
    122,
    122,
    122,
    122,
    123,
    123,
    123,
    123,
    123,
    124,
    124,
    124,
    124,
    124,
    125,
    125,
    125,
    125,
    125,
    126,
    126,
    126,
    126,
    126,
    127,
    127,
    127,
    127,
    127,
    128,
    128,
    128,
    128,
    128,
    129,
    129,
    129,
    129,
    129,
    130,
    130,
    130,
    130,
    130,
    130,
    130,
    130,
    130,
    130,
    130,
    130,
    130,
    130,
    130,
    130
  ],
  "maxLevel": [
    [
      30
    ],
    [
      30
    ],
    [
      40,
      55
    ],
    [
      45,
      60,
      70
    ],
    [
      50,
      70,
      80
    ],
    [
      50,
      80,
      90
    ]
  ],
  "characterExpMap": [
    [
      100,
      117,
      134,
      151,
      168,
      185,
      202,
      219,
      236,
      253,
      270,
      287,
      304,
      321,
      338,
      355,
      372,
      389,
      406,
      423,
      440,
      457,
      474,
      491,
      508,
      525,
      542,
      559,
      574,
      589,
      605,
      621,
      637,
      653,
      669,
      685,
      701,
      716,
      724,
      739,
      749,
      759,
      770,
      783,
      804,
      820,
      836,
      852,
      888,
      -1,
      -1,
      -1,
      -1,
      -1,
      -1,
      -1,
      -1,
      -1,
      -1,
      -1,
      -1,
      -1,
      -1,
      -1,
      -1,
      -1,
      -1,
      -1,
      -1,
      -1,
      -1,
      -1,
      -1,
      -1,
      -1,
      -1,
      -1,
      -1,
      -1,
      -1,
      -1,
      -1,
      -1,
      -1,
      -1,
      -1,
      -1,
      -1,
      -1,
      -1
    ],
    [
      120,
      172,
      224,
      276,
      328,
      380,
      432,
      484,
      536,
      588,
      640,
      692,
      744,
      796,
      848,
      900,
      952,
      1004,
      1056,
      1108,
      1160,
      1212,
      1264,
      1316,
      1368,
      1420,
      1472,
      1524,
      1576,
      1628,
      1706,
      1784,
      1862,
      1940,
      2018,
      2096,
      2174,
      2252,
      2330,
      2408,
      2584,
      2760,
      2936,
      3112,
      3288,
      3464,
      3640,
      3816,
      3992,
      4168,
      4344,
      4520,
      4696,
      4890,
      5326,
      6019,
      6312,
      6505,
      6838,
      7391,
      7657,
      7823,
      8089,
      8355,
      8621,
      8887,
      9153,
      9419,
      9605,
      9951,
      10448,
      10945,
      11442,
      11939,
      12436,
      12933,
      13430,
      13927,
      14549,
      -1,
      -1,
      -1,
      -1,
      -1,
      -1,
      -1,
      -1,
      -1,
      -1,
      -1
    ],
    [
      191,
      303,
      415,
      527,
      639,
      751,
      863,
      975,
      1087,
      1199,
      1311,
      1423,
      1535,
      1647,
      1759,
      1871,
      1983,
      2095,
      2207,
      2319,
      2431,
      2543,
      2655,
      2767,
      2879,
      2991,
      3103,
      3215,
      3327,
      3439,
      3602,
      3765,
      3928,
      4091,
      4254,
      4417,
      4580,
      4743,
      4906,
      5069,
      5232,
      5395,
      5558,
      5721,
      5884,
      6047,
      6210,
      6373,
      6536,
      6699,
      6902,
      7105,
      7308,
      7511,
      7714,
      7917,
      8120,
      8323,
      8526,
      8729,
      9163,
      9597,
      10031,
      10465,
      10899,
      11333,
      11767,
      12201,
      12729,
      13069,
      13747,
      14425,
      15103,
      15781,
      16459,
      17137,
      17815,
      18493,
      19171,
      19849,
      21105,
      22361,
      23617,
      24873,
      26129,
      27385,
      28641,
      29897,
      31143,
      -1
    ]
  ],
  "characterUpgradeCostMap": [
    [
      30,
      36,
      43,
      50,
      57,
      65,
      73,
      81,
      90,
      99,
      108,
      118,
      128,
      138,
      149,
      160,
      182,
      206,
      231,
      258,
      286,
      315,
      346,
      378,
      411,
      446,
      482,
      520,
      557,
      595,
      635,
      677,
      720,
      764,
      809,
      856,
      904,
      952,
      992,
      1042,
      1086,
      1131,
      1178,
      1229,
      1294,
      1353,
      1413,
      1474,
      1572,
      -1,
      -1,
      -1,
      -1,
      -1,
      -1,
      -1,
      -1,
      -1,
      -1,
      -1,
      -1,
      -1,
      -1,
      -1,
      -1,
      -1,
      -1,
      -1,
      -1,
      -1,
      -1,
      -1,
      -1,
      -1,
      -1,
      -1,
      -1,
      -1,
      -1,
      -1,
      -1,
      -1,
      -1,
      -1,
      -1,
      -1,
      -1,
      -1,
      -1
    ],
    [
      48,
      71,
      95,
      120,
      146,
      173,
      201,
      231,
      262,
      293,
      326,
      361,
      396,
      432,
      470,
      508,
      548,
      589,
      631,
      675,
      719,
      765,
      811,
      859,
      908,
      958,
      1010,
      1062,
      1116,
      1171,
      1245,
      1322,
      1400,
      1480,
      1562,
      1645,
      1731,
      1817,
      1906,
      1996,
      2171,
      2349,
      2531,
      2717,
      2907,
      3100,
      3298,
      3499,
      3705,
      3914,
      4127,
      4344,
      4565,
      4807,
      5294,
      6049,
      6413,
      6681,
      7098,
      7753,
      8116,
      8378,
      8752,
      9132,
      9518,
      9909,
      10306,
      10709,
      11027,
      11533,
      12224,
      12926,
      13639,
      14363,
      15097,
      15843,
      16599,
      17367,
      18303,
      -1,
      -1,
      -1,
      -1,
      -1,
      -1,
      -1,
      -1,
      -1,
      -1
    ],
    [
      76,
      124,
      173,
      225,
      279,
      334,
      392,
      451,
      513,
      577,
      642,
      710,
      780,
      851,
      925,
      1001,
      1079,
      1159,
      1240,
      1324,
      1410,
      1498,
      1588,
      1680,
      1773,
      1869,
      1967,
      2067,
      2169,
      2273,
      2413,
      2556,
      2702,
      2851,
      3003,
      3158,
      3316,
      3477,
      3640,
      3807,
      3976,
      4149,
      4324,
      4502,
      4684,
      4868,
      5055,
      5245,
      5438,
      5634,
      5867,
      6103,
      6343,
      6587,
      6835,
      7086,
      7340,
      7599,
      7861,
      8127,
      8613,
      9108,
      9610,
      10120,
      10637,
      11163,
      11696,
      12238,
      12882,
      13343,
      14159,
      14988,
      15828,
      16681,
      17545,
      18422,
      19311,
      20213,
      21126,
      22092,
      23722,
      25380,
      27065,
      28778,
      30519,
      32287,
      34083,
      35906,
      37745
    ]
  ],
  "evolveGoldCost": [
    [
      -1,
      -1
    ],
    [
      -1,
      -1
    ],
    [
      10000,
      -1
    ],
    [
      15000,
      60000
    ],
    [
      20000,
      120000
    ],
    [
      30000,
      180000
    ]
  ],
  "charSellGold": null,
  "completeGainBonus": 1.2,
  "playerApRegenSpeed": 6,
  "maxPracticeTicket": 30,
  "advancedGachaCrystalCost": 600,
  "completeCrystalBonus": 1,
  "initPlayerGold": 10000,
  "initPlayerDiamondShard": 500,
  "initCampaignTotalFee": 1200,
  "initRecruitTagList": [
    1,
    2,
    3,
    4,
    5
  ],
  "initCharIdList": [
    "char_002_amiya",
    "char_502_nblade",
    "char_500_noirc",
    "char_503_rang"
  ],
  "attackMax": 1175.0,
  "defMax": 783.0,
  "hpMax": 4088.0,
  "reMax": 100.0,
  "diamondToShdRate": 180,
  "baseMaxFriendNum": 15,
  "hardDiamondDrop": 1,
  "instFinDmdShdCost": 80,
  "diamondMaterialToShardExchangeRatio": 10,
  "apBuyCost": 1,
  "apBuyThreshold": 999,
  "creditLimit": 300,
  "monthlySubRemainTimeLimitDays": 60,
  "friendAssistRarityLimit": [
    4,
    -1,
    -1
  ],
  "richTextStyles": {
    "lv.item": "<color=#FFFFFF>{0}</color>",
    "lv.rem": "<color=#FFFFFF>{0}</color>",
    "lv.fs": "<color=#FF0000>{0}</color>",
    "tu.kw": "<color=#0098DC>{0}</color>",
    "tu.imp": "<color=#FF0000>{0}</color>",
    "cc.vup": "<color=#0098DC>{0}</color>",
    "cc.vdown": "<color=#FF6237>{0}</color>",
    "cc.rem": "<color=#F49800>{0}</color>",
    "cc.kw": "<color=#00B0FF>{0}</color>",
    "cc.pn": "<i>{0}</i>",
    "cc.talpu": "{0}",
    "ba.vup": "<color=#0098DC>{0}</color>",
    "ba.vdown": "<color=#FF6237>{0}</color>",
    "ba.rem": "<color=#F49800>{0}</color>",
    "ba.kw": "<color=#00B0FF>{0}</color>",
    "ba.pn": "<i>{0}</i>",
    "ba.talpu": "<color=#F49800>{0}</color>",
    "eb.key": "<color=#00FFFF>{0}</color>",
    "eb.danger": "<color=#FF0000>{0}</color>",
    "rc.title": "<color=#FFFFFF>{0}</color>",
    "rc.subtitle": "<color=#FFC90E>{0}</color>",
    "rc.em": "<color=#FF7F27>{0}</color>",
    "rc.eml": "<color=#32CD32>{0}</color>",
    "ga.title": "<color=#FFFFFF>{0}</color>",
    "ga.subtitle": "<color=#FFC90E>{0}</color>",
    "ga.up": "<color=#FF7F27>{0}</color>",
    "ga.adgacha": "<color=#00C8FF>{0}</color>",
    "ga.nbgacha": "<color=#00DDBB>{0}</color>",
    "ga.percent": "<color=#FFD800>{0}</color>",
    "ga.attention": "<color=#FF3126>{0}</color>",
    "act.spreward": "<color=#FF5001>{0}</color>"
  },
  "charAssistRefreshTime": [
    {
      "Hour": 4,
      "Minute": 0
    },
    {
      "Hour": 16,
      "Minute": 0
    }
  ],
  "normalRecruitLockedString": [
    "通关0-2后解锁",
    "通关0-2后解锁",
    "人力办公室2级后解锁",
    "人力办公室3级后解锁"
  ],
  "commonPotentialLvlUpCount": 4,
  "weeklyOverrideDesc": "",
  "legacyTime": 1562659200,
  "legacyItemList": [
    {
      "id": "4003",
      "count": 200,
      "type": "DIAMOND_SHD"
    },
    {
      "id": "AP_GAMEPLAY",
      "count": 60,
      "type": "AP_GAMEPLAY"
    }
  ],
  "useAssistSocialPt": 30,
  "useAssistSocialPtMaxCount": 1,
  "assistBeUsedSocialPt": {
    "1": 20
  },
  "pushForces": [
    0.0,
    100.0,
    200.0,
    400.0,
    450.0,
    530.0,
    580.0
  ],
  "pushForceZeroIndex": 3,
  "normalGachaUnlockPrice": [
    -1,
    -1,
    8,
    18
  ],
  "pullForces": [
    0.0,
    2.0,
    10.0,
    40.0,
    42.0,
    44.0,
    46.0
  ],
  "pullForceZeroIndex": 3,
  "multiInComeByRank": [
    "0.0倍经验&金钱掉落经验",
    "0.0倍经验&金钱掉落经验",
    "0.0倍经验&金钱掉落经验",
    "0.0倍经验&金钱掉落经验"
  ]
}