{
  "char_102_texas": {
    "charID": "char_102_texas",
    "drawName": "Unknown",
    "infoName": "Unknown",
    "infoTextAudio": [
      {
        "infoList": [
          {
            "infoText": "接下来我的工作是保证你的安全。",
            "audioName": "CN_001"
          }
        ],
        "unLockorNot": true,
        "unLockType": 0,
        "unLockParam": "",
        "unLockLevel": 0,
        "unLockLevelAdditive": 0,
        "unLockString": ""
      },
      {
        "infoList": [
          {
            "infoText": "话不多吗？实际上，我对大多数事都没什么感想。",
            "audioName": "CN_002"
          }
        ],
        "unLockorNot": true,
        "unLockType": 0,
        "unLockParam": "",
        "unLockLevel": 0,
        "unLockLevelAdditive": 0,
        "unLockString": ""
      },
      {
        "infoList": [
          {
            "infoText": "我们搬运生命与死亡。",
            "audioName": "CN_003"
          }
        ],
        "unLockorNot": true,
        "unLockType": 0,
        "unLockParam": "",
        "unLockLevel": 0,
        "unLockLevelAdditive": 0,
        "unLockString": ""
      },
      {
        "infoList": [
          {
            "infoText": "开车的时候我一般会听“空”她自己录的歌。",
            "audioName": "CN_004"
          }
        ],
        "unLockorNot": true,
        "unLockType": 0,
        "unLockParam": "",
        "unLockLevel": 0,
        "unLockLevelAdditive": 0,
        "unLockString": ""
      },
      {
        "infoList": [
          {
            "infoText": "这不是烟，是巧克力，定期摄入能量是必要的。所以……你要来点咖啡么？",
            "audioName": "CN_005"
          }
        ],
        "unLockorNot": true,
        "unLockType": 1,
        "unLockParam": "1;1",
        "unLockLevel": 0,
        "unLockLevelAdditive": 0,
        "unLockString": "提升至精英阶段1以查看更多信息"
      },
      {
        "infoList": [
          {
            "infoText": "什么时候加入企鹅快递的？嗯......多久之前呢...那种事早就忘记了...",
            "audioName": "CN_006"
          }
        ],
        "unLockorNot": true,
        "unLockType": 1,
        "unLockParam": "2;1",
        "unLockLevel": 0,
        "unLockLevelAdditive": 0,
        "unLockString": "提升至精英阶段2以查看更多信息"
      },
      {
        "infoList": [
          {
            "infoText": "红色的狼，务必要小心。她不坏，但.....她和我们不一样。",
            "audioName": "CN_007"
          }
        ],
        "unLockorNot": true,
        "unLockType": 2,
        "unLockParam": "20",
        "unLockLevel": 0,
        "unLockLevelAdditive": 0,
        "unLockString": "提升好感以查看更多信息"
      },
      {
        "infoList": [
          {
            "infoText": "我的过去总有一天会追上我。",
            "audioName": "CN_008"
          }
        ],
        "unLockorNot": true,
        "unLockType": 2,
        "unLockParam": "50",
        "unLockLevel": 0,
        "unLockLevelAdditive": 0,
        "unLockString": "提升好感以查看更多信息"
      },
      {
        "infoList": [
          {
            "infoText": "自在的生活，吵闹的伙伴，虽然总给我带来很多麻烦，但……好像也不错。",
            "audioName": "CN_009"
          }
        ],
        "unLockorNot": true,
        "unLockType": 2,
        "unLockParam": "100",
        "unLockLevel": 0,
        "unLockLevelAdditive": 0,
        "unLockString": "提升好感以查看更多信息"
      },
      {
        "infoList": [
          {
            "infoText": "现在是休息时间么？",
            "audioName": "CN_010"
          }
        ],
        "unLockorNot": true,
        "unLockType": 0,
        "unLockParam": "",
        "unLockLevel": 0,
        "unLockLevelAdditive": 0,
        "unLockString": ""
      },
      {
        "infoList": [
          {
            "infoText": "叫我德克萨斯。我的工作范围包含载具驾驶，物资运输和要人护送。任务交流请尽量简洁些。",
            "audioName": "CN_011"
          }
        ],
        "unLockorNot": true,
        "unLockType": 0,
        "unLockParam": "",
        "unLockLevel": 0,
        "unLockLevelAdditive": 0,
        "unLockString": ""
      },
      {
        "infoList": [
          {
            "infoText": "报酬的话这些就足够了。",
            "audioName": "CN_013"
          }
        ],
        "unLockorNot": true,
        "unLockType": 1,
        "unLockParam": "1;1",
        "unLockLevel": 0,
        "unLockLevelAdditive": 0,
        "unLockString": "提升至精英阶段1以查看更多信息"
      },
      {
        "infoList": [
          {
            "infoText": "感谢你的信任，博士。",
            "audioName": "CN_014"
          }
        ],
        "unLockorNot": true,
        "unLockType": 1,
        "unLockParam": "2;1",
        "unLockLevel": 0,
        "unLockLevelAdditive": 0,
        "unLockString": "提升至精英阶段2以查看更多信息"
      },
      {
        "infoList": [
          {
            "infoText": "不堪一击。",
            "audioName": "CN_029"
          }
        ],
        "unLockorNot": true,
        "unLockType": 0,
        "unLockParam": "",
        "unLockLevel": 0,
        "unLockLevelAdditive": 0,
        "unLockString": ""
      },
      {
        "infoList": [
          {
            "infoText": "溜走了几个。",
            "audioName": "CN_030"
          }
        ],
        "unLockorNot": true,
        "unLockType": 0,
        "unLockParam": "",
        "unLockLevel": 0,
        "unLockLevelAdditive": 0,
        "unLockString": ""
      },
      {
        "infoList": [
          {
            "infoText": "我可能低估了这次行动的难度...",
            "audioName": "CN_031"
          }
        ],
        "unLockorNot": true,
        "unLockType": 0,
        "unLockParam": "",
        "unLockLevel": 0,
        "unLockLevelAdditive": 0,
        "unLockString": ""
      }
    ],
    "storyTextAudio": [
      {
        "stories": [
          {
            "storyText": null,
            "storyTitle": "基本信息"
          }
        ],
        "unLockorNot": true,
        "unLockType": 0,
        "unLockParam": "",
        "unLockString": ""
      },
      {
        "stories": [
          {
            "storyText": "【代号】德克萨斯\n【真实姓名】不明\n\n【国家】哥伦比亚联邦共和国\n【组织】企鹅物流货运部\n【种族】？？\n\n【基础资料】\n德克萨斯的合法注册身份为货运司机，持有C级驾照。      \n持有源石武器，可通过该武器启动中型程度的法术力量。德克萨斯本人被确认为缺乏法术天赋。\n德克萨斯与干员【能天使】互为搭档，两人均为企鹅物流的初始成员。",
            "storyTitle": null
          }
        ],
        "unLockorNot": true,
        "unLockType": 0,
        "unLockParam": "",
        "unLockString": ""
      },
      {
        "stories": [
          {
            "storyText": null,
            "storyTitle": "病程记录"
          }
        ],
        "unLockorNot": true,
        "unLockType": 0,
        "unLockParam": "",
        "unLockString": ""
      },
      {
        "stories": [
          {
            "storyText": "【心理状态】德克萨斯被确认为能够严格保持理智，日常行动中用于维持理智的精神力强度高于全体干员平均水平。这种精神强度有助于她在行动中长时间保持高度集中，以及稳定的战力输出。",
            "storyTitle": null
          }
        ],
        "unLockorNot": true,
        "unLockType": 0,
        "unLockParam": "",
        "unLockString": ""
      },
      {
        "stories": [
          {
            "storyText": "【矿石病情况】造影检测结果显示，该干员体内脏器轮廓清晰，未见异常阴影，循环系统内源石颗粒检测未见异常，无矿石病感染迹象，现阶段可确认为非矿石病感染者。",
            "storyTitle": null
          }
        ],
        "unLockorNot": true,
        "unLockType": 1,
        "unLockParam": "0;20",
        "unLockString": "提升至20级以查看更多信息"
      },
      {
        "stories": [
          {
            "storyText": "【身体机能】身体素质高于罗德岛全体干员平均水平，身材发育正常，各项能力检测均为优秀等级，在同种族干员对比中处于上位程度。",
            "storyTitle": null
          }
        ],
        "unLockorNot": true,
        "unLockType": 2,
        "unLockParam": "20",
        "unLockString": "提升好感以查看更多信息"
      },
      {
        "stories": [
          {
            "storyText": null,
            "storyTitle": "履历"
          }
        ],
        "unLockorNot": true,
        "unLockType": 0,
        "unLockParam": "",
        "unLockString": ""
      },
      {
        "stories": [
          {
            "storyText": "目前能够指出她曾被怀疑参与叙拉古早年地下派系斗争，涉及 一些帮派间的走私与源石致幻药物的地下买卖。该事件造成部分人员伤亡。",
            "storyTitle": null
          }
        ],
        "unLockorNot": true,
        "unLockType": 0,
        "unLockParam": "",
        "unLockString": ""
      },
      {
        "stories": [
          {
            "storyText": "代号『拉普兰德』——在对该名干员的调查中德克萨斯被确认牵涉其中，德克萨斯本人否认与【拉普兰德】有任何形式上的联系。但通过调查人员的情报，【拉普兰德】曾因源石反应武装【派拉贝鲁姆】被盗一事与德克萨斯交恶（该武器现为德克萨斯持有）。",
            "storyTitle": null
          }
        ],
        "unLockorNot": true,
        "unLockType": 1,
        "unLockParam": "1;1",
        "unLockString": "提升至精英阶段1以查看更多信息"
      },
      {
        "stories": [
          {
            "storyText": "代号【空】——该名干员曾被卷入一场由黑帮主导的绑架事件，德克萨斯被怀疑参与【空】的营救工作与该帮会展开多次交火。此次事件造成该帮派哥伦比亚支部全灭。在该事件发生两月后，企鹅物流总部自哥伦比亚联邦共和国搬迁至龙门，并注册了同名新公司。",
            "storyTitle": null
          }
        ],
        "unLockorNot": true,
        "unLockType": 1,
        "unLockParam": "2;1",
        "unLockString": "提升至精英阶段2以查看更多信息"
      },
      {
        "stories": [
          {
            "storyText": null,
            "storyTitle": "博士笔记"
          }
        ],
        "unLockorNot": true,
        "unLockType": 0,
        "unLockParam": "",
        "unLockString": ""
      },
      {
        "stories": [
          {
            "storyText": "德克萨斯在行动前，任务中，听音乐以及情绪紧张时都会习惯性吃甜食。该习惯被罗德岛健康部多次观察并提醒。尽管德克萨斯的甜食食用频率较高，但血糖值长期保持良好。鉴于此，每当健康部试图推广轻食计划期间，德克萨斯有很大几率会被委派外出任务。",
            "storyTitle": null
          }
        ],
        "unLockorNot": true,
        "unLockType": 0,
        "unLockParam": "",
        "unLockString": ""
      },
      {
        "stories": [
          {
            "storyText": "德克萨斯的所属氏族已被哥伦比亚人口统筹委员会确认为灭绝。有理由相信德克萨斯为该氏族最后一名成员。",
            "storyTitle": null
          }
        ],
        "unLockorNot": true,
        "unLockType": 2,
        "unLockParam": "80",
        "unLockString": "提升好感以查看更多信息"
      },
      {
        "stories": [
          {
            "storyText": "德克萨斯喜欢独处，性格冷淡，很少对外流露感情。从未听过德克萨斯谈及自己的家人与过去经历。但通过其他同为企鹅物流的成员描述，德克萨斯非常看重企鹅物流，以及成员之间的关系。",
            "storyTitle": null
          }
        ],
        "unLockorNot": true,
        "unLockType": 3,
        "unLockParam": "main/level_main_20",
        "unLockString": "通过关卡3-6以查看更多信息"
      },
      {
        "stories": [
          {
            "storyText": "德克萨斯的臂章对她而言有特殊的意义。",
            "storyTitle": null
          }
        ],
        "unLockorNot": true,
        "unLockType": 4,
        "unLockParam": "8001",
        "unLockString": "在兑换商店输入兑换码以查看更多信息"
      },
      {
        "stories": [
          {
            "storyText": null,
            "storyTitle": null
          }
        ],
        "unLockorNot": false,
        "unLockType": 5,
        "unLockParam": "",
        "unLockString": ""
      }
    ]
  }
}