{
  "trap_004_iceblock": {
    "name": "封印的地面",
    "description": null,
    "camp": null,
    "tokenKey": null,
    "appellation": "Sealed Floor",
    "position": null,
    "tagList": null,
    "rarity": 0,
    "profession": "TRAP",
    "phases": [
      {
        "characterPrefabKey": "trap_004_iceblock",
        "rangeId": null,
        "maxLevel": 30,
        "attributesKeyFrames": [
          {
            "level": 1,
            "data": {
              "maxHp": 100,
              "atk": 0,
              "def": 0,
              "magicResistance": 0.0,
              "cost": 0,
              "blockCnt": 0,
              "moveSpeed": 1.0,
              "attackSpeed": 100.0,
              "baseAttackTime": 1.0,
              "hpRecoveryPerSec": 0.0,
              "spRecoveryPerSec": 1.0,
              "maxRespawnTime": 1,
              "tauntLevel": 0,
              "stunImmune": false
            }
          },
          {
            "level": 30,
            "data": {
              "maxHp": 100,
              "atk": 0,
              "def": 0,
              "magicResistance": 0.0,
              "cost": 0,
              "blockCnt": 0,
              "moveSpeed": 1.0,
              "attackSpeed": 100.0,
              "baseAttackTime": 1.0,
              "hpRecoveryPerSec": 0.0,
              "spRecoveryPerSec": 1.0,
              "maxRespawnTime": 1,
              "tauntLevel": 0,
              "stunImmune": false
            }
          }
        ],
        "evolveCost": null
      }
    ],
    "talents": null,
    "potentialRanks": null,
    "favorKeyFrames": null,
    "respawnTime": 5
  },
  "trap_005_sensor": {
    "name": "感应器",
    "description": null,
    "camp": null,
    "tokenKey": null,
    "appellation": "Sensor",
    "position": null,
    "tagList": null,
    "rarity": 0,
    "profession": "TRAP",
    "phases": [
      {
        "characterPrefabKey": "trap_005_sensor",
        "rangeId": null,
        "maxLevel": 30,
        "attributesKeyFrames": [
          {
            "level": 1,
            "data": {
              "maxHp": 100,
              "atk": 0,
              "def": 0,
              "magicResistance": 0.0,
              "cost": 5,
              "blockCnt": 3,
              "moveSpeed": 1.0,
              "attackSpeed": 100.0,
              "baseAttackTime": 1.0,
              "respawnTime": 5,
              "hpRecoveryPerSec": 0.0,
              "spRecoveryPerSec": 1.0,
              "maxDeployCount": 1,
              "tauntLevel": 0,
              "stunImmune": false
            }
          },
          {
            "level": 30,
            "data": {
              "maxHp": 100,
              "atk": 0,
              "def": 0,
              "magicResistance": 0.0,
              "cost": 5,
              "blockCnt": 3,
              "moveSpeed": 1.0,
              "attackSpeed": 100.0,
              "baseAttackTime": 1.0,
              "respawnTime": 5,
              "hpRecoveryPerSec": 0.0,
              "spRecoveryPerSec": 1.0,
              "maxDeployCount": 1,
              "tauntLevel": 0,
              "stunImmune": false
            }
          }
        ],
        "evolveCost": null
      }
    ],
    "skills": [
      {
        "skillId": "sktok_sensor",
        "levels": [
          {
            "unlockCond": {
              "phase": 0,
              "level": 1
            },
            "levelUpCost": null
          }
        ]
      }
    ],
    "talents": null,
    "potentialRanks": null,
    "favorKeyFrames": null
  }
}