{
  "zones": {
    "main_0": {
      "zoneID": "main_0",
      "zoneIndex": 0,
      "type": "MAINLINE",
      "zoneNameFirst": "序章",
      "zoneNameSecond": "黑暗时代·上",
      "zoneNameTitleCurrent": "00",
      "zoneNameTitleUnCurrent": "00",
      "zoneNameTitleEx": "EPISODE",
      "zoneNameThird": "EPISODE 00",
      "lockedText": "",
      "canPreview": false
    },
    "main_1": {
      "zoneID": "main_1",
      "zoneIndex": 1,
      "type": "MAINLINE",
      "zoneNameFirst": "第一章",
      "zoneNameSecond": "黑暗时代·下",
      "zoneNameTitleCurrent": "01",
      "zoneNameTitleUnCurrent": "01",
      "zoneNameTitleEx": "EPISODE",
      "zoneNameThird": "EPISODE 01",
      "lockedText": "完成上一章以解锁",
      "canPreview": true
    },
    "main_2": {
      "zoneID": "main_2",
      "zoneIndex": 2,
      "type": "MAINLINE",
      "zoneNameFirst": "第二章",
      "zoneNameSecond": "异卵同生",
      "zoneNameTitleCurrent": "02",
      "zoneNameTitleUnCurrent": "02",
      "zoneNameTitleEx": "EPISODE",
      "zoneNameThird": "EPISODE 02",
      "lockedText": "完成上一章以解锁",
      "canPreview": true
    },
    "main_3": {
      "zoneID": "main_3",
      "zoneIndex": 3,
      "type": "MAINLINE",
      "zoneNameFirst": "第三章",
      "zoneNameSecond": "二次呼吸",
      "zoneNameTitleCurrent": "03",
      "zoneNameTitleUnCurrent": "03",
      "zoneNameTitleEx": "EPISODE",
      "zoneNameThird": "EPISODE 03",
      "lockedText": "完成上一章以解锁",
      "canPreview": true
    },
    "main_4": {
      "zoneID": "main_4",
      "zoneIndex": 4,
      "type": "MAINLINE",
      "zoneNameFirst": "第四章",
      "zoneNameSecond": "急性衰竭",
      "zoneNameTitleCurrent": "04",
      "zoneNameTitleUnCurrent": "04",
      "zoneNameTitleEx": "EPISODE",
      "zoneNameThird": "EPISODE 04",
      "lockedText": "完成上一章以解锁",
      "canPreview": true
    },
    "main_5": {
      "zoneID": "main_5",
      "zoneIndex": 5,
      "type": "MAINLINE",
      "zoneNameFirst": "第五章",
      "zoneNameSecond": "靶向药物",
      "zoneNameTitleCurrent": "05",
      "zoneNameTitleUnCurrent": "05",
      "zoneNameTitleEx": "EPISODE",
      "zoneNameThird": "EPISODE 05",
      "lockedText": "完成上一章以解锁",
      "canPreview": true
    },
    "weekly_1": {
      "zoneID": "weekly_1",
      "zoneIndex": 1,
      "type": "WEEKLY",
      "zoneNameFirst": null,
      "zoneNameSecond": "固若金汤",
      "zoneNameTitleCurrent": null,
      "zoneNameTitleUnCurrent": null,
      "zoneNameTitleEx": null,
      "zoneNameThird": null,
      "lockedText": "当前不可进入",
      "canPreview": false
    },
    "weekly_2": {
      "zoneID": "weekly_2",
      "zoneIndex": 2,
      "type": "WEEKLY",
      "zoneNameFirst": null,
      "zoneNameSecond": "摧枯拉朽",
      "zoneNameTitleCurrent": null,
      "zoneNameTitleUnCurrent": null,
      "zoneNameTitleEx": null,
      "zoneNameThird": null,
      "lockedText": "当前不可进入",
      "canPreview": false
    },
    "weekly_3": {
      "zoneID": "weekly_3",
      "zoneIndex": 3,
      "type": "WEEKLY",
      "zoneNameFirst": null,
      "zoneNameSecond": "势不可挡",
      "zoneNameTitleCurrent": null,
      "zoneNameTitleUnCurrent": null,
      "zoneNameTitleEx": null,
      "zoneNameThird": null,
      "lockedText": "当前不可进入",
      "canPreview": false
    },
    "weekly_4": {
      "zoneID": "weekly_4",
      "zoneIndex": 4,
      "type": "WEEKLY",
      "zoneNameFirst": null,
      "zoneNameSecond": "身先士卒",
      "zoneNameTitleCurrent": null,
      "zoneNameTitleUnCurrent": null,
      "zoneNameTitleEx": null,
      "zoneNameThird": null,
      "lockedText": "当前不可进入",
      "canPreview": false
    },
    "weekly_5": {
      "zoneID": "weekly_5",
      "zoneIndex": 2,
      "type": "WEEKLY",
      "zoneNameFirst": null,
      "zoneNameSecond": "粉碎防御",
      "zoneNameTitleCurrent": null,
      "zoneNameTitleUnCurrent": null,
      "zoneNameTitleEx": null,
      "zoneNameThird": null,
      "lockedText": "当前不可进入",
      "canPreview": false
    },
    "weekly_6": {
      "zoneID": "weekly_6",
      "zoneIndex": 3,
      "type": "WEEKLY",
      "zoneNameFirst": null,
      "zoneNameSecond": "空中威胁",
      "zoneNameTitleCurrent": null,
      "zoneNameTitleUnCurrent": null,
      "zoneNameTitleEx": null,
      "zoneNameThird": null,
      "lockedText": "当前不可进入",
      "canPreview": false
    },
    "weekly_7": {
      "zoneID": "weekly_7",
      "zoneIndex": 1,
      "type": "WEEKLY",
      "zoneNameFirst": null,
      "zoneNameSecond": "战术演习",
      "zoneNameTitleCurrent": null,
      "zoneNameTitleUnCurrent": null,
      "zoneNameTitleEx": null,
      "zoneNameThird": null,
      "lockedText": "当前不可进入",
      "canPreview": false
    },
    "weekly_8": {
      "zoneID": "weekly_8",
      "zoneIndex": 4,
      "type": "WEEKLY",
      "zoneNameFirst": null,
      "zoneNameSecond": "资源保障",
      "zoneNameTitleCurrent": null,
      "zoneNameTitleUnCurrent": null,
      "zoneNameTitleEx": null,
      "zoneNameThird": null,
      "lockedText": "当前不可进入",
      "canPreview": false
    },
    "weekly_9": {
      "zoneID": "weekly_9",
      "zoneIndex": 5,
      "type": "WEEKLY",
      "zoneNameFirst": null,
      "zoneNameSecond": "货物运送",
      "zoneNameTitleCurrent": null,
      "zoneNameTitleUnCurrent": null,
      "zoneNameTitleEx": null,
      "zoneNameThird": null,
      "lockedText": "当前不可进入",
      "canPreview": false
    },
    "camp_1": {
      "zoneID": "camp_1",
      "zoneIndex": 0,
      "type": "CAMPAIGN",
      "zoneNameFirst": null,
      "zoneNameSecond": "剿灭作战",
      "zoneNameTitleCurrent": null,
      "zoneNameTitleUnCurrent": null,
      "zoneNameTitleEx": null,
      "zoneNameThird": null,
      "lockedText": "",
      "canPreview": false
    },
    "guide_1": {
      "zoneID": "guide_1",
      "zoneIndex": 0,
      "type": "GUIDE",
      "zoneNameFirst": null,
      "zoneNameSecond": null,
      "zoneNameTitleCurrent": null,
      "zoneNameTitleUnCurrent": null,
      "zoneNameTitleEx": null,
      "zoneNameThird": null,
      "lockedText": "",
      "canPreview": false
    },
    "A003_zone1": {
      "zoneID": "A003_zone1",
      "zoneIndex": 0,
      "type": "ACTIVITY",
      "zoneNameFirst": null,
      "zoneNameSecond": "主舞台",
      "zoneNameTitleCurrent": null,
      "zoneNameTitleUnCurrent": null,
      "zoneNameTitleEx": null,
      "zoneNameThird": null,
      "lockedText": null,
      "canPreview": false
    },
    "A003_zone2": {
      "zoneID": "A003_zone2",
      "zoneIndex": 1,
      "type": "ACTIVITY",
      "zoneNameFirst": null,
      "zoneNameSecond": "嘉年华",
      "zoneNameTitleCurrent": null,
      "zoneNameTitleUnCurrent": null,
      "zoneNameTitleEx": null,
      "zoneNameThird": null,
      "lockedText": null,
      "canPreview": false
    },
    "A003_zone3": {
      "zoneID": "A003_zone3",
      "zoneIndex": 2,
      "type": "ACTIVITY",
      "zoneNameFirst": null,
      "zoneNameSecond": "额外节目",
      "zoneNameTitleCurrent": null,
      "zoneNameTitleUnCurrent": null,
      "zoneNameTitleEx": null,
      "zoneNameThird": null,
      "lockedText": null,
      "canPreview": false
    },
    "A001_zone1": {
      "zoneID": "A001_zone1",
      "zoneIndex": 0,
      "type": "ACTIVITY",
      "zoneNameFirst": null,
      "zoneNameSecond": "滴水村周边",
      "zoneNameTitleCurrent": null,
      "zoneNameTitleUnCurrent": null,
      "zoneNameTitleEx": null,
      "zoneNameThird": null,
      "lockedText": null,
      "canPreview": false
    },
    "A001_zone2": {
      "zoneID": "A001_zone2",
      "zoneIndex": 1,
      "type": "ACTIVITY",
      "zoneNameFirst": null,
      "zoneNameSecond": "宝藏之路",
      "zoneNameTitleCurrent": null,
      "zoneNameTitleUnCurrent": null,
      "zoneNameTitleEx": null,
      "zoneNameThird": null,
      "lockedText": null,
      "canPreview": false
    }
  },
  "weeklyAdditionInfo": {
    "weekly_1": {
      "daysOfWeek": [
        1,
        4,
        5,
        7
      ],
      "type": "EVOLVE"
    },
    "weekly_2": {
      "daysOfWeek": [
        1,
        2,
        5,
        6
      ],
      "type": "EVOLVE"
    },
    "weekly_3": {
      "daysOfWeek": [
        3,
        4,
        6,
        7
      ],
      "type": "EVOLVE"
    },
    "weekly_4": {
      "daysOfWeek": [
        2,
        3,
        6,
        7
      ],
      "type": "EVOLVE"
    },
    "weekly_5": {
      "daysOfWeek": [
        1,
        4,
        6,
        7
      ],
      "type": "MATERIAL"
    },
    "weekly_6": {
      "daysOfWeek": [
        2,
        3,
        5,
        7
      ],
      "type": "MATERIAL"
    },
    "weekly_7": {
      "daysOfWeek": [
        1,
        2,
        3,
        4,
        5,
        6,
        7
      ],
      "type": "MATERIAL"
    },
    "weekly_8": {
      "daysOfWeek": [
        1,
        3,
        5,
        6
      ],
      "type": "MATERIAL"
    },
    "weekly_9": {
      "daysOfWeek": [
        2,
        4,
        6,
        7
      ],
      "type": "MATERIAL"
    }
  },
  "zoneValidInfo": {
    "A003_zone1": {
      "startTs": 1566892800,
      "endTs": 1568059199
    },
    "A003_zone2": {
      "startTs": 1566892800,
      "endTs": 1568059199
    },
    "A003_zone3": {
      "startTs": 1567454400,
      "endTs": 1568059199
    },
    "A001_zone1": {
      "startTs": 1559181600,
      "endTs": 1560369599
    },
    "A001_zone2": {
      "startTs": 1559764800,
      "endTs": 1560369599
    }
  }
}