{
  "options": {
    "characterLimit": 8,
    "maxLifePoint": 3,
    "initialCost": 30,
    "maxCost": 99,
    "costIncreaseTime": 1.0,
    "moveMultiplier": 0.5,
    "steeringEnabled": true,
    "isTrainingLevel": false,
    "functionDisableMask": 0
  },
  "levelId": null,
  "mapId": null,
  "bgmEvent": "chernoimp",
  "mapData": {
    "map": [
      [
        70,
        71,
        72,
        73,
        74,
        75,
        76,
        77,
        78,
        79
      ],
      [
        60,
        61,
        62,
        63,
        64,
        65,
        66,
        67,
        68,
        69
      ],
      [
        50,
        51,
        52,
        53,
        54,
        55,
        56,
        57,
        58,
        59
      ],
      [
        40,
        41,
        42,
        43,
        44,
        45,
        46,
        47,
        48,
        49
      ],
      [
        30,
        31,
        32,
        33,
        34,
        35,
        36,
        37,
        38,
        39
      ],
      [
        20,
        21,
        22,
        23,
        24,
        25,
        26,
        27,
        28,
        29
      ],
      [
        10,
        11,
        12,
        13,
        14,
        15,
        16,
        17,
        18,
        19
      ],
      [
        0,
        1,
        2,
        3,
        4,
        5,
        6,
        7,
        8,
        9
      ]
    ],
    "tiles": [
      {
        "tileKey": "tile_forbidden",
        "heightType": 1,
        "buildableType": 0,
        "passableMask": 2,
        "blackboard": null,
        "effects": null
      },
      {
        "tileKey": "tile_forbidden",
        "heightType": 1,
        "buildableType": 0,
        "passableMask": 2,
        "blackboard": null,
        "effects": null
      },
      {
        "tileKey": "tile_forbidden",
        "heightType": 1,
        "buildableType": 0,
        "passableMask": 2,
        "blackboard": null,
        "effects": null
      },
      {
        "tileKey": "tile_forbidden",
        "heightType": 1,
        "buildableType": 0,
        "passableMask": 2,
        "blackboard": null,
        "effects": null
      },
      {
        "tileKey": "tile_forbidden",
        "heightType": 1,
        "buildableType": 0,
        "passableMask": 2,
        "blackboard": null,
        "effects": null
      },
      {
        "tileKey": "tile_forbidden",
        "heightType": 1,
        "buildableType": 0,
        "passableMask": 2,
        "blackboard": null,
        "effects": null
      },
      {
        "tileKey": "tile_forbidden",
        "heightType": 1,
        "buildableType": 0,
        "passableMask": 2,
        "blackboard": null,
        "effects": null
      },
      {
        "tileKey": "tile_forbidden",
        "heightType": 1,
        "buildableType": 0,
        "passableMask": 2,
        "blackboard": null,
        "effects": null
      },
      {
        "tileKey": "tile_forbidden",
        "heightType": 1,
        "buildableType": 0,
        "passableMask": 2,
        "blackboard": null,
        "effects": null
      },
      {
        "tileKey": "tile_forbidden",
        "heightType": 1,
        "buildableType": 0,
        "passableMask": 2,
        "blackboard": null,
        "effects": null
      },
      {
        "tileKey": "tile_forbidden",
        "heightType": 1,
        "buildableType": 0,
        "passableMask": 2,
        "blackboard": null,
        "effects": null
      },
      {
        "tileKey": "tile_wall",
        "heightType": 1,
        "buildableType": 2,
        "passableMask": 2,
        "blackboard": null,
        "effects": null
      },
      {
        "tileKey": "tile_wall",
        "heightType": 1,
        "buildableType": 2,
        "passableMask": 2,
        "blackboard": null,
        "effects": null
      },
      {
        "tileKey": "tile_wall",
        "heightType": 1,
        "buildableType": 2,
        "passableMask": 2,
        "blackboard": null,
        "effects": null
      },
      {
        "tileKey": "tile_road",
        "heightType": 0,
        "buildableType": 1,
        "passableMask": 3,
        "blackboard": null,
        "effects": null
      },
      {
        "tileKey": "tile_road",
        "heightType": 0,
        "buildableType": 1,
        "passableMask": 3,
        "blackboard": null,
        "effects": null
      },
      {
        "tileKey": "tile_road",
        "heightType": 0,
        "buildableType": 1,
        "passableMask": 3,
        "blackboard": null,
        "effects": null
      },
      {
        "tileKey": "tile_road",
        "heightType": 0,
        "buildableType": 1,
        "passableMask": 3,
        "blackboard": null,
        "effects": null
      },
      {
        "tileKey": "tile_road",
        "heightType": 0,
        "buildableType": 1,
        "passableMask": 3,
        "blackboard": null,
        "effects": null
      },
      {
        "tileKey": "tile_start",
        "heightType": 0,
        "buildableType": 0,
        "passableMask": 3,
        "blackboard": null,
        "effects": null
      },
      {
        "tileKey": "tile_end",
        "heightType": 0,
        "buildableType": 0,
        "passableMask": 3,
        "blackboard": null,
        "effects": null
      },
      {
        "tileKey": "tile_road",
        "heightType": 0,
        "buildableType": 1,
        "passableMask": 3,
        "blackboard": null,
        "effects": null
      },
      {
        "tileKey": "tile_road",
        "heightType": 0,
        "buildableType": 1,
        "passableMask": 3,
        "blackboard": null,
        "effects": null
      },
      {
        "tileKey": "tile_road",
        "heightType": 0,
        "buildableType": 1,
        "passableMask": 3,
        "blackboard": null,
        "effects": null
      },
      {
        "tileKey": "tile_road",
        "heightType": 0,
        "buildableType": 1,
        "passableMask": 3,
        "blackboard": null,
        "effects": null
      },
      {
        "tileKey": "tile_road",
        "heightType": 0,
        "buildableType": 1,
        "passableMask": 3,
        "blackboard": null,
        "effects": null
      },
      {
        "tileKey": "tile_road",
        "heightType": 0,
        "buildableType": 1,
        "passableMask": 3,
        "blackboard": null,
        "effects": null
      },
      {
        "tileKey": "tile_road",
        "heightType": 0,
        "buildableType": 1,
        "passableMask": 3,
        "blackboard": null,
        "effects": null
      },
      {
        "tileKey": "tile_road",
        "heightType": 0,
        "buildableType": 1,
        "passableMask": 3,
        "blackboard": null,
        "effects": null
      },
      {
        "tileKey": "tile_start",
        "heightType": 0,
        "buildableType": 0,
        "passableMask": 3,
        "blackboard": null,
        "effects": null
      },
      {
        "tileKey": "tile_end",
        "heightType": 0,
        "buildableType": 0,
        "passableMask": 3,
        "blackboard": null,
        "effects": null
      },
      {
        "tileKey": "tile_road",
        "heightType": 0,
        "buildableType": 1,
        "passableMask": 3,
        "blackboard": null,
        "effects": null
      },
      {
        "tileKey": "tile_road",
        "heightType": 0,
        "buildableType": 1,
        "passableMask": 3,
        "blackboard": null,
        "effects": null
      },
      {
        "tileKey": "tile_road",
        "heightType": 0,
        "buildableType": 1,
        "passableMask": 3,
        "blackboard": null,
        "effects": null
      },
      {
        "tileKey": "tile_road",
        "heightType": 0,
        "buildableType": 1,
        "passableMask": 3,
        "blackboard": null,
        "effects": null
      },
      {
        "tileKey": "tile_road",
        "heightType": 0,
        "buildableType": 1,
        "passableMask": 3,
        "blackboard": null,
        "effects": null
      },
      {
        "tileKey": "tile_wall",
        "heightType": 1,
        "buildableType": 2,
        "passableMask": 2,
        "blackboard": null,
        "effects": null
      },
      {
        "tileKey": "tile_wall",
        "heightType": 1,
        "buildableType": 2,
        "passableMask": 2,
        "blackboard": null,
        "effects": null
      },
      {
        "tileKey": "tile_wall",
        "heightType": 1,
        "buildableType": 2,
        "passableMask": 2,
        "blackboard": null,
        "effects": null
      },
      {
        "tileKey": "tile_forbidden",
        "heightType": 1,
        "buildableType": 0,
        "passableMask": 2,
        "blackboard": null,
        "effects": null
      },
      {
        "tileKey": "tile_forbidden",
        "heightType": 1,
        "buildableType": 0,
        "passableMask": 2,
        "blackboard": null,
        "effects": null
      },
      {
        "tileKey": "tile_forbidden",
        "heightType": 1,
        "buildableType": 0,
        "passableMask": 2,
        "blackboard": null,
        "effects": null
      },
      {
        "tileKey": "tile_wall",
        "heightType": 1,
        "buildableType": 2,
        "passableMask": 2,
        "blackboard": null,
        "effects": null
      },
      {
        "tileKey": "tile_wall",
        "heightType": 1,
        "buildableType": 2,
        "passableMask": 2,
        "blackboard": null,
        "effects": null
      },
      {
        "tileKey": "tile_road",
        "heightType": 0,
        "buildableType": 1,
        "passableMask": 3,
        "blackboard": null,
        "effects": null
      },
      {
        "tileKey": "tile_road",
        "heightType": 0,
        "buildableType": 1,
        "passableMask": 3,
        "blackboard": null,
        "effects": null
      },
      {
        "tileKey": "tile_wall",
        "heightType": 1,
        "buildableType": 2,
        "passableMask": 2,
        "blackboard": null,
        "effects": null
      },
      {
        "tileKey": "tile_wall",
        "heightType": 1,
        "buildableType": 2,
        "passableMask": 2,
        "blackboard": null,
        "effects": null
      },
      {
        "tileKey": "tile_wall",
        "heightType": 1,
        "buildableType": 2,
        "passableMask": 2,
        "blackboard": null,
        "effects": null
      },
      {
        "tileKey": "tile_forbidden",
        "heightType": 1,
        "buildableType": 0,
        "passableMask": 2,
        "blackboard": null,
        "effects": null
      },
      {
        "tileKey": "tile_forbidden",
        "heightType": 1,
        "buildableType": 0,
        "passableMask": 2,
        "blackboard": null,
        "effects": null
      },
      {
        "tileKey": "tile_wall",
        "heightType": 1,
        "buildableType": 2,
        "passableMask": 2,
        "blackboard": null,
        "effects": null
      },
      {
        "tileKey": "tile_wall",
        "heightType": 1,
        "buildableType": 2,
        "passableMask": 2,
        "blackboard": null,
        "effects": null
      },
      {
        "tileKey": "tile_wall",
        "heightType": 1,
        "buildableType": 2,
        "passableMask": 2,
        "blackboard": null,
        "effects": null
      },
      {
        "tileKey": "tile_road",
        "heightType": 0,
        "buildableType": 1,
        "passableMask": 3,
        "blackboard": null,
        "effects": null
      },
      {
        "tileKey": "tile_road",
        "heightType": 0,
        "buildableType": 1,
        "passableMask": 3,
        "blackboard": null,
        "effects": null
      },
      {
        "tileKey": "tile_wall",
        "heightType": 1,
        "buildableType": 2,
        "passableMask": 2,
        "blackboard": null,
        "effects": null
      },
      {
        "tileKey": "tile_road",
        "heightType": 0,
        "buildableType": 1,
        "passableMask": 3,
        "blackboard": null,
        "effects": null
      },
      {
        "tileKey": "tile_road",
        "heightType": 0,
        "buildableType": 1,
        "passableMask": 3,
        "blackboard": null,
        "effects": null
      },
      {
        "tileKey": "tile_start",
        "heightType": 0,
        "buildableType": 0,
        "passableMask": 3,
        "blackboard": null,
        "effects": null
      },
      {
        "tileKey": "tile_forbidden",
        "heightType": 1,
        "buildableType": 0,
        "passableMask": 2,
        "blackboard": null,
        "effects": null
      },
      {
        "tileKey": "tile_floor",
        "heightType": 0,
        "buildableType": 0,
        "passableMask": 3,
        "blackboard": null,
        "effects": null
      },
      {
        "tileKey": "tile_floor",
        "heightType": 0,
        "buildableType": 0,
        "passableMask": 3,
        "blackboard": null,
        "effects": null
      },
      {
        "tileKey": "tile_forbidden",
        "heightType": 1,
        "buildableType": 0,
        "passableMask": 2,
        "blackboard": null,
        "effects": null
      },
      {
        "tileKey": "tile_road",
        "heightType": 0,
        "buildableType": 1,
        "passableMask": 3,
        "blackboard": null,
        "effects": null
      },
      {
        "tileKey": "tile_road",
        "heightType": 0,
        "buildableType": 1,
        "passableMask": 3,
        "blackboard": null,
        "effects": null
      },
      {
        "tileKey": "tile_wall",
        "heightType": 1,
        "buildableType": 2,
        "passableMask": 2,
        "blackboard": null,
        "effects": null
      },
      {
        "tileKey": "tile_road",
        "heightType": 0,
        "buildableType": 1,
        "passableMask": 3,
        "blackboard": null,
        "effects": null
      },
      {
        "tileKey": "tile_road",
        "heightType": 0,
        "buildableType": 1,
        "passableMask": 3,
        "blackboard": null,
        "effects": null
      },
      {
        "tileKey": "tile_end",
        "heightType": 0,
        "buildableType": 0,
        "passableMask": 3,
        "blackboard": null,
        "effects": null
      },
      {
        "tileKey": "tile_forbidden",
        "heightType": 1,
        "buildableType": 0,
        "passableMask": 2,
        "blackboard": null,
        "effects": null
      },
      {
        "tileKey": "tile_forbidden",
        "heightType": 1,
        "buildableType": 0,
        "passableMask": 2,
        "blackboard": null,
        "effects": null
      },
      {
        "tileKey": "tile_forbidden",
        "heightType": 1,
        "buildableType": 0,
        "passableMask": 2,
        "blackboard": null,
        "effects": null
      },
      {
        "tileKey": "tile_forbidden",
        "heightType": 1,
        "buildableType": 0,
        "passableMask": 2,
        "blackboard": null,
        "effects": null
      },
      {
        "tileKey": "tile_start",
        "heightType": 0,
        "buildableType": 0,
        "passableMask": 3,
        "blackboard": null,
        "effects": null
      },
      {
        "tileKey": "tile_start",
        "heightType": 0,
        "buildableType": 0,
        "passableMask": 3,
        "blackboard": null,
        "effects": null
      },
      {
        "tileKey": "tile_forbidden",
        "heightType": 1,
        "buildableType": 0,
        "passableMask": 2,
        "blackboard": null,
        "effects": null
      },
      {
        "tileKey": "tile_forbidden",
        "heightType": 1,
        "buildableType": 0,
        "passableMask": 2,
        "blackboard": null,
        "effects": null
      },
      {
        "tileKey": "tile_forbidden",
        "heightType": 1,
        "buildableType": 0,
        "passableMask": 2,
        "blackboard": null,
        "effects": null
      },
      {
        "tileKey": "tile_forbidden",
        "heightType": 1,
        "buildableType": 0,
        "passableMask": 2,
        "blackboard": null,
        "effects": null
      }
    ],
    "blockEdges": null,
    "effects": null,
    "width": 10,
    "height": 8
  },
  "tilesDisallowToLocate": [],
  "runes": null,
  "globalBuffs": [
    {
      "prefabKey": "periodic_damage",
      "blackboard": [
        {
          "key": "damage",
          "value": 20.0,
          "valueStr": null
        },
        {
          "key": "interval",
          "value": 0.5,
          "valueStr": null
        }
      ]
    }
  ],
  "routes": [
    {
      "motionMode": 0,
      "startPosition": {
        "row": 7,
        "col": 4
      },
      "endPosition": {
        "row": 3,
        "col": 0
      },
      "spawnRandomRange": {
        "x": 0.0,
        "y": 0.0
      },
      "spawnOffset": {
        "x": 0.0,
        "y": 0.0
      },
      "checkpoints": [
        {
          "type": 0,
          "time": 0.0,
          "position": {
            "row": 6,
            "col": 4
          },
          "reachOffset": {
            "x": 0.0,
            "y": 0.0
          },
          "randomizeReachOffset": false,
          "reachDistance": 0.0
        },
        {
          "type": 3,
          "time": 110.0,
          "position": {
            "row": 0,
            "col": 0
          },
          "reachOffset": {
            "x": 0.0,
            "y": 0.0
          },
          "randomizeReachOffset": false,
          "reachDistance": 0.0
        },
        {
          "type": 0,
          "time": 0.0,
          "position": {
            "row": 3,
            "col": 4
          },
          "reachOffset": {
            "x": 0.0,
            "y": 0.0
          },
          "randomizeReachOffset": false,
          "reachDistance": 0.0
        }
      ],
      "allowDiagonalMove": true,
      "visitEveryTileCenter": false,
      "visitEveryNodeCenter": false
    },
    {
      "motionMode": 0,
      "startPosition": {
        "row": 7,
        "col": 5
      },
      "endPosition": {
        "row": 2,
        "col": 0
      },
      "spawnRandomRange": {
        "x": 0.0,
        "y": 0.0
      },
      "spawnOffset": {
        "x": 0.0,
        "y": 0.0
      },
      "checkpoints": [
        {
          "type": 0,
          "time": 0.0,
          "position": {
            "row": 6,
            "col": 5
          },
          "reachOffset": {
            "x": 0.0,
            "y": 0.0
          },
          "randomizeReachOffset": false,
          "reachDistance": 0.0
        },
        {
          "type": 3,
          "time": 110.0,
          "position": {
            "row": 0,
            "col": 0
          },
          "reachOffset": {
            "x": 0.0,
            "y": 0.0
          },
          "randomizeReachOffset": false,
          "reachDistance": 0.0
        },
        {
          "type": 0,
          "time": 0.0,
          "position": {
            "row": 2,
            "col": 5
          },
          "reachOffset": {
            "x": 0.0,
            "y": 0.0
          },
          "randomizeReachOffset": false,
          "reachDistance": 0.0
        }
      ],
      "allowDiagonalMove": true,
      "visitEveryTileCenter": false,
      "visitEveryNodeCenter": false
    },
    {
      "motionMode": 0,
      "startPosition": {
        "row": 2,
        "col": 9
      },
      "endPosition": {
        "row": 3,
        "col": 0
      },
      "spawnRandomRange": {
        "x": 0.0,
        "y": 0.0
      },
      "spawnOffset": {
        "x": 0.0,
        "y": 0.0
      },
      "checkpoints": [
        {
          "type": 0,
          "time": 0.0,
          "position": {
            "row": 2,
            "col": 8
          },
          "reachOffset": {
            "x": 0.0,
            "y": 0.0
          },
          "randomizeReachOffset": false,
          "reachDistance": 0.0
        },
        {
          "type": 3,
          "time": 110.0,
          "position": {
            "row": 0,
            "col": 0
          },
          "reachOffset": {
            "x": 0.0,
            "y": 0.0
          },
          "randomizeReachOffset": false,
          "reachDistance": 0.0
        },
        {
          "type": 0,
          "time": 0.0,
          "position": {
            "row": 2,
            "col": 5
          },
          "reachOffset": {
            "x": 0.0,
            "y": 0.0
          },
          "randomizeReachOffset": false,
          "reachDistance": 0.0
        },
        {
          "type": 0,
          "time": 0.0,
          "position": {
            "row": 3,
            "col": 5
          },
          "reachOffset": {
            "x": 0.0,
            "y": 0.0
          },
          "randomizeReachOffset": false,
          "reachDistance": 0.0
        }
      ],
      "allowDiagonalMove": true,
      "visitEveryTileCenter": false,
      "visitEveryNodeCenter": false
    },
    {
      "motionMode": 0,
      "startPosition": {
        "row": 1,
        "col": 9
      },
      "endPosition": {
        "row": 2,
        "col": 0
      },
      "spawnRandomRange": {
        "x": 0.0,
        "y": 0.0
      },
      "spawnOffset": {
        "x": 0.0,
        "y": 0.0
      },
      "checkpoints": [
        {
          "type": 0,
          "time": 0.0,
          "position": {
            "row": 1,
            "col": 8
          },
          "reachOffset": {
            "x": 0.0,
            "y": 0.0
          },
          "randomizeReachOffset": false,
          "reachDistance": 0.0
        },
        {
          "type": 3,
          "time": 110.0,
          "position": {
            "row": 0,
            "col": 0
          },
          "reachOffset": {
            "x": 0.0,
            "y": 0.0
          },
          "randomizeReachOffset": false,
          "reachDistance": 0.0
        },
        {
          "type": 0,
          "time": 0.0,
          "position": {
            "row": 1,
            "col": 4
          },
          "reachOffset": {
            "x": 0.0,
            "y": 0.0
          },
          "randomizeReachOffset": false,
          "reachDistance": 0.0
        },
        {
          "type": 0,
          "time": 0.0,
          "position": {
            "row": 2,
            "col": 4
          },
          "reachOffset": {
            "x": 0.0,
            "y": 0.0
          },
          "randomizeReachOffset": false,
          "reachDistance": 0.0
        }
      ],
      "allowDiagonalMove": true,
      "visitEveryTileCenter": false,
      "visitEveryNodeCenter": false
    },
    {
      "motionMode": 1,
      "startPosition": {
        "row": 5,
        "col": 9
      },
      "endPosition": {
        "row": 2,
        "col": 0
      },
      "spawnRandomRange": {
        "x": 0.0,
        "y": 0.0
      },
      "spawnOffset": {
        "x": 0.0,
        "y": 0.0
      },
      "checkpoints": [
        {
          "type": 0,
          "time": 0.0,
          "position": {
            "row": 5,
            "col": 7
          },
          "reachOffset": {
            "x": 0.0,
            "y": 0.0
          },
          "randomizeReachOffset": false,
          "reachDistance": 0.0
        },
        {
          "type": 0,
          "time": 0.0,
          "position": {
            "row": 6,
            "col": 7
          },
          "reachOffset": {
            "x": 0.0,
            "y": 0.0
          },
          "randomizeReachOffset": false,
          "reachDistance": 0.0
        },
        {
          "type": 0,
          "time": 0.0,
          "position": {
            "row": 6,
            "col": 8
          },
          "reachOffset": {
            "x": 0.0,
            "y": 0.0
          },
          "randomizeReachOffset": false,
          "reachDistance": 0.0
        },
        {
          "type": 0,
          "time": 0.0,
          "position": {
            "row": 5,
            "col": 8
          },
          "reachOffset": {
            "x": 0.0,
            "y": 0.0
          },
          "randomizeReachOffset": false,
          "reachDistance": 0.0
        },
        {
          "type": 0,
          "time": 0.0,
          "position": {
            "row": 5,
            "col": 7
          },
          "reachOffset": {
            "x": 0.0,
            "y": 0.0
          },
          "randomizeReachOffset": false,
          "reachDistance": 0.0
        },
        {
          "type": 0,
          "time": 0.0,
          "position": {
            "row": 6,
            "col": 7
          },
          "reachOffset": {
            "x": 0.0,
            "y": 0.0
          },
          "randomizeReachOffset": false,
          "reachDistance": 0.0
        },
        {
          "type": 0,
          "time": 0.0,
          "position": {
            "row": 6,
            "col": 8
          },
          "reachOffset": {
            "x": 0.0,
            "y": 0.0
          },
          "randomizeReachOffset": false,
          "reachDistance": 0.0
        },
        {
          "type": 0,
          "time": 0.0,
          "position": {
            "row": 5,
            "col": 8
          },
          "reachOffset": {
            "x": 0.0,
            "y": 0.0
          },
          "randomizeReachOffset": false,
          "reachDistance": 0.0
        },
        {
          "type": 0,
          "time": 0.0,
          "position": {
            "row": 5,
            "col": 7
          },
          "reachOffset": {
            "x": 0.0,
            "y": 0.0
          },
          "randomizeReachOffset": false,
          "reachDistance": 0.0
        },
        {
          "type": 0,
          "time": 0.0,
          "position": {
            "row": 6,
            "col": 7
          },
          "reachOffset": {
            "x": 0.0,
            "y": 0.0
          },
          "randomizeReachOffset": false,
          "reachDistance": 0.0
        },
        {
          "type": 0,
          "time": 0.0,
          "position": {
            "row": 6,
            "col": 8
          },
          "reachOffset": {
            "x": 0.0,
            "y": 0.0
          },
          "randomizeReachOffset": false,
          "reachDistance": 0.0
        },
        {
          "type": 0,
          "time": 0.0,
          "position": {
            "row": 5,
            "col": 8
          },
          "reachOffset": {
            "x": 0.0,
            "y": 0.0
          },
          "randomizeReachOffset": false,
          "reachDistance": 0.0
        },
        {
          "type": 0,
          "time": 0.0,
          "position": {
            "row": 5,
            "col": 7
          },
          "reachOffset": {
            "x": 0.0,
            "y": 0.0
          },
          "randomizeReachOffset": false,
          "reachDistance": 0.0
        },
        {
          "type": 0,
          "time": 0.0,
          "position": {
            "row": 6,
            "col": 7
          },
          "reachOffset": {
            "x": 0.0,
            "y": 0.0
          },
          "randomizeReachOffset": false,
          "reachDistance": 0.0
        },
        {
          "type": 0,
          "time": 0.0,
          "position": {
            "row": 6,
            "col": 8
          },
          "reachOffset": {
            "x": 0.0,
            "y": 0.0
          },
          "randomizeReachOffset": false,
          "reachDistance": 0.0
        },
        {
          "type": 0,
          "time": 0.0,
          "position": {
            "row": 5,
            "col": 8
          },
          "reachOffset": {
            "x": 0.0,
            "y": 0.0
          },
          "randomizeReachOffset": false,
          "reachDistance": 0.0
        },
        {
          "type": 0,
          "time": 0.0,
          "position": {
            "row": 5,
            "col": 7
          },
          "reachOffset": {
            "x": 0.0,
            "y": 0.0
          },
          "randomizeReachOffset": false,
          "reachDistance": 0.0
        },
        {
          "type": 0,
          "time": 0.0,
          "position": {
            "row": 2,
            "col": 5
          },
          "reachOffset": {
            "x": 0.0,
            "y": 0.0
          },
          "randomizeReachOffset": false,
          "reachDistance": 0.0
        }
      ],
      "allowDiagonalMove": true,
      "visitEveryTileCenter": false,
      "visitEveryNodeCenter": false
    },
    {
      "motionMode": 0,
      "startPosition": {
        "row": 2,
        "col": 9
      },
      "endPosition": {
        "row": 3,
        "col": 0
      },
      "spawnRandomRange": {
        "x": 0.0,
        "y": 0.0
      },
      "spawnOffset": {
        "x": 0.0,
        "y": 0.0
      },
      "checkpoints": [
        {
          "type": 0,
          "time": 0.0,
          "position": {
            "row": 2,
            "col": 7
          },
          "reachOffset": {
            "x": 0.0,
            "y": 0.0
          },
          "randomizeReachOffset": false,
          "reachDistance": 0.0
        },
        {
          "type": 1,
          "time": 3.0,
          "position": {
            "row": 0,
            "col": 0
          },
          "reachOffset": {
            "x": 0.0,
            "y": 0.0
          },
          "randomizeReachOffset": false,
          "reachDistance": 0.0
        },
        {
          "type": 0,
          "time": 0.0,
          "position": {
            "row": 2,
            "col": 5
          },
          "reachOffset": {
            "x": 0.0,
            "y": 0.0
          },
          "randomizeReachOffset": false,
          "reachDistance": 0.0
        },
        {
          "type": 0,
          "time": 0.0,
          "position": {
            "row": 3,
            "col": 5
          },
          "reachOffset": {
            "x": 0.0,
            "y": 0.0
          },
          "randomizeReachOffset": false,
          "reachDistance": 0.0
        }
      ],
      "allowDiagonalMove": true,
      "visitEveryTileCenter": false,
      "visitEveryNodeCenter": false
    },
    {
      "motionMode": 0,
      "startPosition": {
        "row": 2,
        "col": 9
      },
      "endPosition": {
        "row": 3,
        "col": 0
      },
      "spawnRandomRange": {
        "x": 0.1,
        "y": 0.1
      },
      "spawnOffset": {
        "x": 0.0,
        "y": 0.0
      },
      "checkpoints": [
        {
          "type": 0,
          "time": 0.0,
          "position": {
            "row": 2,
            "col": 5
          },
          "reachOffset": {
            "x": 0.0,
            "y": 0.0
          },
          "randomizeReachOffset": false,
          "reachDistance": 0.0
        },
        {
          "type": 0,
          "time": 0.0,
          "position": {
            "row": 3,
            "col": 5
          },
          "reachOffset": {
            "x": 0.0,
            "y": 0.0
          },
          "randomizeReachOffset": false,
          "reachDistance": 0.0
        }
      ],
      "allowDiagonalMove": true,
      "visitEveryTileCenter": false,
      "visitEveryNodeCenter": false
    },
    {
      "motionMode": 0,
      "startPosition": {
        "row": 2,
        "col": 9
      },
      "endPosition": {
        "row": 3,
        "col": 0
      },
      "spawnRandomRange": {
        "x": 0.1,
        "y": 0.1
      },
      "spawnOffset": {
        "x": 0.0,
        "y": 0.0
      },
      "checkpoints": [
        {
          "type": 0,
          "time": 0.0,
          "position": {
            "row": 2,
            "col": 5
          },
          "reachOffset": {
            "x": 0.0,
            "y": 0.0
          },
          "randomizeReachOffset": false,
          "reachDistance": 0.0
        },
        {
          "type": 0,
          "time": 0.0,
          "position": {
            "row": 3,
            "col": 5
          },
          "reachOffset": {
            "x": 0.0,
            "y": 0.0
          },
          "randomizeReachOffset": false,
          "reachDistance": 0.0
        }
      ],
      "allowDiagonalMove": true,
      "visitEveryTileCenter": false,
      "visitEveryNodeCenter": false
    },
    {
      "motionMode": 0,
      "startPosition": {
        "row": 2,
        "col": 9
      },
      "endPosition": {
        "row": 3,
        "col": 0
      },
      "spawnRandomRange": {
        "x": 0.1,
        "y": 0.1
      },
      "spawnOffset": {
        "x": 0.0,
        "y": 0.0
      },
      "checkpoints": [
        {
          "type": 0,
          "time": 0.0,
          "position": {
            "row": 2,
            "col": 5
          },
          "reachOffset": {
            "x": 0.0,
            "y": 0.0
          },
          "randomizeReachOffset": false,
          "reachDistance": 0.0
        },
        {
          "type": 0,
          "time": 0.0,
          "position": {
            "row": 3,
            "col": 5
          },
          "reachOffset": {
            "x": 0.0,
            "y": 0.0
          },
          "randomizeReachOffset": false,
          "reachDistance": 0.0
        }
      ],
      "allowDiagonalMove": true,
      "visitEveryTileCenter": false,
      "visitEveryNodeCenter": false
    },
    null,
    {
      "motionMode": 0,
      "startPosition": {
        "row": 7,
        "col": 4
      },
      "endPosition": {
        "row": 2,
        "col": 0
      },
      "spawnRandomRange": {
        "x": 0.1,
        "y": 0.1
      },
      "spawnOffset": {
        "x": 0.0,
        "y": 0.0
      },
      "checkpoints": [
        {
          "type": 0,
          "time": 0.0,
          "position": {
            "row": 2,
            "col": 4
          },
          "reachOffset": {
            "x": 0.0,
            "y": 0.0
          },
          "randomizeReachOffset": false,
          "reachDistance": 0.0
        }
      ],
      "allowDiagonalMove": true,
      "visitEveryTileCenter": false,
      "visitEveryNodeCenter": false
    },
    {
      "motionMode": 0,
      "startPosition": {
        "row": 7,
        "col": 4
      },
      "endPosition": {
        "row": 2,
        "col": 0
      },
      "spawnRandomRange": {
        "x": 0.1,
        "y": 0.1
      },
      "spawnOffset": {
        "x": 0.0,
        "y": 0.0
      },
      "checkpoints": [
        {
          "type": 0,
          "time": 0.0,
          "position": {
            "row": 2,
            "col": 4
          },
          "reachOffset": {
            "x": 0.0,
            "y": 0.0
          },
          "randomizeReachOffset": false,
          "reachDistance": 0.0
        }
      ],
      "allowDiagonalMove": true,
      "visitEveryTileCenter": false,
      "visitEveryNodeCenter": false
    },
    {
      "motionMode": 0,
      "startPosition": {
        "row": 1,
        "col": 9
      },
      "endPosition": {
        "row": 2,
        "col": 0
      },
      "spawnRandomRange": {
        "x": 0.0,
        "y": 0.0
      },
      "spawnOffset": {
        "x": 0.0,
        "y": 0.0
      },
      "checkpoints": [
        {
          "type": 0,
          "time": 0.0,
          "position": {
            "row": 1,
            "col": 7
          },
          "reachOffset": {
            "x": 0.0,
            "y": 0.0
          },
          "randomizeReachOffset": false,
          "reachDistance": 0.0
        },
        {
          "type": 1,
          "time": 3.0,
          "position": {
            "row": 0,
            "col": 0
          },
          "reachOffset": {
            "x": 0.0,
            "y": 0.0
          },
          "randomizeReachOffset": false,
          "reachDistance": 0.0
        },
        {
          "type": 0,
          "time": 0.0,
          "position": {
            "row": 1,
            "col": 4
          },
          "reachOffset": {
            "x": 0.0,
            "y": 0.0
          },
          "randomizeReachOffset": false,
          "reachDistance": 0.0
        },
        {
          "type": 0,
          "time": 0.0,
          "position": {
            "row": 2,
            "col": 4
          },
          "reachOffset": {
            "x": 0.0,
            "y": 0.0
          },
          "randomizeReachOffset": false,
          "reachDistance": 0.0
        }
      ],
      "allowDiagonalMove": true,
      "visitEveryTileCenter": false,
      "visitEveryNodeCenter": false
    },
    {
      "motionMode": 0,
      "startPosition": {
        "row": 1,
        "col": 9
      },
      "endPosition": {
        "row": 2,
        "col": 0
      },
      "spawnRandomRange": {
        "x": 0.0,
        "y": 0.0
      },
      "spawnOffset": {
        "x": 0.0,
        "y": 0.0
      },
      "checkpoints": [
        {
          "type": 0,
          "time": 0.0,
          "position": {
            "row": 1,
            "col": 7
          },
          "reachOffset": {
            "x": 0.0,
            "y": 0.0
          },
          "randomizeReachOffset": false,
          "reachDistance": 0.0
        },
        {
          "type": 1,
          "time": 3.0,
          "position": {
            "row": 0,
            "col": 0
          },
          "reachOffset": {
            "x": 0.0,
            "y": 0.0
          },
          "randomizeReachOffset": false,
          "reachDistance": 0.0
        },
        {
          "type": 0,
          "time": 0.0,
          "position": {
            "row": 1,
            "col": 4
          },
          "reachOffset": {
            "x": 0.0,
            "y": 0.0
          },
          "randomizeReachOffset": false,
          "reachDistance": 0.0
        },
        {
          "type": 0,
          "time": 0.0,
          "position": {
            "row": 2,
            "col": 4
          },
          "reachOffset": {
            "x": 0.0,
            "y": 0.0
          },
          "randomizeReachOffset": false,
          "reachDistance": 0.0
        }
      ],
      "allowDiagonalMove": true,
      "visitEveryTileCenter": false,
      "visitEveryNodeCenter": false
    },
    {
      "motionMode": 0,
      "startPosition": {
        "row": 1,
        "col": 9
      },
      "endPosition": {
        "row": 2,
        "col": 0
      },
      "spawnRandomRange": {
        "x": 0.0,
        "y": 0.0
      },
      "spawnOffset": {
        "x": 0.0,
        "y": 0.0
      },
      "checkpoints": [
        {
          "type": 0,
          "time": 0.0,
          "position": {
            "row": 1,
            "col": 7
          },
          "reachOffset": {
            "x": 0.0,
            "y": 0.0
          },
          "randomizeReachOffset": false,
          "reachDistance": 0.0
        },
        {
          "type": 1,
          "time": 3.0,
          "position": {
            "row": 0,
            "col": 0
          },
          "reachOffset": {
            "x": 0.0,
            "y": 0.0
          },
          "randomizeReachOffset": false,
          "reachDistance": 0.0
        },
        {
          "type": 0,
          "time": 0.0,
          "position": {
            "row": 1,
            "col": 4
          },
          "reachOffset": {
            "x": 0.0,
            "y": 0.0
          },
          "randomizeReachOffset": false,
          "reachDistance": 0.0
        },
        {
          "type": 0,
          "time": 0.0,
          "position": {
            "row": 2,
            "col": 4
          },
          "reachOffset": {
            "x": 0.0,
            "y": 0.0
          },
          "randomizeReachOffset": false,
          "reachDistance": 0.0
        }
      ],
      "allowDiagonalMove": true,
      "visitEveryTileCenter": false,
      "visitEveryNodeCenter": false
    },
    {
      "motionMode": 0,
      "startPosition": {
        "row": 1,
        "col": 9
      },
      "endPosition": {
        "row": 2,
        "col": 0
      },
      "spawnRandomRange": {
        "x": 0.0,
        "y": 0.0
      },
      "spawnOffset": {
        "x": 0.0,
        "y": 0.0
      },
      "checkpoints": [
        {
          "type": 0,
          "time": 0.0,
          "position": {
            "row": 1,
            "col": 7
          },
          "reachOffset": {
            "x": 0.0,
            "y": 0.0
          },
          "randomizeReachOffset": false,
          "reachDistance": 0.0
        },
        {
          "type": 1,
          "time": 3.0,
          "position": {
            "row": 0,
            "col": 0
          },
          "reachOffset": {
            "x": 0.0,
            "y": 0.0
          },
          "randomizeReachOffset": false,
          "reachDistance": 0.0
        },
        {
          "type": 0,
          "time": 0.0,
          "position": {
            "row": 1,
            "col": 4
          },
          "reachOffset": {
            "x": 0.0,
            "y": 0.0
          },
          "randomizeReachOffset": false,
          "reachDistance": 0.0
        },
        {
          "type": 0,
          "time": 0.0,
          "position": {
            "row": 2,
            "col": 4
          },
          "reachOffset": {
            "x": 0.0,
            "y": 0.0
          },
          "randomizeReachOffset": false,
          "reachDistance": 0.0
        }
      ],
      "allowDiagonalMove": true,
      "visitEveryTileCenter": false,
      "visitEveryNodeCenter": false
    },
    {
      "motionMode": 1,
      "startPosition": {
        "row": 5,
        "col": 9
      },
      "endPosition": {
        "row": 2,
        "col": 0
      },
      "spawnRandomRange": {
        "x": 0.0,
        "y": 0.0
      },
      "spawnOffset": {
        "x": 0.0,
        "y": 0.0
      },
      "checkpoints": [
        {
          "type": 0,
          "time": 0.0,
          "position": {
            "row": 5,
            "col": 7
          },
          "reachOffset": {
            "x": 0.0,
            "y": 0.0
          },
          "randomizeReachOffset": false,
          "reachDistance": 0.0
        },
        {
          "type": 0,
          "time": 0.0,
          "position": {
            "row": 6,
            "col": 7
          },
          "reachOffset": {
            "x": 0.0,
            "y": 0.0
          },
          "randomizeReachOffset": false,
          "reachDistance": 0.0
        },
        {
          "type": 0,
          "time": 0.0,
          "position": {
            "row": 6,
            "col": 8
          },
          "reachOffset": {
            "x": 0.0,
            "y": 0.0
          },
          "randomizeReachOffset": false,
          "reachDistance": 0.0
        },
        {
          "type": 0,
          "time": 0.0,
          "position": {
            "row": 5,
            "col": 8
          },
          "reachOffset": {
            "x": 0.0,
            "y": 0.0
          },
          "randomizeReachOffset": false,
          "reachDistance": 0.0
        },
        {
          "type": 0,
          "time": 0.0,
          "position": {
            "row": 5,
            "col": 7
          },
          "reachOffset": {
            "x": 0.0,
            "y": 0.0
          },
          "randomizeReachOffset": false,
          "reachDistance": 0.0
        },
        {
          "type": 0,
          "time": 0.0,
          "position": {
            "row": 6,
            "col": 7
          },
          "reachOffset": {
            "x": 0.0,
            "y": 0.0
          },
          "randomizeReachOffset": false,
          "reachDistance": 0.0
        },
        {
          "type": 0,
          "time": 0.0,
          "position": {
            "row": 6,
            "col": 8
          },
          "reachOffset": {
            "x": 0.0,
            "y": 0.0
          },
          "randomizeReachOffset": false,
          "reachDistance": 0.0
        },
        {
          "type": 0,
          "time": 0.0,
          "position": {
            "row": 5,
            "col": 8
          },
          "reachOffset": {
            "x": 0.0,
            "y": 0.0
          },
          "randomizeReachOffset": false,
          "reachDistance": 0.0
        },
        {
          "type": 0,
          "time": 0.0,
          "position": {
            "row": 5,
            "col": 7
          },
          "reachOffset": {
            "x": 0.0,
            "y": 0.0
          },
          "randomizeReachOffset": false,
          "reachDistance": 0.0
        },
        {
          "type": 0,
          "time": 0.0,
          "position": {
            "row": 6,
            "col": 7
          },
          "reachOffset": {
            "x": 0.0,
            "y": 0.0
          },
          "randomizeReachOffset": false,
          "reachDistance": 0.0
        },
        {
          "type": 0,
          "time": 0.0,
          "position": {
            "row": 6,
            "col": 8
          },
          "reachOffset": {
            "x": 0.0,
            "y": 0.0
          },
          "randomizeReachOffset": false,
          "reachDistance": 0.0
        },
        {
          "type": 0,
          "time": 0.0,
          "position": {
            "row": 5,
            "col": 8
          },
          "reachOffset": {
            "x": 0.0,
            "y": 0.0
          },
          "randomizeReachOffset": false,
          "reachDistance": 0.0
        },
        {
          "type": 0,
          "time": 0.0,
          "position": {
            "row": 5,
            "col": 7
          },
          "reachOffset": {
            "x": 0.0,
            "y": 0.0
          },
          "randomizeReachOffset": false,
          "reachDistance": 0.0
        },
        {
          "type": 0,
          "time": 0.0,
          "position": {
            "row": 6,
            "col": 7
          },
          "reachOffset": {
            "x": 0.0,
            "y": 0.0
          },
          "randomizeReachOffset": false,
          "reachDistance": 0.0
        },
        {
          "type": 0,
          "time": 0.0,
          "position": {
            "row": 6,
            "col": 8
          },
          "reachOffset": {
            "x": 0.0,
            "y": 0.0
          },
          "randomizeReachOffset": false,
          "reachDistance": 0.0
        },
        {
          "type": 0,
          "time": 0.0,
          "position": {
            "row": 5,
            "col": 8
          },
          "reachOffset": {
            "x": 0.0,
            "y": 0.0
          },
          "randomizeReachOffset": false,
          "reachDistance": 0.0
        },
        {
          "type": 0,
          "time": 0.0,
          "position": {
            "row": 5,
            "col": 7
          },
          "reachOffset": {
            "x": 0.0,
            "y": 0.0
          },
          "randomizeReachOffset": false,
          "reachDistance": 0.0
        },
        {
          "type": 0,
          "time": 0.0,
          "position": {
            "row": 2,
            "col": 5
          },
          "reachOffset": {
            "x": 0.0,
            "y": 0.0
          },
          "randomizeReachOffset": false,
          "reachDistance": 0.0
        }
      ],
      "allowDiagonalMove": true,
      "visitEveryTileCenter": false,
      "visitEveryNodeCenter": false
    },
    null,
    {
      "motionMode": 0,
      "startPosition": {
        "row": 5,
        "col": 9
      },
      "endPosition": {
        "row": 6,
        "col": 9
      },
      "spawnRandomRange": {
        "x": 0.0,
        "y": 0.0
      },
      "spawnOffset": {
        "x": 0.0,
        "y": 0.0
      },
      "checkpoints": [
        {
          "type": 0,
          "time": 0.0,
          "position": {
            "row": 5,
            "col": 8
          },
          "reachOffset": {
            "x": 0.0,
            "y": 0.0
          },
          "randomizeReachOffset": false,
          "reachDistance": 0.0
        },
        {
          "type": 1,
          "time": 40.0,
          "position": {
            "row": 0,
            "col": 0
          },
          "reachOffset": {
            "x": 0.0,
            "y": 0.0
          },
          "randomizeReachOffset": false,
          "reachDistance": 0.0
        },
        {
          "type": 0,
          "time": 0.0,
          "position": {
            "row": 5,
            "col": 7
          },
          "reachOffset": {
            "x": 0.0,
            "y": 0.0
          },
          "randomizeReachOffset": false,
          "reachDistance": 0.0
        },
        {
          "type": 0,
          "time": 0.0,
          "position": {
            "row": 6,
            "col": 7
          },
          "reachOffset": {
            "x": 0.0,
            "y": 0.0
          },
          "randomizeReachOffset": false,
          "reachDistance": 0.0
        }
      ],
      "allowDiagonalMove": true,
      "visitEveryTileCenter": false,
      "visitEveryNodeCenter": false
    },
    {
      "motionMode": 1,
      "startPosition": {
        "row": 5,
        "col": 9
      },
      "endPosition": {
        "row": 2,
        "col": 0
      },
      "spawnRandomRange": {
        "x": 0.0,
        "y": 0.0
      },
      "spawnOffset": {
        "x": 0.0,
        "y": 0.0
      },
      "checkpoints": [
        {
          "type": 0,
          "time": 0.0,
          "position": {
            "row": 5,
            "col": 7
          },
          "reachOffset": {
            "x": 0.0,
            "y": 0.0
          },
          "randomizeReachOffset": false,
          "reachDistance": 0.0
        },
        {
          "type": 0,
          "time": 0.0,
          "position": {
            "row": 6,
            "col": 7
          },
          "reachOffset": {
            "x": 0.0,
            "y": 0.0
          },
          "randomizeReachOffset": false,
          "reachDistance": 0.0
        },
        {
          "type": 0,
          "time": 0.0,
          "position": {
            "row": 6,
            "col": 8
          },
          "reachOffset": {
            "x": 0.0,
            "y": 0.0
          },
          "randomizeReachOffset": false,
          "reachDistance": 0.0
        },
        {
          "type": 0,
          "time": 0.0,
          "position": {
            "row": 5,
            "col": 8
          },
          "reachOffset": {
            "x": 0.0,
            "y": 0.0
          },
          "randomizeReachOffset": false,
          "reachDistance": 0.0
        },
        {
          "type": 0,
          "time": 0.0,
          "position": {
            "row": 5,
            "col": 7
          },
          "reachOffset": {
            "x": 0.0,
            "y": 0.0
          },
          "randomizeReachOffset": false,
          "reachDistance": 0.0
        },
        {
          "type": 0,
          "time": 0.0,
          "position": {
            "row": 6,
            "col": 7
          },
          "reachOffset": {
            "x": 0.0,
            "y": 0.0
          },
          "randomizeReachOffset": false,
          "reachDistance": 0.0
        },
        {
          "type": 0,
          "time": 0.0,
          "position": {
            "row": 6,
            "col": 8
          },
          "reachOffset": {
            "x": 0.0,
            "y": 0.0
          },
          "randomizeReachOffset": false,
          "reachDistance": 0.0
        },
        {
          "type": 0,
          "time": 0.0,
          "position": {
            "row": 5,
            "col": 8
          },
          "reachOffset": {
            "x": 0.0,
            "y": 0.0
          },
          "randomizeReachOffset": false,
          "reachDistance": 0.0
        },
        {
          "type": 0,
          "time": 0.0,
          "position": {
            "row": 5,
            "col": 7
          },
          "reachOffset": {
            "x": 0.0,
            "y": 0.0
          },
          "randomizeReachOffset": false,
          "reachDistance": 0.0
        },
        {
          "type": 0,
          "time": 0.0,
          "position": {
            "row": 6,
            "col": 7
          },
          "reachOffset": {
            "x": 0.0,
            "y": 0.0
          },
          "randomizeReachOffset": false,
          "reachDistance": 0.0
        },
        {
          "type": 0,
          "time": 0.0,
          "position": {
            "row": 6,
            "col": 8
          },
          "reachOffset": {
            "x": 0.0,
            "y": 0.0
          },
          "randomizeReachOffset": false,
          "reachDistance": 0.0
        },
        {
          "type": 0,
          "time": 0.0,
          "position": {
            "row": 5,
            "col": 8
          },
          "reachOffset": {
            "x": 0.0,
            "y": 0.0
          },
          "randomizeReachOffset": false,
          "reachDistance": 0.0
        },
        {
          "type": 0,
          "time": 0.0,
          "position": {
            "row": 5,
            "col": 7
          },
          "reachOffset": {
            "x": 0.0,
            "y": 0.0
          },
          "randomizeReachOffset": false,
          "reachDistance": 0.0
        },
        {
          "type": 0,
          "time": 0.0,
          "position": {
            "row": 6,
            "col": 7
          },
          "reachOffset": {
            "x": 0.0,
            "y": 0.0
          },
          "randomizeReachOffset": false,
          "reachDistance": 0.0
        },
        {
          "type": 0,
          "time": 0.0,
          "position": {
            "row": 6,
            "col": 8
          },
          "reachOffset": {
            "x": 0.0,
            "y": 0.0
          },
          "randomizeReachOffset": false,
          "reachDistance": 0.0
        },
        {
          "type": 0,
          "time": 0.0,
          "position": {
            "row": 5,
            "col": 8
          },
          "reachOffset": {
            "x": 0.0,
            "y": 0.0
          },
          "randomizeReachOffset": false,
          "reachDistance": 0.0
        },
        {
          "type": 0,
          "time": 0.0,
          "position": {
            "row": 5,
            "col": 7
          },
          "reachOffset": {
            "x": 0.0,
            "y": 0.0
          },
          "randomizeReachOffset": false,
          "reachDistance": 0.0
        },
        {
          "type": 0,
          "time": 0.0,
          "position": {
            "row": 2,
            "col": 5
          },
          "reachOffset": {
            "x": 0.0,
            "y": 0.0
          },
          "randomizeReachOffset": false,
          "reachDistance": 0.0
        }
      ],
      "allowDiagonalMove": true,
      "visitEveryTileCenter": false,
      "visitEveryNodeCenter": false
    },
    {
      "motionMode": 0,
      "startPosition": {
        "row": 7,
        "col": 5
      },
      "endPosition": {
        "row": 3,
        "col": 0
      },
      "spawnRandomRange": {
        "x": 0.1,
        "y": 0.1
      },
      "spawnOffset": {
        "x": 0.0,
        "y": 0.0
      },
      "checkpoints": [
        {
          "type": 0,
          "time": 0.0,
          "position": {
            "row": 5,
            "col": 5
          },
          "reachOffset": {
            "x": 0.0,
            "y": 0.0
          },
          "randomizeReachOffset": false,
          "reachDistance": 0.0
        },
        {
          "type": 1,
          "time": 5.0,
          "position": {
            "row": 0,
            "col": 0
          },
          "reachOffset": {
            "x": 0.0,
            "y": 0.0
          },
          "randomizeReachOffset": false,
          "reachDistance": 0.0
        },
        {
          "type": 0,
          "time": 0.0,
          "position": {
            "row": 3,
            "col": 5
          },
          "reachOffset": {
            "x": 0.0,
            "y": 0.0
          },
          "randomizeReachOffset": false,
          "reachDistance": 0.0
        }
      ],
      "allowDiagonalMove": true,
      "visitEveryTileCenter": false,
      "visitEveryNodeCenter": false
    },
    {
      "motionMode": 0,
      "startPosition": {
        "row": 7,
        "col": 5
      },
      "endPosition": {
        "row": 3,
        "col": 0
      },
      "spawnRandomRange": {
        "x": 0.1,
        "y": 0.1
      },
      "spawnOffset": {
        "x": 0.0,
        "y": 0.0
      },
      "checkpoints": [
        {
          "type": 0,
          "time": 0.0,
          "position": {
            "row": 3,
            "col": 5
          },
          "reachOffset": {
            "x": 0.0,
            "y": 0.0
          },
          "randomizeReachOffset": false,
          "reachDistance": 0.0
        }
      ],
      "allowDiagonalMove": true,
      "visitEveryTileCenter": false,
      "visitEveryNodeCenter": false
    },
    {
      "motionMode": 0,
      "startPosition": {
        "row": 7,
        "col": 4
      },
      "endPosition": {
        "row": 2,
        "col": 0
      },
      "spawnRandomRange": {
        "x": 0.1,
        "y": 0.1
      },
      "spawnOffset": {
        "x": 0.0,
        "y": 0.0
      },
      "checkpoints": [
        {
          "type": 0,
          "time": 0.0,
          "position": {
            "row": 2,
            "col": 4
          },
          "reachOffset": {
            "x": 0.0,
            "y": 0.0
          },
          "randomizeReachOffset": false,
          "reachDistance": 0.0
        }
      ],
      "allowDiagonalMove": true,
      "visitEveryTileCenter": false,
      "visitEveryNodeCenter": false
    },
    {
      "motionMode": 0,
      "startPosition": {
        "row": 1,
        "col": 9
      },
      "endPosition": {
        "row": 2,
        "col": 0
      },
      "spawnRandomRange": {
        "x": 0.0,
        "y": 0.0
      },
      "spawnOffset": {
        "x": 0.0,
        "y": 0.0
      },
      "checkpoints": [
        {
          "type": 0,
          "time": 0.0,
          "position": {
            "row": 1,
            "col": 4
          },
          "reachOffset": {
            "x": 0.0,
            "y": 0.0
          },
          "randomizeReachOffset": false,
          "reachDistance": 0.0
        },
        {
          "type": 0,
          "time": 0.0,
          "position": {
            "row": 2,
            "col": 4
          },
          "reachOffset": {
            "x": 0.0,
            "y": 0.0
          },
          "randomizeReachOffset": false,
          "reachDistance": 0.0
        }
      ],
      "allowDiagonalMove": true,
      "visitEveryTileCenter": false,
      "visitEveryNodeCenter": false
    },
    {
      "motionMode": 0,
      "startPosition": {
        "row": 1,
        "col": 9
      },
      "endPosition": {
        "row": 2,
        "col": 0
      },
      "spawnRandomRange": {
        "x": 0.0,
        "y": 0.0
      },
      "spawnOffset": {
        "x": 0.0,
        "y": 0.0
      },
      "checkpoints": [
        {
          "type": 0,
          "time": 0.0,
          "position": {
            "row": 1,
            "col": 4
          },
          "reachOffset": {
            "x": 0.0,
            "y": 0.0
          },
          "randomizeReachOffset": false,
          "reachDistance": 0.0
        },
        {
          "type": 0,
          "time": 0.0,
          "position": {
            "row": 2,
            "col": 4
          },
          "reachOffset": {
            "x": 0.0,
            "y": 0.0
          },
          "randomizeReachOffset": false,
          "reachDistance": 0.0
        }
      ],
      "allowDiagonalMove": true,
      "visitEveryTileCenter": false,
      "visitEveryNodeCenter": false
    },
    {
      "motionMode": 0,
      "startPosition": {
        "row": 1,
        "col": 9
      },
      "endPosition": {
        "row": 2,
        "col": 0
      },
      "spawnRandomRange": {
        "x": 0.0,
        "y": 0.0
      },
      "spawnOffset": {
        "x": 0.0,
        "y": 0.0
      },
      "checkpoints": [
        {
          "type": 0,
          "time": 0.0,
          "position": {
            "row": 1,
            "col": 4
          },
          "reachOffset": {
            "x": 0.0,
            "y": 0.0
          },
          "randomizeReachOffset": false,
          "reachDistance": 0.0
        },
        {
          "type": 0,
          "time": 0.0,
          "position": {
            "row": 2,
            "col": 4
          },
          "reachOffset": {
            "x": 0.0,
            "y": 0.0
          },
          "randomizeReachOffset": false,
          "reachDistance": 0.0
        }
      ],
      "allowDiagonalMove": true,
      "visitEveryTileCenter": false,
      "visitEveryNodeCenter": false
    },
    {
      "motionMode": 0,
      "startPosition": {
        "row": 1,
        "col": 9
      },
      "endPosition": {
        "row": 2,
        "col": 0
      },
      "spawnRandomRange": {
        "x": 0.0,
        "y": 0.0
      },
      "spawnOffset": {
        "x": 0.0,
        "y": 0.0
      },
      "checkpoints": [
        {
          "type": 0,
          "time": 0.0,
          "position": {
            "row": 1,
            "col": 4
          },
          "reachOffset": {
            "x": 0.0,
            "y": 0.0
          },
          "randomizeReachOffset": false,
          "reachDistance": 0.0
        },
        {
          "type": 0,
          "time": 0.0,
          "position": {
            "row": 2,
            "col": 4
          },
          "reachOffset": {
            "x": 0.0,
            "y": 0.0
          },
          "randomizeReachOffset": false,
          "reachDistance": 0.0
        }
      ],
      "allowDiagonalMove": true,
      "visitEveryTileCenter": false,
      "visitEveryNodeCenter": false
    },
    {
      "motionMode": 0,
      "startPosition": {
        "row": 1,
        "col": 9
      },
      "endPosition": {
        "row": 2,
        "col": 0
      },
      "spawnRandomRange": {
        "x": 0.0,
        "y": 0.0
      },
      "spawnOffset": {
        "x": 0.0,
        "y": 0.0
      },
      "checkpoints": [
        {
          "type": 0,
          "time": 0.0,
          "position": {
            "row": 1,
            "col": 4
          },
          "reachOffset": {
            "x": 0.0,
            "y": 0.0
          },
          "randomizeReachOffset": false,
          "reachDistance": 0.0
        },
        {
          "type": 0,
          "time": 0.0,
          "position": {
            "row": 2,
            "col": 4
          },
          "reachOffset": {
            "x": 0.0,
            "y": 0.0
          },
          "randomizeReachOffset": false,
          "reachDistance": 0.0
        }
      ],
      "allowDiagonalMove": true,
      "visitEveryTileCenter": false,
      "visitEveryNodeCenter": false
    },
    {
      "motionMode": 0,
      "startPosition": {
        "row": 2,
        "col": 9
      },
      "endPosition": {
        "row": 3,
        "col": 0
      },
      "spawnRandomRange": {
        "x": 0.1,
        "y": 0.1
      },
      "spawnOffset": {
        "x": 0.0,
        "y": 0.0
      },
      "checkpoints": [
        {
          "type": 0,
          "time": 0.0,
          "position": {
            "row": 2,
            "col": 5
          },
          "reachOffset": {
            "x": 0.0,
            "y": 0.0
          },
          "randomizeReachOffset": false,
          "reachDistance": 0.0
        },
        {
          "type": 0,
          "time": 0.0,
          "position": {
            "row": 3,
            "col": 5
          },
          "reachOffset": {
            "x": 0.0,
            "y": 0.0
          },
          "randomizeReachOffset": false,
          "reachDistance": 0.0
        }
      ],
      "allowDiagonalMove": true,
      "visitEveryTileCenter": false,
      "visitEveryNodeCenter": false
    },
    {
      "motionMode": 0,
      "startPosition": {
        "row": 2,
        "col": 9
      },
      "endPosition": {
        "row": 3,
        "col": 0
      },
      "spawnRandomRange": {
        "x": 0.1,
        "y": 0.1
      },
      "spawnOffset": {
        "x": 0.0,
        "y": 0.0
      },
      "checkpoints": [
        {
          "type": 0,
          "time": 0.0,
          "position": {
            "row": 2,
            "col": 5
          },
          "reachOffset": {
            "x": 0.0,
            "y": 0.0
          },
          "randomizeReachOffset": false,
          "reachDistance": 0.0
        },
        {
          "type": 0,
          "time": 0.0,
          "position": {
            "row": 3,
            "col": 5
          },
          "reachOffset": {
            "x": 0.0,
            "y": 0.0
          },
          "randomizeReachOffset": false,
          "reachDistance": 0.0
        }
      ],
      "allowDiagonalMove": true,
      "visitEveryTileCenter": false,
      "visitEveryNodeCenter": false
    },
    {
      "motionMode": 0,
      "startPosition": {
        "row": 2,
        "col": 9
      },
      "endPosition": {
        "row": 3,
        "col": 0
      },
      "spawnRandomRange": {
        "x": 0.1,
        "y": 0.1
      },
      "spawnOffset": {
        "x": 0.0,
        "y": 0.0
      },
      "checkpoints": [
        {
          "type": 0,
          "time": 0.0,
          "position": {
            "row": 2,
            "col": 5
          },
          "reachOffset": {
            "x": 0.0,
            "y": 0.0
          },
          "randomizeReachOffset": false,
          "reachDistance": 0.0
        },
        {
          "type": 0,
          "time": 0.0,
          "position": {
            "row": 3,
            "col": 5
          },
          "reachOffset": {
            "x": 0.0,
            "y": 0.0
          },
          "randomizeReachOffset": false,
          "reachDistance": 0.0
        }
      ],
      "allowDiagonalMove": true,
      "visitEveryTileCenter": false,
      "visitEveryNodeCenter": false
    },
    {
      "motionMode": 0,
      "startPosition": {
        "row": 2,
        "col": 9
      },
      "endPosition": {
        "row": 3,
        "col": 0
      },
      "spawnRandomRange": {
        "x": 0.1,
        "y": 0.1
      },
      "spawnOffset": {
        "x": 0.0,
        "y": 0.0
      },
      "checkpoints": [
        {
          "type": 0,
          "time": 0.0,
          "position": {
            "row": 2,
            "col": 5
          },
          "reachOffset": {
            "x": 0.0,
            "y": 0.0
          },
          "randomizeReachOffset": false,
          "reachDistance": 0.0
        },
        {
          "type": 0,
          "time": 0.0,
          "position": {
            "row": 3,
            "col": 5
          },
          "reachOffset": {
            "x": 0.0,
            "y": 0.0
          },
          "randomizeReachOffset": false,
          "reachDistance": 0.0
        }
      ],
      "allowDiagonalMove": true,
      "visitEveryTileCenter": false,
      "visitEveryNodeCenter": false
    },
    {
      "motionMode": 0,
      "startPosition": {
        "row": 2,
        "col": 9
      },
      "endPosition": {
        "row": 3,
        "col": 0
      },
      "spawnRandomRange": {
        "x": 0.1,
        "y": 0.1
      },
      "spawnOffset": {
        "x": 0.0,
        "y": 0.0
      },
      "checkpoints": [
        {
          "type": 0,
          "time": 0.0,
          "position": {
            "row": 2,
            "col": 5
          },
          "reachOffset": {
            "x": 0.0,
            "y": 0.0
          },
          "randomizeReachOffset": false,
          "reachDistance": 0.0
        },
        {
          "type": 0,
          "time": 0.0,
          "position": {
            "row": 3,
            "col": 5
          },
          "reachOffset": {
            "x": 0.0,
            "y": 0.0
          },
          "randomizeReachOffset": false,
          "reachDistance": 0.0
        }
      ],
      "allowDiagonalMove": true,
      "visitEveryTileCenter": false,
      "visitEveryNodeCenter": false
    }
  ],
  "enemies": [],
  "enemyDbRefs": [
    {
      "useDb": true,
      "id": "enemy_1000_gopro_3",
      "level": 0,
      "overwrittenData": null
    },
    {
      "useDb": true,
      "id": "enemy_1003_ncbow_2",
      "level": 0,
      "overwrittenData": null
    },
    {
      "useDb": true,
      "id": "enemy_1018_aoemag",
      "level": 0,
      "overwrittenData": {
        "name": {
          "m_defined": false,
          "m_value": null
        },
        "description": {
          "m_defined": false,
          "m_value": null
        },
        "prefabKey": {
          "m_defined": false,
          "m_value": null
        },
        "attributes": {
          "maxHp": {
            "m_defined": false,
            "m_value": 0
          },
          "atk": {
            "m_defined": true,
            "m_value": 220
          },
          "def": {
            "m_defined": false,
            "m_value": 0
          },
          "magicResistance": {
            "m_defined": false,
            "m_value": 0.0
          },
          "cost": {
            "m_defined": false,
            "m_value": 0
          },
          "blockCnt": {
            "m_defined": false,
            "m_value": 0
          },
          "moveSpeed": {
            "m_defined": false,
            "m_value": 0.0
          },
          "attackSpeed": {
            "m_defined": false,
            "m_value": 0.0
          },
          "baseAttackTime": {
            "m_defined": false,
            "m_value": 0.0
          },
          "respawnTime": {
            "m_defined": false,
            "m_value": 0
          },
          "hpRecoveryPerSec": {
            "m_defined": false,
            "m_value": 0.0
          },
          "spRecoveryPerSec": {
            "m_defined": false,
            "m_value": 0.0
          },
          "maxDeployCount": {
            "m_defined": false,
            "m_value": 0
          },
          "massLevel": {
            "m_defined": false,
            "m_value": 0
          },
          "baseForceLevel": {
            "m_defined": false,
            "m_value": 0
          },
          "stunImmune": {
            "m_defined": false,
            "m_value": false
          },
          "silenceImmune": {
            "m_defined": false,
            "m_value": false
          }
        },
        "lifePointReduce": {
          "m_defined": false,
          "m_value": 0
        },
        "rangeRadius": {
          "m_defined": false,
          "m_value": 0.0
        },
        "talentBlackboard": null,
        "skills": null
      }
    },
    {
      "useDb": true,
      "id": "enemy_1005_yokai_2",
      "level": 1,
      "overwrittenData": null
    },
    {
      "useDb": true,
      "id": "enemy_1024_mortar",
      "level": 0,
      "overwrittenData": null
    }
  ],
  "waves": [
    {
      "preDelay": 0.0,
      "postDelay": 0.0,
      "maxTimeWaitingForNextWave": -1.0,
      "fragments": [
        {
          "preDelay": 0.0,
          "actions": [
            {
              "actionType": 0,
              "managedByScheduler": true,
              "key": "enemy_1018_aoemag",
              "count": 1,
              "preDelay": 0.0,
              "interval": 1.0,
              "routeIndex": 0,
              "blockFragment": false,
              "autoPreviewRoute": false,
              "isUnharmfulAndAlwaysCountAsKilled": false
            },
            {
              "actionType": 0,
              "managedByScheduler": true,
              "key": "enemy_1018_aoemag",
              "count": 1,
              "preDelay": 0.0,
              "interval": 1.0,
              "routeIndex": 1,
              "blockFragment": false,
              "autoPreviewRoute": false,
              "isUnharmfulAndAlwaysCountAsKilled": false
            },
            {
              "actionType": 0,
              "managedByScheduler": true,
              "key": "enemy_1018_aoemag",
              "count": 1,
              "preDelay": 0.0,
              "interval": 1.0,
              "routeIndex": 2,
              "blockFragment": false,
              "autoPreviewRoute": false,
              "isUnharmfulAndAlwaysCountAsKilled": false
            },
            {
              "actionType": 0,
              "managedByScheduler": true,
              "key": "enemy_1018_aoemag",
              "count": 1,
              "preDelay": 0.0,
              "interval": 1.0,
              "routeIndex": 3,
              "blockFragment": false,
              "autoPreviewRoute": false,
              "isUnharmfulAndAlwaysCountAsKilled": false
            },
            {
              "actionType": 0,
              "managedByScheduler": true,
              "key": "enemy_1005_yokai_2",
              "count": 1,
              "preDelay": 2.0,
              "interval": 1.0,
              "routeIndex": 4,
              "blockFragment": false,
              "autoPreviewRoute": false,
              "isUnharmfulAndAlwaysCountAsKilled": false
            }
          ],
          "name": null
        },
        {
          "preDelay": 5.0,
          "actions": [
            {
              "actionType": 0,
              "managedByScheduler": true,
              "key": "enemy_1000_gopro_3",
              "count": 1,
              "preDelay": 3.0,
              "interval": 1.0,
              "routeIndex": 5,
              "blockFragment": false,
              "autoPreviewRoute": true,
              "isUnharmfulAndAlwaysCountAsKilled": false
            },
            {
              "actionType": 0,
              "managedByScheduler": true,
              "key": "enemy_1000_gopro_3",
              "count": 1,
              "preDelay": 15.0,
              "interval": 1.0,
              "routeIndex": 6,
              "blockFragment": false,
              "autoPreviewRoute": false,
              "isUnharmfulAndAlwaysCountAsKilled": false
            },
            {
              "actionType": 0,
              "managedByScheduler": true,
              "key": "enemy_1000_gopro_3",
              "count": 1,
              "preDelay": 29.0,
              "interval": 1.0,
              "routeIndex": 7,
              "blockFragment": false,
              "autoPreviewRoute": false,
              "isUnharmfulAndAlwaysCountAsKilled": false
            },
            {
              "actionType": 0,
              "managedByScheduler": true,
              "key": "enemy_1000_gopro_3",
              "count": 1,
              "preDelay": 38.0,
              "interval": 1.0,
              "routeIndex": 8,
              "blockFragment": false,
              "autoPreviewRoute": false,
              "isUnharmfulAndAlwaysCountAsKilled": false
            },
            {
              "actionType": 5,
              "managedByScheduler": true,
              "key": "enemy_1003_ncbow_2",
              "count": 1,
              "preDelay": 30.0,
              "interval": 0.5,
              "routeIndex": 9,
              "blockFragment": false,
              "autoPreviewRoute": true,
              "isUnharmfulAndAlwaysCountAsKilled": false
            },
            {
              "actionType": 0,
              "managedByScheduler": true,
              "key": "enemy_1003_ncbow_2",
              "count": 1,
              "preDelay": 30.0,
              "interval": 0.5,
              "routeIndex": 10,
              "blockFragment": false,
              "autoPreviewRoute": true,
              "isUnharmfulAndAlwaysCountAsKilled": false
            },
            {
              "actionType": 0,
              "managedByScheduler": true,
              "key": "enemy_1003_ncbow_2",
              "count": 1,
              "preDelay": 40.0,
              "interval": 0.5,
              "routeIndex": 11,
              "blockFragment": false,
              "autoPreviewRoute": false,
              "isUnharmfulAndAlwaysCountAsKilled": false
            },
            {
              "actionType": 0,
              "managedByScheduler": true,
              "key": "enemy_1000_gopro_3",
              "count": 1,
              "preDelay": 20.0,
              "interval": 1.0,
              "routeIndex": 12,
              "blockFragment": false,
              "autoPreviewRoute": true,
              "isUnharmfulAndAlwaysCountAsKilled": false
            },
            {
              "actionType": 0,
              "managedByScheduler": true,
              "key": "enemy_1000_gopro_3",
              "count": 1,
              "preDelay": 32.0,
              "interval": 1.0,
              "routeIndex": 13,
              "blockFragment": false,
              "autoPreviewRoute": false,
              "isUnharmfulAndAlwaysCountAsKilled": false
            },
            {
              "actionType": 0,
              "managedByScheduler": true,
              "key": "enemy_1000_gopro_3",
              "count": 1,
              "preDelay": 40.0,
              "interval": 1.0,
              "routeIndex": 14,
              "blockFragment": false,
              "autoPreviewRoute": false,
              "isUnharmfulAndAlwaysCountAsKilled": false
            },
            {
              "actionType": 0,
              "managedByScheduler": true,
              "key": "enemy_1000_gopro_3",
              "count": 1,
              "preDelay": 49.0,
              "interval": 1.0,
              "routeIndex": 15,
              "blockFragment": false,
              "autoPreviewRoute": false,
              "isUnharmfulAndAlwaysCountAsKilled": false
            },
            {
              "actionType": 0,
              "managedByScheduler": true,
              "key": "enemy_1005_yokai_2",
              "count": 1,
              "preDelay": 15.0,
              "interval": 1.0,
              "routeIndex": 16,
              "blockFragment": false,
              "autoPreviewRoute": false,
              "isUnharmfulAndAlwaysCountAsKilled": false
            },
            {
              "actionType": 5,
              "managedByScheduler": true,
              "key": "enemy_1024_mortar",
              "count": 1,
              "preDelay": 48.0,
              "interval": 1.0,
              "routeIndex": 17,
              "blockFragment": false,
              "autoPreviewRoute": true,
              "isUnharmfulAndAlwaysCountAsKilled": false
            },
            {
              "actionType": 0,
              "managedByScheduler": true,
              "key": "enemy_1024_mortar",
              "count": 1,
              "preDelay": 48.0,
              "interval": 1.0,
              "routeIndex": 18,
              "blockFragment": false,
              "autoPreviewRoute": true,
              "isUnharmfulAndAlwaysCountAsKilled": false
            }
          ],
          "name": null
        },
        {
          "preDelay": 17.0,
          "actions": [
            {
              "actionType": 0,
              "managedByScheduler": true,
              "key": "enemy_1005_yokai_2",
              "count": 1,
              "preDelay": 0.0,
              "interval": 1.0,
              "routeIndex": 19,
              "blockFragment": false,
              "autoPreviewRoute": false,
              "isUnharmfulAndAlwaysCountAsKilled": false
            },
            {
              "actionType": 0,
              "managedByScheduler": true,
              "key": "enemy_1003_ncbow_2",
              "count": 1,
              "preDelay": 3.0,
              "interval": 1.0,
              "routeIndex": 20,
              "blockFragment": false,
              "autoPreviewRoute": true,
              "isUnharmfulAndAlwaysCountAsKilled": false
            },
            {
              "actionType": 0,
              "managedByScheduler": true,
              "key": "enemy_1003_ncbow_2",
              "count": 1,
              "preDelay": 15.0,
              "interval": 1.0,
              "routeIndex": 21,
              "blockFragment": false,
              "autoPreviewRoute": false,
              "isUnharmfulAndAlwaysCountAsKilled": false
            },
            {
              "actionType": 0,
              "managedByScheduler": true,
              "key": "enemy_1003_ncbow_2",
              "count": 1,
              "preDelay": 15.0,
              "interval": 1.0,
              "routeIndex": 22,
              "blockFragment": false,
              "autoPreviewRoute": false,
              "isUnharmfulAndAlwaysCountAsKilled": false
            },
            {
              "actionType": 0,
              "managedByScheduler": true,
              "key": "enemy_1000_gopro_3",
              "count": 2,
              "preDelay": 3.0,
              "interval": 1.0,
              "routeIndex": 23,
              "blockFragment": false,
              "autoPreviewRoute": true,
              "isUnharmfulAndAlwaysCountAsKilled": false
            },
            {
              "actionType": 0,
              "managedByScheduler": true,
              "key": "enemy_1000_gopro_3",
              "count": 2,
              "preDelay": 12.0,
              "interval": 1.0,
              "routeIndex": 24,
              "blockFragment": false,
              "autoPreviewRoute": false,
              "isUnharmfulAndAlwaysCountAsKilled": false
            },
            {
              "actionType": 0,
              "managedByScheduler": true,
              "key": "enemy_1000_gopro_3",
              "count": 2,
              "preDelay": 22.0,
              "interval": 1.0,
              "routeIndex": 25,
              "blockFragment": false,
              "autoPreviewRoute": false,
              "isUnharmfulAndAlwaysCountAsKilled": false
            },
            {
              "actionType": 0,
              "managedByScheduler": true,
              "key": "enemy_1000_gopro_3",
              "count": 2,
              "preDelay": 32.0,
              "interval": 1.0,
              "routeIndex": 26,
              "blockFragment": false,
              "autoPreviewRoute": false,
              "isUnharmfulAndAlwaysCountAsKilled": false
            },
            {
              "actionType": 0,
              "managedByScheduler": true,
              "key": "enemy_1000_gopro_3",
              "count": 2,
              "preDelay": 46.0,
              "interval": 1.0,
              "routeIndex": 27,
              "blockFragment": false,
              "autoPreviewRoute": false,
              "isUnharmfulAndAlwaysCountAsKilled": false
            },
            {
              "actionType": 0,
              "managedByScheduler": true,
              "key": "enemy_1000_gopro_3",
              "count": 2,
              "preDelay": 5.0,
              "interval": 1.0,
              "routeIndex": 28,
              "blockFragment": false,
              "autoPreviewRoute": true,
              "isUnharmfulAndAlwaysCountAsKilled": false
            },
            {
              "actionType": 0,
              "managedByScheduler": true,
              "key": "enemy_1000_gopro_3",
              "count": 2,
              "preDelay": 14.0,
              "interval": 1.0,
              "routeIndex": 29,
              "blockFragment": false,
              "autoPreviewRoute": false,
              "isUnharmfulAndAlwaysCountAsKilled": false
            },
            {
              "actionType": 0,
              "managedByScheduler": true,
              "key": "enemy_1000_gopro_3",
              "count": 2,
              "preDelay": 24.0,
              "interval": 1.0,
              "routeIndex": 30,
              "blockFragment": false,
              "autoPreviewRoute": false,
              "isUnharmfulAndAlwaysCountAsKilled": false
            },
            {
              "actionType": 0,
              "managedByScheduler": true,
              "key": "enemy_1000_gopro_3",
              "count": 2,
              "preDelay": 34.0,
              "interval": 1.0,
              "routeIndex": 31,
              "blockFragment": false,
              "autoPreviewRoute": false,
              "isUnharmfulAndAlwaysCountAsKilled": false
            },
            {
              "actionType": 0,
              "managedByScheduler": true,
              "key": "enemy_1000_gopro_3",
              "count": 3,
              "preDelay": 48.0,
              "interval": 1.0,
              "routeIndex": 32,
              "blockFragment": false,
              "autoPreviewRoute": false,
              "isUnharmfulAndAlwaysCountAsKilled": false
            }
          ],
          "name": null
        }
      ],
      "name": null
    }
  ],
  "predefines": {
    "characterInsts": [],
    "tokenInsts": [],
    "characterCards": [],
    "tokenCards": []
  },
  "excludeCharIdList": null,
  "randomSeed": 1452703748
}