{
  "options": {
    "characterLimit": 8,
    "maxLifePoint": 10,
    "initialCost": 10,
    "maxCost": 99,
    "costIncreaseTime": 1.0,
    "moveMultiplier": 0.5,
    "steeringEnabled": true,
    "isTrainingLevel": false,
    "functionDisableMask": 0
  },
  "levelId": null,
  "mapId": null,
  "bgmEvent": "game02",
  "mapData": {
    "map": [
      [
        77,
        78,
        79,
        80,
        81,
        82,
        83,
        84,
        85,
        86,
        87
      ],
      [
        66,
        67,
        68,
        69,
        70,
        71,
        72,
        73,
        74,
        75,
        76
      ],
      [
        55,
        56,
        57,
        58,
        59,
        60,
        61,
        62,
        63,
        64,
        65
      ],
      [
        44,
        45,
        46,
        47,
        48,
        49,
        50,
        51,
        52,
        53,
        54
      ],
      [
        33,
        34,
        35,
        36,
        37,
        38,
        39,
        40,
        41,
        42,
        43
      ],
      [
        22,
        23,
        24,
        25,
        26,
        27,
        28,
        29,
        30,
        31,
        32
      ],
      [
        11,
        12,
        13,
        14,
        15,
        16,
        17,
        18,
        19,
        20,
        21
      ],
      [
        0,
        1,
        2,
        3,
        4,
        5,
        6,
        7,
        8,
        9,
        10
      ]
    ],
    "tiles": [
      {
        "tileKey": "tile_forbidden",
        "heightType": 1,
        "buildableType": 0,
        "passableMask": 2,
        "blackboard": null,
        "effects": null
      },
      {
        "tileKey": "tile_forbidden",
        "heightType": 1,
        "buildableType": 0,
        "passableMask": 2,
        "blackboard": null,
        "effects": null
      },
      {
        "tileKey": "tile_forbidden",
        "heightType": 1,
        "buildableType": 0,
        "passableMask": 2,
        "blackboard": null,
        "effects": null
      },
      {
        "tileKey": "tile_forbidden",
        "heightType": 1,
        "buildableType": 0,
        "passableMask": 2,
        "blackboard": null,
        "effects": null
      },
      {
        "tileKey": "tile_forbidden",
        "heightType": 1,
        "buildableType": 0,
        "passableMask": 2,
        "blackboard": null,
        "effects": null
      },
      {
        "tileKey": "tile_forbidden",
        "heightType": 1,
        "buildableType": 0,
        "passableMask": 2,
        "blackboard": null,
        "effects": null
      },
      {
        "tileKey": "tile_forbidden",
        "heightType": 1,
        "buildableType": 0,
        "passableMask": 2,
        "blackboard": null,
        "effects": null
      },
      {
        "tileKey": "tile_forbidden",
        "heightType": 1,
        "buildableType": 0,
        "passableMask": 2,
        "blackboard": null,
        "effects": null
      },
      {
        "tileKey": "tile_forbidden",
        "heightType": 1,
        "buildableType": 0,
        "passableMask": 2,
        "blackboard": null,
        "effects": null
      },
      {
        "tileKey": "tile_forbidden",
        "heightType": 1,
        "buildableType": 0,
        "passableMask": 2,
        "blackboard": null,
        "effects": null
      },
      {
        "tileKey": "tile_forbidden",
        "heightType": 1,
        "buildableType": 0,
        "passableMask": 2,
        "blackboard": null,
        "effects": null
      },
      {
        "tileKey": "tile_forbidden",
        "heightType": 1,
        "buildableType": 0,
        "passableMask": 2,
        "blackboard": null,
        "effects": null
      },
      {
        "tileKey": "tile_forbidden",
        "heightType": 1,
        "buildableType": 0,
        "passableMask": 2,
        "blackboard": null,
        "effects": null
      },
      {
        "tileKey": "tile_forbidden",
        "heightType": 1,
        "buildableType": 0,
        "passableMask": 2,
        "blackboard": null,
        "effects": null
      },
      {
        "tileKey": "tile_wall",
        "heightType": 1,
        "buildableType": 2,
        "passableMask": 2,
        "blackboard": null,
        "effects": null
      },
      {
        "tileKey": "tile_wall",
        "heightType": 1,
        "buildableType": 2,
        "passableMask": 2,
        "blackboard": null,
        "effects": null
      },
      {
        "tileKey": "tile_road",
        "heightType": 0,
        "buildableType": 1,
        "passableMask": 3,
        "blackboard": null,
        "effects": null
      },
      {
        "tileKey": "tile_road",
        "heightType": 0,
        "buildableType": 1,
        "passableMask": 3,
        "blackboard": null,
        "effects": null
      },
      {
        "tileKey": "tile_wall",
        "heightType": 1,
        "buildableType": 2,
        "passableMask": 2,
        "blackboard": null,
        "effects": null
      },
      {
        "tileKey": "tile_wall",
        "heightType": 1,
        "buildableType": 2,
        "passableMask": 2,
        "blackboard": null,
        "effects": null
      },
      {
        "tileKey": "tile_forbidden",
        "heightType": 1,
        "buildableType": 0,
        "passableMask": 2,
        "blackboard": null,
        "effects": null
      },
      {
        "tileKey": "tile_forbidden",
        "heightType": 1,
        "buildableType": 0,
        "passableMask": 2,
        "blackboard": null,
        "effects": null
      },
      {
        "tileKey": "tile_forbidden",
        "heightType": 1,
        "buildableType": 0,
        "passableMask": 2,
        "blackboard": null,
        "effects": null
      },
      {
        "tileKey": "tile_road",
        "heightType": 0,
        "buildableType": 1,
        "passableMask": 3,
        "blackboard": null,
        "effects": null
      },
      {
        "tileKey": "tile_start",
        "heightType": 0,
        "buildableType": 0,
        "passableMask": 3,
        "blackboard": null,
        "effects": null
      },
      {
        "tileKey": "tile_road",
        "heightType": 0,
        "buildableType": 1,
        "passableMask": 3,
        "blackboard": null,
        "effects": null
      },
      {
        "tileKey": "tile_road",
        "heightType": 0,
        "buildableType": 1,
        "passableMask": 3,
        "blackboard": null,
        "effects": null
      },
      {
        "tileKey": "tile_road",
        "heightType": 0,
        "buildableType": 1,
        "passableMask": 3,
        "blackboard": null,
        "effects": null
      },
      {
        "tileKey": "tile_road",
        "heightType": 0,
        "buildableType": 1,
        "passableMask": 3,
        "blackboard": null,
        "effects": null
      },
      {
        "tileKey": "tile_road",
        "heightType": 0,
        "buildableType": 1,
        "passableMask": 3,
        "blackboard": null,
        "effects": null
      },
      {
        "tileKey": "tile_road",
        "heightType": 0,
        "buildableType": 1,
        "passableMask": 3,
        "blackboard": null,
        "effects": null
      },
      {
        "tileKey": "tile_start",
        "heightType": 0,
        "buildableType": 0,
        "passableMask": 3,
        "blackboard": null,
        "effects": null
      },
      {
        "tileKey": "tile_forbidden",
        "heightType": 1,
        "buildableType": 0,
        "passableMask": 2,
        "blackboard": null,
        "effects": null
      },
      {
        "tileKey": "tile_end",
        "heightType": 0,
        "buildableType": 0,
        "passableMask": 3,
        "blackboard": null,
        "effects": null
      },
      {
        "tileKey": "tile_road",
        "heightType": 0,
        "buildableType": 1,
        "passableMask": 3,
        "blackboard": null,
        "effects": null
      },
      {
        "tileKey": "tile_road",
        "heightType": 0,
        "buildableType": 1,
        "passableMask": 3,
        "blackboard": null,
        "effects": null
      },
      {
        "tileKey": "tile_road",
        "heightType": 0,
        "buildableType": 1,
        "passableMask": 3,
        "blackboard": null,
        "effects": null
      },
      {
        "tileKey": "tile_road",
        "heightType": 0,
        "buildableType": 1,
        "passableMask": 3,
        "blackboard": null,
        "effects": null
      },
      {
        "tileKey": "tile_forbidden",
        "heightType": 1,
        "buildableType": 0,
        "passableMask": 2,
        "blackboard": null,
        "effects": null
      },
      {
        "tileKey": "tile_forbidden",
        "heightType": 1,
        "buildableType": 0,
        "passableMask": 2,
        "blackboard": null,
        "effects": null
      },
      {
        "tileKey": "tile_start",
        "heightType": 0,
        "buildableType": 0,
        "passableMask": 3,
        "blackboard": null,
        "effects": null
      },
      {
        "tileKey": "tile_road",
        "heightType": 0,
        "buildableType": 1,
        "passableMask": 3,
        "blackboard": null,
        "effects": null
      },
      {
        "tileKey": "tile_road",
        "heightType": 0,
        "buildableType": 1,
        "passableMask": 3,
        "blackboard": null,
        "effects": null
      },
      {
        "tileKey": "tile_forbidden",
        "heightType": 1,
        "buildableType": 0,
        "passableMask": 2,
        "blackboard": null,
        "effects": null
      },
      {
        "tileKey": "tile_end",
        "heightType": 0,
        "buildableType": 0,
        "passableMask": 3,
        "blackboard": null,
        "effects": null
      },
      {
        "tileKey": "tile_road",
        "heightType": 0,
        "buildableType": 1,
        "passableMask": 3,
        "blackboard": null,
        "effects": null
      },
      {
        "tileKey": "tile_forbidden",
        "heightType": 1,
        "buildableType": 0,
        "passableMask": 2,
        "blackboard": null,
        "effects": null
      },
      {
        "tileKey": "tile_forbidden",
        "heightType": 1,
        "buildableType": 0,
        "passableMask": 2,
        "blackboard": null,
        "effects": null
      },
      {
        "tileKey": "tile_road",
        "heightType": 0,
        "buildableType": 1,
        "passableMask": 3,
        "blackboard": null,
        "effects": null
      },
      {
        "tileKey": "tile_forbidden",
        "heightType": 1,
        "buildableType": 0,
        "passableMask": 2,
        "blackboard": null,
        "effects": null
      },
      {
        "tileKey": "tile_forbidden",
        "heightType": 1,
        "buildableType": 0,
        "passableMask": 2,
        "blackboard": null,
        "effects": null
      },
      {
        "tileKey": "tile_road",
        "heightType": 0,
        "buildableType": 1,
        "passableMask": 3,
        "blackboard": null,
        "effects": null
      },
      {
        "tileKey": "tile_road",
        "heightType": 0,
        "buildableType": 1,
        "passableMask": 3,
        "blackboard": null,
        "effects": null
      },
      {
        "tileKey": "tile_road",
        "heightType": 0,
        "buildableType": 1,
        "passableMask": 3,
        "blackboard": null,
        "effects": null
      },
      {
        "tileKey": "tile_forbidden",
        "heightType": 1,
        "buildableType": 0,
        "passableMask": 2,
        "blackboard": null,
        "effects": null
      },
      {
        "tileKey": "tile_forbidden",
        "heightType": 1,
        "buildableType": 0,
        "passableMask": 2,
        "blackboard": null,
        "effects": null
      },
      {
        "tileKey": "tile_road",
        "heightType": 0,
        "buildableType": 1,
        "passableMask": 3,
        "blackboard": null,
        "effects": null
      },
      {
        "tileKey": "tile_forbidden",
        "heightType": 1,
        "buildableType": 0,
        "passableMask": 2,
        "blackboard": null,
        "effects": null
      },
      {
        "tileKey": "tile_forbidden",
        "heightType": 1,
        "buildableType": 0,
        "passableMask": 2,
        "blackboard": null,
        "effects": null
      },
      {
        "tileKey": "tile_road",
        "heightType": 0,
        "buildableType": 1,
        "passableMask": 3,
        "blackboard": null,
        "effects": null
      },
      {
        "tileKey": "tile_road",
        "heightType": 0,
        "buildableType": 1,
        "passableMask": 3,
        "blackboard": null,
        "effects": null
      },
      {
        "tileKey": "tile_road",
        "heightType": 0,
        "buildableType": 1,
        "passableMask": 3,
        "blackboard": null,
        "effects": null
      },
      {
        "tileKey": "tile_road",
        "heightType": 0,
        "buildableType": 1,
        "passableMask": 3,
        "blackboard": null,
        "effects": null
      },
      {
        "tileKey": "tile_road",
        "heightType": 0,
        "buildableType": 1,
        "passableMask": 3,
        "blackboard": null,
        "effects": null
      },
      {
        "tileKey": "tile_wall",
        "heightType": 1,
        "buildableType": 2,
        "passableMask": 2,
        "blackboard": null,
        "effects": null
      },
      {
        "tileKey": "tile_forbidden",
        "heightType": 1,
        "buildableType": 0,
        "passableMask": 2,
        "blackboard": null,
        "effects": null
      },
      {
        "tileKey": "tile_forbidden",
        "heightType": 1,
        "buildableType": 0,
        "passableMask": 2,
        "blackboard": null,
        "effects": null
      },
      {
        "tileKey": "tile_road",
        "heightType": 0,
        "buildableType": 1,
        "passableMask": 3,
        "blackboard": null,
        "effects": null
      },
      {
        "tileKey": "tile_road",
        "heightType": 0,
        "buildableType": 1,
        "passableMask": 3,
        "blackboard": null,
        "effects": null
      },
      {
        "tileKey": "tile_start",
        "heightType": 0,
        "buildableType": 0,
        "passableMask": 3,
        "blackboard": null,
        "effects": null
      },
      {
        "tileKey": "tile_road",
        "heightType": 0,
        "buildableType": 1,
        "passableMask": 3,
        "blackboard": null,
        "effects": null
      },
      {
        "tileKey": "tile_wall",
        "heightType": 1,
        "buildableType": 2,
        "passableMask": 2,
        "blackboard": null,
        "effects": null
      },
      {
        "tileKey": "tile_wall",
        "heightType": 1,
        "buildableType": 2,
        "passableMask": 2,
        "blackboard": null,
        "effects": null
      },
      {
        "tileKey": "tile_forbidden",
        "heightType": 1,
        "buildableType": 0,
        "passableMask": 2,
        "blackboard": null,
        "effects": null
      },
      {
        "tileKey": "tile_wall",
        "heightType": 1,
        "buildableType": 2,
        "passableMask": 2,
        "blackboard": null,
        "effects": null
      },
      {
        "tileKey": "tile_forbidden",
        "heightType": 1,
        "buildableType": 0,
        "passableMask": 2,
        "blackboard": null,
        "effects": null
      },
      {
        "tileKey": "tile_forbidden",
        "heightType": 1,
        "buildableType": 0,
        "passableMask": 2,
        "blackboard": null,
        "effects": null
      },
      {
        "tileKey": "tile_forbidden",
        "heightType": 1,
        "buildableType": 0,
        "passableMask": 2,
        "blackboard": null,
        "effects": null
      },
      {
        "tileKey": "tile_forbidden",
        "heightType": 1,
        "buildableType": 0,
        "passableMask": 2,
        "blackboard": null,
        "effects": null
      },
      {
        "tileKey": "tile_forbidden",
        "heightType": 1,
        "buildableType": 0,
        "passableMask": 2,
        "blackboard": null,
        "effects": null
      },
      {
        "tileKey": "tile_forbidden",
        "heightType": 1,
        "buildableType": 0,
        "passableMask": 2,
        "blackboard": null,
        "effects": null
      },
      {
        "tileKey": "tile_forbidden",
        "heightType": 1,
        "buildableType": 0,
        "passableMask": 2,
        "blackboard": null,
        "effects": null
      },
      {
        "tileKey": "tile_forbidden",
        "heightType": 1,
        "buildableType": 0,
        "passableMask": 2,
        "blackboard": null,
        "effects": null
      },
      {
        "tileKey": "tile_forbidden",
        "heightType": 1,
        "buildableType": 0,
        "passableMask": 2,
        "blackboard": null,
        "effects": null
      },
      {
        "tileKey": "tile_forbidden",
        "heightType": 1,
        "buildableType": 0,
        "passableMask": 2,
        "blackboard": null,
        "effects": null
      },
      {
        "tileKey": "tile_forbidden",
        "heightType": 1,
        "buildableType": 0,
        "passableMask": 2,
        "blackboard": null,
        "effects": null
      },
      {
        "tileKey": "tile_forbidden",
        "heightType": 1,
        "buildableType": 0,
        "passableMask": 2,
        "blackboard": null,
        "effects": null
      },
      {
        "tileKey": "tile_forbidden",
        "heightType": 1,
        "buildableType": 0,
        "passableMask": 2,
        "blackboard": null,
        "effects": null
      }
    ],
    "blockEdges": null,
    "effects": null,
    "width": 11,
    "height": 8
  },
  "tilesDisallowToLocate": [],
  "runes": null,
  "globalBuffs": null,
  "routes": [
    null,
    {
      "motionMode": 0,
      "startPosition": {
        "row": 6,
        "col": 3
      },
      "endPosition": {
        "row": 3,
        "col": 0
      },
      "spawnRandomRange": {
        "x": 0.0,
        "y": 0.0
      },
      "spawnOffset": {
        "x": 0.0,
        "y": 0.0
      },
      "checkpoints": [
        {
          "type": 0,
          "time": 0.0,
          "position": {
            "row": 6,
            "col": 4
          },
          "reachOffset": {
            "x": 0.0,
            "y": 0.0
          },
          "randomizeReachOffset": false,
          "reachDistance": 0.0
        },
        {
          "type": 3,
          "time": 140.0,
          "position": {
            "row": 0,
            "col": 0
          },
          "reachOffset": {
            "x": 0.0,
            "y": 0.0
          },
          "randomizeReachOffset": false,
          "reachDistance": 0.0
        },
        {
          "type": 0,
          "time": 0.0,
          "position": {
            "row": 3,
            "col": 4
          },
          "reachOffset": {
            "x": 0.0,
            "y": 0.0
          },
          "randomizeReachOffset": false,
          "reachDistance": 0.0
        }
      ],
      "allowDiagonalMove": true,
      "visitEveryTileCenter": false,
      "visitEveryNodeCenter": false
    },
    {
      "motionMode": 0,
      "startPosition": {
        "row": 6,
        "col": 3
      },
      "endPosition": {
        "row": 4,
        "col": 0
      },
      "spawnRandomRange": {
        "x": 0.0,
        "y": 0.0
      },
      "spawnOffset": {
        "x": 0.0,
        "y": 0.0
      },
      "checkpoints": [
        {
          "type": 0,
          "time": 0.0,
          "position": {
            "row": 6,
            "col": 2
          },
          "reachOffset": {
            "x": 0.0,
            "y": 0.0
          },
          "randomizeReachOffset": false,
          "reachDistance": 0.0
        },
        {
          "type": 3,
          "time": 140.0,
          "position": {
            "row": 0,
            "col": 0
          },
          "reachOffset": {
            "x": 0.0,
            "y": 0.0
          },
          "randomizeReachOffset": false,
          "reachDistance": 0.0
        },
        {
          "type": 0,
          "time": 0.0,
          "position": {
            "row": 6,
            "col": 1
          },
          "reachOffset": {
            "x": 0.0,
            "y": 0.0
          },
          "randomizeReachOffset": false,
          "reachDistance": 0.0
        }
      ],
      "allowDiagonalMove": true,
      "visitEveryTileCenter": false,
      "visitEveryNodeCenter": false
    },
    {
      "motionMode": 0,
      "startPosition": {
        "row": 6,
        "col": 3
      },
      "endPosition": {
        "row": 4,
        "col": 0
      },
      "spawnRandomRange": {
        "x": 0.0,
        "y": 0.0
      },
      "spawnOffset": {
        "x": 0.0,
        "y": 0.0
      },
      "checkpoints": [
        {
          "type": 0,
          "time": 0.0,
          "position": {
            "row": 6,
            "col": 3
          },
          "reachOffset": {
            "x": -0.04,
            "y": 0.13
          },
          "randomizeReachOffset": false,
          "reachDistance": 0.0
        },
        {
          "type": 3,
          "time": 140.0,
          "position": {
            "row": 0,
            "col": 0
          },
          "reachOffset": {
            "x": 0.0,
            "y": 0.0
          },
          "randomizeReachOffset": false,
          "reachDistance": 0.0
        },
        {
          "type": 0,
          "time": 0.0,
          "position": {
            "row": 6,
            "col": 1
          },
          "reachOffset": {
            "x": 0.0,
            "y": 0.0
          },
          "randomizeReachOffset": false,
          "reachDistance": 0.0
        }
      ],
      "allowDiagonalMove": true,
      "visitEveryTileCenter": false,
      "visitEveryNodeCenter": false
    },
    {
      "motionMode": 0,
      "startPosition": {
        "row": 2,
        "col": 2
      },
      "endPosition": {
        "row": 3,
        "col": 0
      },
      "spawnRandomRange": {
        "x": 0.0,
        "y": 0.0
      },
      "spawnOffset": {
        "x": 0.0,
        "y": 0.0
      },
      "checkpoints": [
        {
          "type": 0,
          "time": 0.0,
          "position": {
            "row": 2,
            "col": 3
          },
          "reachOffset": {
            "x": -0.12,
            "y": 0.0
          },
          "randomizeReachOffset": false,
          "reachDistance": 0.0
        },
        {
          "type": 3,
          "time": 140.0,
          "position": {
            "row": 0,
            "col": 0
          },
          "reachOffset": {
            "x": 0.0,
            "y": 0.0
          },
          "randomizeReachOffset": false,
          "reachDistance": 0.0
        },
        {
          "type": 0,
          "time": 0.0,
          "position": {
            "row": 3,
            "col": 2
          },
          "reachOffset": {
            "x": 0.0,
            "y": 0.0
          },
          "randomizeReachOffset": false,
          "reachDistance": 0.0
        }
      ],
      "allowDiagonalMove": true,
      "visitEveryTileCenter": false,
      "visitEveryNodeCenter": false
    },
    {
      "motionMode": 0,
      "startPosition": {
        "row": 2,
        "col": 2
      },
      "endPosition": {
        "row": 3,
        "col": 0
      },
      "spawnRandomRange": {
        "x": 0.0,
        "y": 0.0
      },
      "spawnOffset": {
        "x": 0.0,
        "y": 0.0
      },
      "checkpoints": [
        {
          "type": 0,
          "time": 0.0,
          "position": {
            "row": 2,
            "col": 1
          },
          "reachOffset": {
            "x": 0.23,
            "y": -0.01
          },
          "randomizeReachOffset": false,
          "reachDistance": 0.0
        },
        {
          "type": 3,
          "time": 140.0,
          "position": {
            "row": 0,
            "col": 0
          },
          "reachOffset": {
            "x": 0.0,
            "y": 0.0
          },
          "randomizeReachOffset": false,
          "reachDistance": 0.0
        },
        {
          "type": 0,
          "time": 0.0,
          "position": {
            "row": 3,
            "col": 1
          },
          "reachOffset": {
            "x": 0.0,
            "y": 0.0
          },
          "randomizeReachOffset": false,
          "reachDistance": 0.0
        }
      ],
      "allowDiagonalMove": true,
      "visitEveryTileCenter": false,
      "visitEveryNodeCenter": false
    },
    {
      "motionMode": 0,
      "startPosition": {
        "row": 2,
        "col": 2
      },
      "endPosition": {
        "row": 3,
        "col": 0
      },
      "spawnRandomRange": {
        "x": 0.0,
        "y": 0.0
      },
      "spawnOffset": {
        "x": 0.0,
        "y": 0.0
      },
      "checkpoints": [
        {
          "type": 0,
          "time": 0.0,
          "position": {
            "row": 3,
            "col": 2
          },
          "reachOffset": {
            "x": 0.05,
            "y": -0.31
          },
          "randomizeReachOffset": false,
          "reachDistance": 0.0
        },
        {
          "type": 3,
          "time": 140.0,
          "position": {
            "row": 0,
            "col": 0
          },
          "reachOffset": {
            "x": 0.0,
            "y": 0.0
          },
          "randomizeReachOffset": false,
          "reachDistance": 0.0
        },
        {
          "type": 0,
          "time": 0.0,
          "position": {
            "row": 3,
            "col": 1
          },
          "reachOffset": {
            "x": 0.0,
            "y": 0.0
          },
          "randomizeReachOffset": false,
          "reachDistance": 0.0
        }
      ],
      "allowDiagonalMove": true,
      "visitEveryTileCenter": false,
      "visitEveryNodeCenter": false
    },
    {
      "motionMode": 0,
      "startPosition": {
        "row": 3,
        "col": 7
      },
      "endPosition": {
        "row": 3,
        "col": 0
      },
      "spawnRandomRange": {
        "x": 0.0,
        "y": 0.0
      },
      "spawnOffset": {
        "x": 0.0,
        "y": 0.0
      },
      "checkpoints": [
        {
          "type": 0,
          "time": 0.0,
          "position": {
            "row": 2,
            "col": 7
          },
          "reachOffset": {
            "x": -0.14,
            "y": 0.1
          },
          "randomizeReachOffset": false,
          "reachDistance": 0.0
        },
        {
          "type": 3,
          "time": 140.0,
          "position": {
            "row": 0,
            "col": 0
          },
          "reachOffset": {
            "x": 0.0,
            "y": 0.0
          },
          "randomizeReachOffset": false,
          "reachDistance": 0.0
        },
        {
          "type": 0,
          "time": 0.0,
          "position": {
            "row": 2,
            "col": 4
          },
          "reachOffset": {
            "x": 0.0,
            "y": 0.0
          },
          "randomizeReachOffset": false,
          "reachDistance": 0.0
        },
        {
          "type": 0,
          "time": 0.0,
          "position": {
            "row": 3,
            "col": 1
          },
          "reachOffset": {
            "x": 0.0,
            "y": 0.0
          },
          "randomizeReachOffset": false,
          "reachDistance": 0.0
        }
      ],
      "allowDiagonalMove": true,
      "visitEveryTileCenter": false,
      "visitEveryNodeCenter": false
    },
    {
      "motionMode": 0,
      "startPosition": {
        "row": 3,
        "col": 7
      },
      "endPosition": {
        "row": 3,
        "col": 0
      },
      "spawnRandomRange": {
        "x": 0.0,
        "y": 0.0
      },
      "spawnOffset": {
        "x": 0.0,
        "y": 0.0
      },
      "checkpoints": [
        {
          "type": 0,
          "time": 0.0,
          "position": {
            "row": 3,
            "col": 8
          },
          "reachOffset": {
            "x": -0.37,
            "y": -0.17
          },
          "randomizeReachOffset": false,
          "reachDistance": 0.0
        },
        {
          "type": 3,
          "time": 140.0,
          "position": {
            "row": 0,
            "col": 0
          },
          "reachOffset": {
            "x": 0.0,
            "y": 0.0
          },
          "randomizeReachOffset": false,
          "reachDistance": 0.0
        },
        {
          "type": 0,
          "time": 0.0,
          "position": {
            "row": 2,
            "col": 4
          },
          "reachOffset": {
            "x": 0.0,
            "y": 0.0
          },
          "randomizeReachOffset": false,
          "reachDistance": 0.0
        },
        {
          "type": 0,
          "time": 0.0,
          "position": {
            "row": 3,
            "col": 1
          },
          "reachOffset": {
            "x": 0.0,
            "y": 0.0
          },
          "randomizeReachOffset": false,
          "reachDistance": 0.0
        }
      ],
      "allowDiagonalMove": true,
      "visitEveryTileCenter": false,
      "visitEveryNodeCenter": false
    },
    {
      "motionMode": 0,
      "startPosition": {
        "row": 3,
        "col": 7
      },
      "endPosition": {
        "row": 3,
        "col": 0
      },
      "spawnRandomRange": {
        "x": 0.0,
        "y": 0.0
      },
      "spawnOffset": {
        "x": 0.0,
        "y": 0.0
      },
      "checkpoints": [
        {
          "type": 0,
          "time": 0.0,
          "position": {
            "row": 4,
            "col": 7
          },
          "reachOffset": {
            "x": 0.08,
            "y": -0.26
          },
          "randomizeReachOffset": false,
          "reachDistance": 0.0
        },
        {
          "type": 3,
          "time": 140.0,
          "position": {
            "row": 0,
            "col": 0
          },
          "reachOffset": {
            "x": 0.0,
            "y": 0.0
          },
          "randomizeReachOffset": false,
          "reachDistance": 0.0
        },
        {
          "type": 0,
          "time": 0.0,
          "position": {
            "row": 5,
            "col": 4
          },
          "reachOffset": {
            "x": 0.0,
            "y": 0.0
          },
          "randomizeReachOffset": false,
          "reachDistance": 0.0
        },
        {
          "type": 0,
          "time": 0.0,
          "position": {
            "row": 3,
            "col": 3
          },
          "reachOffset": {
            "x": 0.0,
            "y": 0.0
          },
          "randomizeReachOffset": false,
          "reachDistance": 0.0
        }
      ],
      "allowDiagonalMove": true,
      "visitEveryTileCenter": false,
      "visitEveryNodeCenter": false
    },
    {
      "motionMode": 0,
      "startPosition": {
        "row": 2,
        "col": 9
      },
      "endPosition": {
        "row": 3,
        "col": 0
      },
      "spawnRandomRange": {
        "x": 0.0,
        "y": 0.0
      },
      "spawnOffset": {
        "x": 0.0,
        "y": 0.0
      },
      "checkpoints": [
        {
          "type": 0,
          "time": 0.0,
          "position": {
            "row": 3,
            "col": 9
          },
          "reachOffset": {
            "x": 0.08,
            "y": 0.02
          },
          "randomizeReachOffset": false,
          "reachDistance": 0.0
        },
        {
          "type": 3,
          "time": 140.0,
          "position": {
            "row": 0,
            "col": 0
          },
          "reachOffset": {
            "x": 0.0,
            "y": 0.0
          },
          "randomizeReachOffset": false,
          "reachDistance": 0.0
        },
        {
          "type": 0,
          "time": 0.0,
          "position": {
            "row": 2,
            "col": 4
          },
          "reachOffset": {
            "x": 0.0,
            "y": 0.0
          },
          "randomizeReachOffset": false,
          "reachDistance": 0.0
        },
        {
          "type": 0,
          "time": 0.0,
          "position": {
            "row": 3,
            "col": 3
          },
          "reachOffset": {
            "x": 0.0,
            "y": 0.0
          },
          "randomizeReachOffset": false,
          "reachDistance": 0.0
        }
      ],
      "allowDiagonalMove": true,
      "visitEveryTileCenter": false,
      "visitEveryNodeCenter": false
    },
    {
      "motionMode": 0,
      "startPosition": {
        "row": 2,
        "col": 9
      },
      "endPosition": {
        "row": 3,
        "col": 0
      },
      "spawnRandomRange": {
        "x": 0.0,
        "y": 0.0
      },
      "spawnOffset": {
        "x": 0.0,
        "y": 0.0
      },
      "checkpoints": [
        {
          "type": 0,
          "time": 0.0,
          "position": {
            "row": 3,
            "col": 8
          },
          "reachOffset": {
            "x": 0.42,
            "y": -0.28
          },
          "randomizeReachOffset": false,
          "reachDistance": 0.0
        },
        {
          "type": 3,
          "time": 140.0,
          "position": {
            "row": 0,
            "col": 0
          },
          "reachOffset": {
            "x": 0.0,
            "y": 0.0
          },
          "randomizeReachOffset": false,
          "reachDistance": 0.0
        },
        {
          "type": 0,
          "time": 0.0,
          "position": {
            "row": 2,
            "col": 4
          },
          "reachOffset": {
            "x": 0.0,
            "y": 0.0
          },
          "randomizeReachOffset": false,
          "reachDistance": 0.0
        },
        {
          "type": 0,
          "time": 0.0,
          "position": {
            "row": 3,
            "col": 3
          },
          "reachOffset": {
            "x": 0.0,
            "y": 0.0
          },
          "randomizeReachOffset": false,
          "reachDistance": 0.0
        }
      ],
      "allowDiagonalMove": true,
      "visitEveryTileCenter": false,
      "visitEveryNodeCenter": false
    },
    {
      "motionMode": 0,
      "startPosition": {
        "row": 2,
        "col": 9
      },
      "endPosition": {
        "row": 3,
        "col": 0
      },
      "spawnRandomRange": {
        "x": 0.0,
        "y": 0.0
      },
      "spawnOffset": {
        "x": 0.0,
        "y": 0.0
      },
      "checkpoints": [
        {
          "type": 0,
          "time": 0.0,
          "position": {
            "row": 2,
            "col": 8
          },
          "reachOffset": {
            "x": 0.26,
            "y": 0.01
          },
          "randomizeReachOffset": false,
          "reachDistance": 0.0
        },
        {
          "type": 3,
          "time": 140.0,
          "position": {
            "row": 0,
            "col": 0
          },
          "reachOffset": {
            "x": 0.0,
            "y": 0.0
          },
          "randomizeReachOffset": false,
          "reachDistance": 0.0
        },
        {
          "type": 0,
          "time": 0.0,
          "position": {
            "row": 2,
            "col": 4
          },
          "reachOffset": {
            "x": 0.0,
            "y": 0.0
          },
          "randomizeReachOffset": false,
          "reachDistance": 0.0
        },
        {
          "type": 0,
          "time": 0.0,
          "position": {
            "row": 3,
            "col": 3
          },
          "reachOffset": {
            "x": 0.0,
            "y": 0.0
          },
          "randomizeReachOffset": false,
          "reachDistance": 0.0
        }
      ],
      "allowDiagonalMove": true,
      "visitEveryTileCenter": false,
      "visitEveryNodeCenter": false
    },
    {
      "motionMode": 0,
      "startPosition": {
        "row": 2,
        "col": 9
      },
      "endPosition": {
        "row": 3,
        "col": 0
      },
      "spawnRandomRange": {
        "x": 0.3,
        "y": 0.3
      },
      "spawnOffset": {
        "x": 0.0,
        "y": 0.0
      },
      "checkpoints": [],
      "allowDiagonalMove": true,
      "visitEveryTileCenter": false,
      "visitEveryNodeCenter": false
    },
    {
      "motionMode": 0,
      "startPosition": {
        "row": 2,
        "col": 9
      },
      "endPosition": {
        "row": 3,
        "col": 0
      },
      "spawnRandomRange": {
        "x": 0.3,
        "y": 0.3
      },
      "spawnOffset": {
        "x": 0.0,
        "y": 0.0
      },
      "checkpoints": [],
      "allowDiagonalMove": true,
      "visitEveryTileCenter": false,
      "visitEveryNodeCenter": false
    },
    {
      "motionMode": 0,
      "startPosition": {
        "row": 2,
        "col": 9
      },
      "endPosition": {
        "row": 3,
        "col": 0
      },
      "spawnRandomRange": {
        "x": 0.3,
        "y": 0.3
      },
      "spawnOffset": {
        "x": 0.0,
        "y": 0.0
      },
      "checkpoints": [],
      "allowDiagonalMove": true,
      "visitEveryTileCenter": false,
      "visitEveryNodeCenter": false
    },
    {
      "motionMode": 0,
      "startPosition": {
        "row": 2,
        "col": 9
      },
      "endPosition": {
        "row": 3,
        "col": 0
      },
      "spawnRandomRange": {
        "x": 0.3,
        "y": 0.3
      },
      "spawnOffset": {
        "x": 0.0,
        "y": 0.0
      },
      "checkpoints": [],
      "allowDiagonalMove": true,
      "visitEveryTileCenter": false,
      "visitEveryNodeCenter": false
    },
    {
      "motionMode": 0,
      "startPosition": {
        "row": 3,
        "col": 7
      },
      "endPosition": {
        "row": 3,
        "col": 0
      },
      "spawnRandomRange": {
        "x": 0.3,
        "y": 0.3
      },
      "spawnOffset": {
        "x": 0.0,
        "y": 0.0
      },
      "checkpoints": [
        {
          "type": 0,
          "time": 0.0,
          "position": {
            "row": 5,
            "col": 7
          },
          "reachOffset": {
            "x": 0.0,
            "y": 0.0
          },
          "randomizeReachOffset": false,
          "reachDistance": 0.0
        },
        {
          "type": 0,
          "time": 0.0,
          "position": {
            "row": 5,
            "col": 4
          },
          "reachOffset": {
            "x": 0.0,
            "y": 0.0
          },
          "randomizeReachOffset": false,
          "reachDistance": 0.0
        },
        {
          "type": 0,
          "time": 0.0,
          "position": {
            "row": 3,
            "col": 4
          },
          "reachOffset": {
            "x": 0.0,
            "y": 0.0
          },
          "randomizeReachOffset": false,
          "reachDistance": 0.0
        }
      ],
      "allowDiagonalMove": true,
      "visitEveryTileCenter": false,
      "visitEveryNodeCenter": false
    },
    {
      "motionMode": 0,
      "startPosition": {
        "row": 3,
        "col": 7
      },
      "endPosition": {
        "row": 3,
        "col": 0
      },
      "spawnRandomRange": {
        "x": 0.3,
        "y": 0.3
      },
      "spawnOffset": {
        "x": 0.0,
        "y": 0.0
      },
      "checkpoints": [
        {
          "type": 0,
          "time": 0.0,
          "position": {
            "row": 5,
            "col": 7
          },
          "reachOffset": {
            "x": 0.0,
            "y": 0.0
          },
          "randomizeReachOffset": false,
          "reachDistance": 0.0
        },
        {
          "type": 0,
          "time": 0.0,
          "position": {
            "row": 5,
            "col": 4
          },
          "reachOffset": {
            "x": 0.0,
            "y": 0.0
          },
          "randomizeReachOffset": false,
          "reachDistance": 0.0
        },
        {
          "type": 0,
          "time": 0.0,
          "position": {
            "row": 3,
            "col": 4
          },
          "reachOffset": {
            "x": 0.0,
            "y": 0.0
          },
          "randomizeReachOffset": false,
          "reachDistance": 0.0
        }
      ],
      "allowDiagonalMove": true,
      "visitEveryTileCenter": false,
      "visitEveryNodeCenter": false
    },
    {
      "motionMode": 0,
      "startPosition": {
        "row": 3,
        "col": 7
      },
      "endPosition": {
        "row": 3,
        "col": 0
      },
      "spawnRandomRange": {
        "x": 0.3,
        "y": 0.3
      },
      "spawnOffset": {
        "x": 0.0,
        "y": 0.0
      },
      "checkpoints": [
        {
          "type": 0,
          "time": 0.0,
          "position": {
            "row": 5,
            "col": 7
          },
          "reachOffset": {
            "x": 0.0,
            "y": 0.0
          },
          "randomizeReachOffset": false,
          "reachDistance": 0.0
        },
        {
          "type": 0,
          "time": 0.0,
          "position": {
            "row": 5,
            "col": 4
          },
          "reachOffset": {
            "x": 0.0,
            "y": 0.0
          },
          "randomizeReachOffset": false,
          "reachDistance": 0.0
        },
        {
          "type": 0,
          "time": 0.0,
          "position": {
            "row": 3,
            "col": 4
          },
          "reachOffset": {
            "x": 0.0,
            "y": 0.0
          },
          "randomizeReachOffset": false,
          "reachDistance": 0.0
        }
      ],
      "allowDiagonalMove": true,
      "visitEveryTileCenter": false,
      "visitEveryNodeCenter": false
    },
    {
      "motionMode": 0,
      "startPosition": {
        "row": 3,
        "col": 7
      },
      "endPosition": {
        "row": 3,
        "col": 0
      },
      "spawnRandomRange": {
        "x": 0.3,
        "y": 0.3
      },
      "spawnOffset": {
        "x": 0.0,
        "y": 0.0
      },
      "checkpoints": [
        {
          "type": 0,
          "time": 0.0,
          "position": {
            "row": 5,
            "col": 7
          },
          "reachOffset": {
            "x": 0.0,
            "y": 0.0
          },
          "randomizeReachOffset": false,
          "reachDistance": 0.0
        },
        {
          "type": 0,
          "time": 0.0,
          "position": {
            "row": 5,
            "col": 4
          },
          "reachOffset": {
            "x": 0.0,
            "y": 0.0
          },
          "randomizeReachOffset": false,
          "reachDistance": 0.0
        },
        {
          "type": 0,
          "time": 0.0,
          "position": {
            "row": 3,
            "col": 4
          },
          "reachOffset": {
            "x": 0.0,
            "y": 0.0
          },
          "randomizeReachOffset": false,
          "reachDistance": 0.0
        }
      ],
      "allowDiagonalMove": true,
      "visitEveryTileCenter": false,
      "visitEveryNodeCenter": false
    },
    {
      "motionMode": 0,
      "startPosition": {
        "row": 3,
        "col": 7
      },
      "endPosition": {
        "row": 3,
        "col": 0
      },
      "spawnRandomRange": {
        "x": 0.3,
        "y": 0.3
      },
      "spawnOffset": {
        "x": 0.0,
        "y": 0.0
      },
      "checkpoints": [
        {
          "type": 0,
          "time": 0.0,
          "position": {
            "row": 5,
            "col": 7
          },
          "reachOffset": {
            "x": 0.0,
            "y": 0.0
          },
          "randomizeReachOffset": false,
          "reachDistance": 0.0
        },
        {
          "type": 0,
          "time": 0.0,
          "position": {
            "row": 5,
            "col": 4
          },
          "reachOffset": {
            "x": 0.0,
            "y": 0.0
          },
          "randomizeReachOffset": false,
          "reachDistance": 0.0
        },
        {
          "type": 0,
          "time": 0.0,
          "position": {
            "row": 3,
            "col": 4
          },
          "reachOffset": {
            "x": 0.0,
            "y": 0.0
          },
          "randomizeReachOffset": false,
          "reachDistance": 0.0
        }
      ],
      "allowDiagonalMove": true,
      "visitEveryTileCenter": false,
      "visitEveryNodeCenter": false
    },
    {
      "motionMode": 0,
      "startPosition": {
        "row": 2,
        "col": 9
      },
      "endPosition": {
        "row": 3,
        "col": 0
      },
      "spawnRandomRange": {
        "x": 0.3,
        "y": 0.3
      },
      "spawnOffset": {
        "x": 0.0,
        "y": 0.0
      },
      "checkpoints": [],
      "allowDiagonalMove": true,
      "visitEveryTileCenter": false,
      "visitEveryNodeCenter": false
    },
    {
      "motionMode": 0,
      "startPosition": {
        "row": 2,
        "col": 9
      },
      "endPosition": {
        "row": 3,
        "col": 0
      },
      "spawnRandomRange": {
        "x": 0.3,
        "y": 0.3
      },
      "spawnOffset": {
        "x": 0.0,
        "y": 0.0
      },
      "checkpoints": [],
      "allowDiagonalMove": true,
      "visitEveryTileCenter": false,
      "visitEveryNodeCenter": false
    },
    {
      "motionMode": 0,
      "startPosition": {
        "row": 2,
        "col": 9
      },
      "endPosition": {
        "row": 3,
        "col": 0
      },
      "spawnRandomRange": {
        "x": 0.3,
        "y": 0.3
      },
      "spawnOffset": {
        "x": 0.0,
        "y": 0.0
      },
      "checkpoints": [],
      "allowDiagonalMove": true,
      "visitEveryTileCenter": false,
      "visitEveryNodeCenter": false
    },
    {
      "motionMode": 0,
      "startPosition": {
        "row": 2,
        "col": 9
      },
      "endPosition": {
        "row": 3,
        "col": 0
      },
      "spawnRandomRange": {
        "x": 0.3,
        "y": 0.3
      },
      "spawnOffset": {
        "x": 0.0,
        "y": 0.0
      },
      "checkpoints": [],
      "allowDiagonalMove": true,
      "visitEveryTileCenter": false,
      "visitEveryNodeCenter": false
    },
    {
      "motionMode": 0,
      "startPosition": {
        "row": 2,
        "col": 9
      },
      "endPosition": {
        "row": 3,
        "col": 0
      },
      "spawnRandomRange": {
        "x": 0.3,
        "y": 0.3
      },
      "spawnOffset": {
        "x": 0.0,
        "y": 0.0
      },
      "checkpoints": [],
      "allowDiagonalMove": true,
      "visitEveryTileCenter": false,
      "visitEveryNodeCenter": false
    },
    {
      "motionMode": 0,
      "startPosition": {
        "row": 6,
        "col": 3
      },
      "endPosition": {
        "row": 4,
        "col": 0
      },
      "spawnRandomRange": {
        "x": 0.3,
        "y": 0.3
      },
      "spawnOffset": {
        "x": 0.0,
        "y": 0.0
      },
      "checkpoints": [
        {
          "type": 0,
          "time": 0.0,
          "position": {
            "row": 6,
            "col": 1
          },
          "reachOffset": {
            "x": 0.0,
            "y": 0.0
          },
          "randomizeReachOffset": false,
          "reachDistance": 0.0
        },
        {
          "type": 0,
          "time": 0.0,
          "position": {
            "row": 4,
            "col": 1
          },
          "reachOffset": {
            "x": 0.0,
            "y": 0.0
          },
          "randomizeReachOffset": false,
          "reachDistance": 0.0
        }
      ],
      "allowDiagonalMove": true,
      "visitEveryTileCenter": false,
      "visitEveryNodeCenter": false
    },
    {
      "motionMode": 0,
      "startPosition": {
        "row": 6,
        "col": 3
      },
      "endPosition": {
        "row": 4,
        "col": 0
      },
      "spawnRandomRange": {
        "x": 0.3,
        "y": 0.3
      },
      "spawnOffset": {
        "x": 0.0,
        "y": 0.0
      },
      "checkpoints": [
        {
          "type": 0,
          "time": 0.0,
          "position": {
            "row": 6,
            "col": 1
          },
          "reachOffset": {
            "x": 0.0,
            "y": 0.0
          },
          "randomizeReachOffset": false,
          "reachDistance": 0.0
        },
        {
          "type": 0,
          "time": 0.0,
          "position": {
            "row": 4,
            "col": 1
          },
          "reachOffset": {
            "x": 0.0,
            "y": 0.0
          },
          "randomizeReachOffset": false,
          "reachDistance": 0.0
        }
      ],
      "allowDiagonalMove": true,
      "visitEveryTileCenter": false,
      "visitEveryNodeCenter": false
    },
    {
      "motionMode": 0,
      "startPosition": {
        "row": 6,
        "col": 3
      },
      "endPosition": {
        "row": 4,
        "col": 0
      },
      "spawnRandomRange": {
        "x": 0.3,
        "y": 0.3
      },
      "spawnOffset": {
        "x": 0.0,
        "y": 0.0
      },
      "checkpoints": [
        {
          "type": 0,
          "time": 0.0,
          "position": {
            "row": 6,
            "col": 1
          },
          "reachOffset": {
            "x": 0.0,
            "y": 0.0
          },
          "randomizeReachOffset": false,
          "reachDistance": 0.0
        },
        {
          "type": 0,
          "time": 0.0,
          "position": {
            "row": 4,
            "col": 1
          },
          "reachOffset": {
            "x": 0.0,
            "y": 0.0
          },
          "randomizeReachOffset": false,
          "reachDistance": 0.0
        }
      ],
      "allowDiagonalMove": true,
      "visitEveryTileCenter": false,
      "visitEveryNodeCenter": false
    },
    {
      "motionMode": 0,
      "startPosition": {
        "row": 6,
        "col": 3
      },
      "endPosition": {
        "row": 4,
        "col": 0
      },
      "spawnRandomRange": {
        "x": 0.3,
        "y": 0.3
      },
      "spawnOffset": {
        "x": 0.0,
        "y": 0.0
      },
      "checkpoints": [
        {
          "type": 0,
          "time": 0.0,
          "position": {
            "row": 6,
            "col": 1
          },
          "reachOffset": {
            "x": 0.0,
            "y": 0.0
          },
          "randomizeReachOffset": false,
          "reachDistance": 0.0
        },
        {
          "type": 0,
          "time": 0.0,
          "position": {
            "row": 4,
            "col": 1
          },
          "reachOffset": {
            "x": 0.0,
            "y": 0.0
          },
          "randomizeReachOffset": false,
          "reachDistance": 0.0
        }
      ],
      "allowDiagonalMove": true,
      "visitEveryTileCenter": false,
      "visitEveryNodeCenter": false
    },
    {
      "motionMode": 0,
      "startPosition": {
        "row": 6,
        "col": 3
      },
      "endPosition": {
        "row": 4,
        "col": 0
      },
      "spawnRandomRange": {
        "x": 0.3,
        "y": 0.3
      },
      "spawnOffset": {
        "x": 0.0,
        "y": 0.0
      },
      "checkpoints": [
        {
          "type": 0,
          "time": 0.0,
          "position": {
            "row": 6,
            "col": 1
          },
          "reachOffset": {
            "x": 0.0,
            "y": 0.0
          },
          "randomizeReachOffset": false,
          "reachDistance": 0.0
        },
        {
          "type": 0,
          "time": 0.0,
          "position": {
            "row": 4,
            "col": 1
          },
          "reachOffset": {
            "x": 0.0,
            "y": 0.0
          },
          "randomizeReachOffset": false,
          "reachDistance": 0.0
        }
      ],
      "allowDiagonalMove": true,
      "visitEveryTileCenter": false,
      "visitEveryNodeCenter": false
    },
    {
      "motionMode": 0,
      "startPosition": {
        "row": 3,
        "col": 7
      },
      "endPosition": {
        "row": 3,
        "col": 0
      },
      "spawnRandomRange": {
        "x": 0.3,
        "y": 0.3
      },
      "spawnOffset": {
        "x": 0.0,
        "y": 0.0
      },
      "checkpoints": [
        {
          "type": 0,
          "time": 0.0,
          "position": {
            "row": 5,
            "col": 7
          },
          "reachOffset": {
            "x": 0.0,
            "y": 0.0
          },
          "randomizeReachOffset": false,
          "reachDistance": 0.0
        },
        {
          "type": 0,
          "time": 0.0,
          "position": {
            "row": 5,
            "col": 4
          },
          "reachOffset": {
            "x": 0.0,
            "y": 0.0
          },
          "randomizeReachOffset": false,
          "reachDistance": 0.0
        },
        {
          "type": 0,
          "time": 0.0,
          "position": {
            "row": 3,
            "col": 4
          },
          "reachOffset": {
            "x": 0.0,
            "y": 0.0
          },
          "randomizeReachOffset": false,
          "reachDistance": 0.0
        }
      ],
      "allowDiagonalMove": true,
      "visitEveryTileCenter": false,
      "visitEveryNodeCenter": false
    },
    {
      "motionMode": 0,
      "startPosition": {
        "row": 3,
        "col": 7
      },
      "endPosition": {
        "row": 3,
        "col": 0
      },
      "spawnRandomRange": {
        "x": 0.3,
        "y": 0.3
      },
      "spawnOffset": {
        "x": 0.0,
        "y": 0.0
      },
      "checkpoints": [
        {
          "type": 0,
          "time": 0.0,
          "position": {
            "row": 5,
            "col": 7
          },
          "reachOffset": {
            "x": 0.0,
            "y": 0.0
          },
          "randomizeReachOffset": false,
          "reachDistance": 0.0
        },
        {
          "type": 0,
          "time": 0.0,
          "position": {
            "row": 5,
            "col": 4
          },
          "reachOffset": {
            "x": 0.0,
            "y": 0.0
          },
          "randomizeReachOffset": false,
          "reachDistance": 0.0
        },
        {
          "type": 0,
          "time": 0.0,
          "position": {
            "row": 3,
            "col": 4
          },
          "reachOffset": {
            "x": 0.0,
            "y": 0.0
          },
          "randomizeReachOffset": false,
          "reachDistance": 0.0
        }
      ],
      "allowDiagonalMove": true,
      "visitEveryTileCenter": false,
      "visitEveryNodeCenter": false
    },
    {
      "motionMode": 0,
      "startPosition": {
        "row": 3,
        "col": 7
      },
      "endPosition": {
        "row": 3,
        "col": 0
      },
      "spawnRandomRange": {
        "x": 0.3,
        "y": 0.3
      },
      "spawnOffset": {
        "x": 0.0,
        "y": 0.0
      },
      "checkpoints": [
        {
          "type": 0,
          "time": 0.0,
          "position": {
            "row": 5,
            "col": 7
          },
          "reachOffset": {
            "x": 0.0,
            "y": 0.0
          },
          "randomizeReachOffset": false,
          "reachDistance": 0.0
        },
        {
          "type": 0,
          "time": 0.0,
          "position": {
            "row": 5,
            "col": 4
          },
          "reachOffset": {
            "x": 0.0,
            "y": 0.0
          },
          "randomizeReachOffset": false,
          "reachDistance": 0.0
        },
        {
          "type": 0,
          "time": 0.0,
          "position": {
            "row": 3,
            "col": 4
          },
          "reachOffset": {
            "x": 0.0,
            "y": 0.0
          },
          "randomizeReachOffset": false,
          "reachDistance": 0.0
        }
      ],
      "allowDiagonalMove": true,
      "visitEveryTileCenter": false,
      "visitEveryNodeCenter": false
    },
    {
      "motionMode": 0,
      "startPosition": {
        "row": 2,
        "col": 9
      },
      "endPosition": {
        "row": 3,
        "col": 0
      },
      "spawnRandomRange": {
        "x": 0.3,
        "y": 0.3
      },
      "spawnOffset": {
        "x": 0.0,
        "y": 0.0
      },
      "checkpoints": [],
      "allowDiagonalMove": true,
      "visitEveryTileCenter": false,
      "visitEveryNodeCenter": false
    },
    {
      "motionMode": 0,
      "startPosition": {
        "row": 2,
        "col": 9
      },
      "endPosition": {
        "row": 3,
        "col": 0
      },
      "spawnRandomRange": {
        "x": 0.3,
        "y": 0.3
      },
      "spawnOffset": {
        "x": 0.0,
        "y": 0.0
      },
      "checkpoints": [],
      "allowDiagonalMove": true,
      "visitEveryTileCenter": false,
      "visitEveryNodeCenter": false
    },
    {
      "motionMode": 0,
      "startPosition": {
        "row": 3,
        "col": 7
      },
      "endPosition": {
        "row": 3,
        "col": 0
      },
      "spawnRandomRange": {
        "x": 0.2,
        "y": 0.2
      },
      "spawnOffset": {
        "x": 0.0,
        "y": 0.0
      },
      "checkpoints": [
        {
          "type": 0,
          "time": 0.0,
          "position": {
            "row": 5,
            "col": 7
          },
          "reachOffset": {
            "x": 0.0,
            "y": 0.0
          },
          "randomizeReachOffset": false,
          "reachDistance": 0.0
        },
        {
          "type": 0,
          "time": 0.0,
          "position": {
            "row": 5,
            "col": 4
          },
          "reachOffset": {
            "x": 0.0,
            "y": 0.0
          },
          "randomizeReachOffset": false,
          "reachDistance": 0.0
        },
        {
          "type": 0,
          "time": 0.0,
          "position": {
            "row": 3,
            "col": 4
          },
          "reachOffset": {
            "x": 0.0,
            "y": 0.0
          },
          "randomizeReachOffset": false,
          "reachDistance": 0.0
        }
      ],
      "allowDiagonalMove": true,
      "visitEveryTileCenter": false,
      "visitEveryNodeCenter": false
    },
    {
      "motionMode": 0,
      "startPosition": {
        "row": 3,
        "col": 7
      },
      "endPosition": {
        "row": 3,
        "col": 0
      },
      "spawnRandomRange": {
        "x": 0.2,
        "y": 0.2
      },
      "spawnOffset": {
        "x": 0.0,
        "y": 0.0
      },
      "checkpoints": [
        {
          "type": 0,
          "time": 0.0,
          "position": {
            "row": 5,
            "col": 7
          },
          "reachOffset": {
            "x": 0.0,
            "y": 0.0
          },
          "randomizeReachOffset": false,
          "reachDistance": 0.0
        },
        {
          "type": 0,
          "time": 0.0,
          "position": {
            "row": 5,
            "col": 4
          },
          "reachOffset": {
            "x": 0.0,
            "y": 0.0
          },
          "randomizeReachOffset": false,
          "reachDistance": 0.0
        },
        {
          "type": 0,
          "time": 0.0,
          "position": {
            "row": 3,
            "col": 4
          },
          "reachOffset": {
            "x": 0.0,
            "y": 0.0
          },
          "randomizeReachOffset": false,
          "reachDistance": 0.0
        }
      ],
      "allowDiagonalMove": true,
      "visitEveryTileCenter": false,
      "visitEveryNodeCenter": false
    },
    {
      "motionMode": 0,
      "startPosition": {
        "row": 2,
        "col": 9
      },
      "endPosition": {
        "row": 3,
        "col": 0
      },
      "spawnRandomRange": {
        "x": 0.0,
        "y": 0.0
      },
      "spawnOffset": {
        "x": 0.0,
        "y": 0.0
      },
      "checkpoints": [
        {
          "type": 0,
          "time": 0.0,
          "position": {
            "row": 2,
            "col": 4
          },
          "reachOffset": {
            "x": 0.0,
            "y": 0.0
          },
          "randomizeReachOffset": false,
          "reachDistance": 0.0
        },
        {
          "type": 0,
          "time": 0.0,
          "position": {
            "row": 3,
            "col": 3
          },
          "reachOffset": {
            "x": 0.0,
            "y": 0.0
          },
          "randomizeReachOffset": false,
          "reachDistance": 0.0
        }
      ],
      "allowDiagonalMove": true,
      "visitEveryTileCenter": false,
      "visitEveryNodeCenter": false
    },
    {
      "motionMode": 0,
      "startPosition": {
        "row": 2,
        "col": 9
      },
      "endPosition": {
        "row": 3,
        "col": 0
      },
      "spawnRandomRange": {
        "x": 0.2,
        "y": 0.2
      },
      "spawnOffset": {
        "x": 0.0,
        "y": 0.0
      },
      "checkpoints": [
        {
          "type": 0,
          "time": 0.0,
          "position": {
            "row": 2,
            "col": 4
          },
          "reachOffset": {
            "x": 0.0,
            "y": 0.0
          },
          "randomizeReachOffset": false,
          "reachDistance": 0.0
        },
        {
          "type": 0,
          "time": 0.0,
          "position": {
            "row": 3,
            "col": 3
          },
          "reachOffset": {
            "x": 0.0,
            "y": 0.0
          },
          "randomizeReachOffset": false,
          "reachDistance": 0.0
        }
      ],
      "allowDiagonalMove": true,
      "visitEveryTileCenter": false,
      "visitEveryNodeCenter": false
    },
    {
      "motionMode": 0,
      "startPosition": {
        "row": 6,
        "col": 3
      },
      "endPosition": {
        "row": 4,
        "col": 0
      },
      "spawnRandomRange": {
        "x": 0.0,
        "y": 0.0
      },
      "spawnOffset": {
        "x": 0.0,
        "y": 0.0
      },
      "checkpoints": [
        {
          "type": 0,
          "time": 0.0,
          "position": {
            "row": 6,
            "col": 1
          },
          "reachOffset": {
            "x": 0.0,
            "y": 0.0
          },
          "randomizeReachOffset": false,
          "reachDistance": 0.0
        },
        {
          "type": 0,
          "time": 0.0,
          "position": {
            "row": 4,
            "col": 1
          },
          "reachOffset": {
            "x": 0.0,
            "y": 0.0
          },
          "randomizeReachOffset": false,
          "reachDistance": 0.0
        }
      ],
      "allowDiagonalMove": true,
      "visitEveryTileCenter": false,
      "visitEveryNodeCenter": false
    }
  ],
  "enemies": [],
  "enemyDbRefs": [
    {
      "useDb": true,
      "id": "enemy_1004_mslime",
      "level": 0,
      "overwrittenData": null
    },
    {
      "useDb": true,
      "id": "enemy_1007_slime",
      "level": 0,
      "overwrittenData": null
    },
    {
      "useDb": true,
      "id": "enemy_1007_slime_2",
      "level": 0,
      "overwrittenData": null
    }
  ],
  "waves": [
    {
      "preDelay": 0.0,
      "postDelay": 0.0,
      "maxTimeWaitingForNextWave": -1.0,
      "fragments": [
        {
          "preDelay": 0.0,
          "actions": [
            {
              "actionType": 5,
              "managedByScheduler": true,
              "key": "enemy_1004_mslime",
              "count": 1,
              "preDelay": 0.0,
              "interval": 1.0,
              "routeIndex": 0,
              "blockFragment": false,
              "autoPreviewRoute": false,
              "isUnharmfulAndAlwaysCountAsKilled": false
            },
            {
              "actionType": 0,
              "managedByScheduler": true,
              "key": "enemy_1004_mslime",
              "count": 1,
              "preDelay": 0.0,
              "interval": 1.0,
              "routeIndex": 1,
              "blockFragment": false,
              "autoPreviewRoute": false,
              "isUnharmfulAndAlwaysCountAsKilled": false
            },
            {
              "actionType": 0,
              "managedByScheduler": true,
              "key": "enemy_1004_mslime",
              "count": 1,
              "preDelay": 0.0,
              "interval": 1.0,
              "routeIndex": 2,
              "blockFragment": false,
              "autoPreviewRoute": false,
              "isUnharmfulAndAlwaysCountAsKilled": false
            },
            {
              "actionType": 0,
              "managedByScheduler": true,
              "key": "enemy_1004_mslime",
              "count": 1,
              "preDelay": 0.0,
              "interval": 1.0,
              "routeIndex": 3,
              "blockFragment": false,
              "autoPreviewRoute": false,
              "isUnharmfulAndAlwaysCountAsKilled": false
            },
            {
              "actionType": 0,
              "managedByScheduler": true,
              "key": "enemy_1004_mslime",
              "count": 1,
              "preDelay": 0.0,
              "interval": 1.0,
              "routeIndex": 4,
              "blockFragment": false,
              "autoPreviewRoute": false,
              "isUnharmfulAndAlwaysCountAsKilled": false
            },
            {
              "actionType": 0,
              "managedByScheduler": true,
              "key": "enemy_1004_mslime",
              "count": 1,
              "preDelay": 0.0,
              "interval": 1.0,
              "routeIndex": 5,
              "blockFragment": false,
              "autoPreviewRoute": false,
              "isUnharmfulAndAlwaysCountAsKilled": false
            },
            {
              "actionType": 0,
              "managedByScheduler": true,
              "key": "enemy_1004_mslime",
              "count": 1,
              "preDelay": 0.0,
              "interval": 1.0,
              "routeIndex": 6,
              "blockFragment": false,
              "autoPreviewRoute": false,
              "isUnharmfulAndAlwaysCountAsKilled": false
            },
            {
              "actionType": 0,
              "managedByScheduler": true,
              "key": "enemy_1004_mslime",
              "count": 1,
              "preDelay": 0.0,
              "interval": 1.0,
              "routeIndex": 7,
              "blockFragment": false,
              "autoPreviewRoute": false,
              "isUnharmfulAndAlwaysCountAsKilled": false
            },
            {
              "actionType": 0,
              "managedByScheduler": true,
              "key": "enemy_1004_mslime",
              "count": 1,
              "preDelay": 0.0,
              "interval": 1.0,
              "routeIndex": 8,
              "blockFragment": false,
              "autoPreviewRoute": false,
              "isUnharmfulAndAlwaysCountAsKilled": false
            },
            {
              "actionType": 0,
              "managedByScheduler": true,
              "key": "enemy_1004_mslime",
              "count": 1,
              "preDelay": 0.0,
              "interval": 1.0,
              "routeIndex": 9,
              "blockFragment": false,
              "autoPreviewRoute": false,
              "isUnharmfulAndAlwaysCountAsKilled": false
            },
            {
              "actionType": 0,
              "managedByScheduler": true,
              "key": "enemy_1004_mslime",
              "count": 1,
              "preDelay": 0.0,
              "interval": 1.0,
              "routeIndex": 10,
              "blockFragment": false,
              "autoPreviewRoute": false,
              "isUnharmfulAndAlwaysCountAsKilled": false
            },
            {
              "actionType": 0,
              "managedByScheduler": true,
              "key": "enemy_1004_mslime",
              "count": 1,
              "preDelay": 0.0,
              "interval": 1.0,
              "routeIndex": 11,
              "blockFragment": false,
              "autoPreviewRoute": false,
              "isUnharmfulAndAlwaysCountAsKilled": false
            },
            {
              "actionType": 0,
              "managedByScheduler": true,
              "key": "enemy_1004_mslime",
              "count": 1,
              "preDelay": 0.0,
              "interval": 1.0,
              "routeIndex": 12,
              "blockFragment": false,
              "autoPreviewRoute": false,
              "isUnharmfulAndAlwaysCountAsKilled": false
            }
          ],
          "name": null
        },
        {
          "preDelay": 15.0,
          "actions": [
            {
              "actionType": 0,
              "managedByScheduler": true,
              "key": "enemy_1007_slime",
              "count": 2,
              "preDelay": 3.0,
              "interval": 0.8,
              "routeIndex": 13,
              "blockFragment": false,
              "autoPreviewRoute": true,
              "isUnharmfulAndAlwaysCountAsKilled": false
            },
            {
              "actionType": 0,
              "managedByScheduler": true,
              "key": "enemy_1007_slime",
              "count": 1,
              "preDelay": 7.0,
              "interval": 0.8,
              "routeIndex": 14,
              "blockFragment": false,
              "autoPreviewRoute": false,
              "isUnharmfulAndAlwaysCountAsKilled": false
            },
            {
              "actionType": 0,
              "managedByScheduler": true,
              "key": "enemy_1007_slime",
              "count": 2,
              "preDelay": 11.0,
              "interval": 0.8,
              "routeIndex": 15,
              "blockFragment": false,
              "autoPreviewRoute": false,
              "isUnharmfulAndAlwaysCountAsKilled": false
            },
            {
              "actionType": 0,
              "managedByScheduler": true,
              "key": "enemy_1007_slime",
              "count": 3,
              "preDelay": 18.0,
              "interval": 0.8,
              "routeIndex": 16,
              "blockFragment": false,
              "autoPreviewRoute": false,
              "isUnharmfulAndAlwaysCountAsKilled": false
            }
          ],
          "name": null
        },
        {
          "preDelay": 15.0,
          "actions": [
            {
              "actionType": 0,
              "managedByScheduler": true,
              "key": "enemy_1007_slime",
              "count": 2,
              "preDelay": 3.0,
              "interval": 0.7,
              "routeIndex": 17,
              "blockFragment": false,
              "autoPreviewRoute": true,
              "isUnharmfulAndAlwaysCountAsKilled": false
            },
            {
              "actionType": 0,
              "managedByScheduler": true,
              "key": "enemy_1007_slime",
              "count": 1,
              "preDelay": 8.0,
              "interval": 0.7,
              "routeIndex": 18,
              "blockFragment": false,
              "autoPreviewRoute": false,
              "isUnharmfulAndAlwaysCountAsKilled": false
            },
            {
              "actionType": 0,
              "managedByScheduler": true,
              "key": "enemy_1007_slime",
              "count": 2,
              "preDelay": 12.0,
              "interval": 0.7,
              "routeIndex": 19,
              "blockFragment": false,
              "autoPreviewRoute": false,
              "isUnharmfulAndAlwaysCountAsKilled": false
            },
            {
              "actionType": 0,
              "managedByScheduler": true,
              "key": "enemy_1007_slime",
              "count": 2,
              "preDelay": 17.0,
              "interval": 0.7,
              "routeIndex": 20,
              "blockFragment": false,
              "autoPreviewRoute": false,
              "isUnharmfulAndAlwaysCountAsKilled": false
            },
            {
              "actionType": 0,
              "managedByScheduler": true,
              "key": "enemy_1007_slime",
              "count": 3,
              "preDelay": 23.0,
              "interval": 0.7,
              "routeIndex": 21,
              "blockFragment": false,
              "autoPreviewRoute": false,
              "isUnharmfulAndAlwaysCountAsKilled": false
            },
            {
              "actionType": 0,
              "managedByScheduler": true,
              "key": "enemy_1007_slime",
              "count": 1,
              "preDelay": 10.0,
              "interval": 0.8,
              "routeIndex": 22,
              "blockFragment": false,
              "autoPreviewRoute": true,
              "isUnharmfulAndAlwaysCountAsKilled": false
            },
            {
              "actionType": 0,
              "managedByScheduler": true,
              "key": "enemy_1007_slime",
              "count": 1,
              "preDelay": 15.0,
              "interval": 0.8,
              "routeIndex": 23,
              "blockFragment": false,
              "autoPreviewRoute": false,
              "isUnharmfulAndAlwaysCountAsKilled": false
            },
            {
              "actionType": 0,
              "managedByScheduler": true,
              "key": "enemy_1007_slime",
              "count": 1,
              "preDelay": 18.0,
              "interval": 0.8,
              "routeIndex": 24,
              "blockFragment": false,
              "autoPreviewRoute": false,
              "isUnharmfulAndAlwaysCountAsKilled": false
            },
            {
              "actionType": 0,
              "managedByScheduler": true,
              "key": "enemy_1007_slime",
              "count": 2,
              "preDelay": 21.0,
              "interval": 0.8,
              "routeIndex": 25,
              "blockFragment": false,
              "autoPreviewRoute": false,
              "isUnharmfulAndAlwaysCountAsKilled": false
            },
            {
              "actionType": 0,
              "managedByScheduler": true,
              "key": "enemy_1007_slime",
              "count": 3,
              "preDelay": 27.0,
              "interval": 0.8,
              "routeIndex": 26,
              "blockFragment": false,
              "autoPreviewRoute": false,
              "isUnharmfulAndAlwaysCountAsKilled": false
            }
          ],
          "name": null
        },
        {
          "preDelay": 15.0,
          "actions": [
            {
              "actionType": 0,
              "managedByScheduler": true,
              "key": "enemy_1007_slime_2",
              "count": 1,
              "preDelay": 3.0,
              "interval": 0.7,
              "routeIndex": 27,
              "blockFragment": false,
              "autoPreviewRoute": true,
              "isUnharmfulAndAlwaysCountAsKilled": false
            },
            {
              "actionType": 0,
              "managedByScheduler": true,
              "key": "enemy_1007_slime_2",
              "count": 1,
              "preDelay": 10.0,
              "interval": 0.7,
              "routeIndex": 28,
              "blockFragment": false,
              "autoPreviewRoute": false,
              "isUnharmfulAndAlwaysCountAsKilled": false
            },
            {
              "actionType": 0,
              "managedByScheduler": true,
              "key": "enemy_1007_slime_2",
              "count": 2,
              "preDelay": 17.0,
              "interval": 0.7,
              "routeIndex": 29,
              "blockFragment": false,
              "autoPreviewRoute": false,
              "isUnharmfulAndAlwaysCountAsKilled": false
            },
            {
              "actionType": 0,
              "managedByScheduler": true,
              "key": "enemy_1007_slime_2",
              "count": 2,
              "preDelay": 25.0,
              "interval": 0.7,
              "routeIndex": 30,
              "blockFragment": false,
              "autoPreviewRoute": false,
              "isUnharmfulAndAlwaysCountAsKilled": false
            },
            {
              "actionType": 0,
              "managedByScheduler": true,
              "key": "enemy_1007_slime_2",
              "count": 2,
              "preDelay": 35.0,
              "interval": 0.7,
              "routeIndex": 31,
              "blockFragment": false,
              "autoPreviewRoute": false,
              "isUnharmfulAndAlwaysCountAsKilled": false
            },
            {
              "actionType": 0,
              "managedByScheduler": true,
              "key": "enemy_1007_slime_2",
              "count": 2,
              "preDelay": 10.0,
              "interval": 0.7,
              "routeIndex": 32,
              "blockFragment": false,
              "autoPreviewRoute": true,
              "isUnharmfulAndAlwaysCountAsKilled": false
            },
            {
              "actionType": 0,
              "managedByScheduler": true,
              "key": "enemy_1007_slime_2",
              "count": 2,
              "preDelay": 15.0,
              "interval": 0.7,
              "routeIndex": 33,
              "blockFragment": false,
              "autoPreviewRoute": false,
              "isUnharmfulAndAlwaysCountAsKilled": false
            },
            {
              "actionType": 0,
              "managedByScheduler": true,
              "key": "enemy_1007_slime_2",
              "count": 2,
              "preDelay": 20.0,
              "interval": 0.7,
              "routeIndex": 34,
              "blockFragment": false,
              "autoPreviewRoute": false,
              "isUnharmfulAndAlwaysCountAsKilled": false
            },
            {
              "actionType": 0,
              "managedByScheduler": true,
              "key": "enemy_1007_slime",
              "count": 2,
              "preDelay": 12.0,
              "interval": 0.8,
              "routeIndex": 35,
              "blockFragment": false,
              "autoPreviewRoute": true,
              "isUnharmfulAndAlwaysCountAsKilled": false
            },
            {
              "actionType": 0,
              "managedByScheduler": true,
              "key": "enemy_1007_slime",
              "count": 2,
              "preDelay": 17.0,
              "interval": 0.8,
              "routeIndex": 36,
              "blockFragment": false,
              "autoPreviewRoute": false,
              "isUnharmfulAndAlwaysCountAsKilled": false
            }
          ],
          "name": null
        },
        {
          "preDelay": 25.0,
          "actions": [
            {
              "actionType": 0,
              "managedByScheduler": true,
              "key": "enemy_1004_mslime",
              "count": 3,
              "preDelay": 3.0,
              "interval": 10.0,
              "routeIndex": 37,
              "blockFragment": false,
              "autoPreviewRoute": true,
              "isUnharmfulAndAlwaysCountAsKilled": false
            },
            {
              "actionType": 0,
              "managedByScheduler": true,
              "key": "enemy_1004_mslime",
              "count": 2,
              "preDelay": 12.0,
              "interval": 10.0,
              "routeIndex": 38,
              "blockFragment": false,
              "autoPreviewRoute": false,
              "isUnharmfulAndAlwaysCountAsKilled": false
            },
            {
              "actionType": 0,
              "managedByScheduler": true,
              "key": "enemy_1004_mslime",
              "count": 3,
              "preDelay": 4.0,
              "interval": 10.0,
              "routeIndex": 39,
              "blockFragment": false,
              "autoPreviewRoute": true,
              "isUnharmfulAndAlwaysCountAsKilled": false
            },
            {
              "actionType": 0,
              "managedByScheduler": true,
              "key": "enemy_1004_mslime",
              "count": 2,
              "preDelay": 13.0,
              "interval": 10.0,
              "routeIndex": 40,
              "blockFragment": false,
              "autoPreviewRoute": false,
              "isUnharmfulAndAlwaysCountAsKilled": false
            },
            {
              "actionType": 0,
              "managedByScheduler": true,
              "key": "enemy_1004_mslime",
              "count": 3,
              "preDelay": 5.0,
              "interval": 10.0,
              "routeIndex": 41,
              "blockFragment": false,
              "autoPreviewRoute": true,
              "isUnharmfulAndAlwaysCountAsKilled": false
            }
          ],
          "name": null
        }
      ],
      "name": null
    }
  ],
  "predefines": {
    "characterInsts": [],
    "tokenInsts": [],
    "characterCards": [],
    "tokenCards": []
  },
  "excludeCharIdList": null,
  "randomSeed": 1843603530
}