{
  "options": {
    "characterLimit": 8,
    "maxLifePoint": 3,
    "initialCost": 10,
    "maxCost": 99,
    "costIncreaseTime": 1.0,
    "moveMultiplier": 0.5,
    "steeringEnabled": true,
    "isTrainingLevel": false,
    "functionDisableMask": 0
  },
  "levelId": null,
  "mapId": null,
  "bgmEvent": "normal03",
  "mapData": {
    "map": [
      [
        77,
        78,
        79,
        80,
        81,
        82,
        83,
        84,
        85,
        86,
        87
      ],
      [
        66,
        67,
        68,
        69,
        70,
        71,
        72,
        73,
        74,
        75,
        76
      ],
      [
        55,
        56,
        57,
        58,
        59,
        60,
        61,
        62,
        63,
        64,
        65
      ],
      [
        44,
        45,
        46,
        47,
        48,
        49,
        50,
        51,
        52,
        53,
        54
      ],
      [
        33,
        34,
        35,
        36,
        37,
        38,
        39,
        40,
        41,
        42,
        43
      ],
      [
        22,
        23,
        24,
        25,
        26,
        27,
        28,
        29,
        30,
        31,
        32
      ],
      [
        11,
        12,
        13,
        14,
        15,
        16,
        17,
        18,
        19,
        20,
        21
      ],
      [
        0,
        1,
        2,
        3,
        4,
        5,
        6,
        7,
        8,
        9,
        10
      ]
    ],
    "tiles": [
      {
        "tileKey": "tile_forbidden",
        "heightType": 1,
        "buildableType": 0,
        "passableMask": 2,
        "blackboard": null,
        "effects": null
      },
      {
        "tileKey": "tile_forbidden",
        "heightType": 1,
        "buildableType": 0,
        "passableMask": 2,
        "blackboard": null,
        "effects": null
      },
      {
        "tileKey": "tile_forbidden",
        "heightType": 1,
        "buildableType": 0,
        "passableMask": 2,
        "blackboard": null,
        "effects": null
      },
      {
        "tileKey": "tile_forbidden",
        "heightType": 1,
        "buildableType": 0,
        "passableMask": 2,
        "blackboard": null,
        "effects": null
      },
      {
        "tileKey": "tile_start",
        "heightType": 0,
        "buildableType": 0,
        "passableMask": 3,
        "blackboard": null,
        "effects": null
      },
      {
        "tileKey": "tile_start",
        "heightType": 0,
        "buildableType": 0,
        "passableMask": 3,
        "blackboard": null,
        "effects": null
      },
      {
        "tileKey": "tile_start",
        "heightType": 0,
        "buildableType": 0,
        "passableMask": 3,
        "blackboard": null,
        "effects": null
      },
      {
        "tileKey": "tile_forbidden",
        "heightType": 1,
        "buildableType": 0,
        "passableMask": 2,
        "blackboard": null,
        "effects": null
      },
      {
        "tileKey": "tile_forbidden",
        "heightType": 1,
        "buildableType": 0,
        "passableMask": 2,
        "blackboard": null,
        "effects": null
      },
      {
        "tileKey": "tile_forbidden",
        "heightType": 1,
        "buildableType": 0,
        "passableMask": 2,
        "blackboard": null,
        "effects": null
      },
      {
        "tileKey": "tile_forbidden",
        "heightType": 1,
        "buildableType": 0,
        "passableMask": 2,
        "blackboard": null,
        "effects": null
      },
      {
        "tileKey": "tile_start",
        "heightType": 0,
        "buildableType": 0,
        "passableMask": 3,
        "blackboard": null,
        "effects": null
      },
      {
        "tileKey": "tile_floor",
        "heightType": 0,
        "buildableType": 0,
        "passableMask": 3,
        "blackboard": null,
        "effects": null
      },
      {
        "tileKey": "tile_floor",
        "heightType": 0,
        "buildableType": 0,
        "passableMask": 3,
        "blackboard": null,
        "effects": null
      },
      {
        "tileKey": "tile_floor",
        "heightType": 0,
        "buildableType": 0,
        "passableMask": 3,
        "blackboard": null,
        "effects": null
      },
      {
        "tileKey": "tile_floor",
        "heightType": 0,
        "buildableType": 0,
        "passableMask": 3,
        "blackboard": null,
        "effects": null
      },
      {
        "tileKey": "tile_floor",
        "heightType": 0,
        "buildableType": 0,
        "passableMask": 3,
        "blackboard": null,
        "effects": null
      },
      {
        "tileKey": "tile_floor",
        "heightType": 0,
        "buildableType": 0,
        "passableMask": 3,
        "blackboard": null,
        "effects": null
      },
      {
        "tileKey": "tile_floor",
        "heightType": 0,
        "buildableType": 0,
        "passableMask": 3,
        "blackboard": null,
        "effects": null
      },
      {
        "tileKey": "tile_floor",
        "heightType": 0,
        "buildableType": 0,
        "passableMask": 3,
        "blackboard": null,
        "effects": null
      },
      {
        "tileKey": "tile_floor",
        "heightType": 0,
        "buildableType": 0,
        "passableMask": 3,
        "blackboard": null,
        "effects": null
      },
      {
        "tileKey": "tile_start",
        "heightType": 0,
        "buildableType": 0,
        "passableMask": 3,
        "blackboard": null,
        "effects": null
      },
      {
        "tileKey": "tile_forbidden",
        "heightType": 1,
        "buildableType": 0,
        "passableMask": 2,
        "blackboard": null,
        "effects": null
      },
      {
        "tileKey": "tile_forbidden",
        "heightType": 1,
        "buildableType": 0,
        "passableMask": 2,
        "blackboard": null,
        "effects": null
      },
      {
        "tileKey": "tile_road",
        "heightType": 0,
        "buildableType": 1,
        "passableMask": 3,
        "blackboard": null,
        "effects": null
      },
      {
        "tileKey": "tile_road",
        "heightType": 0,
        "buildableType": 1,
        "passableMask": 3,
        "blackboard": null,
        "effects": null
      },
      {
        "tileKey": "tile_forbidden",
        "heightType": 1,
        "buildableType": 0,
        "passableMask": 2,
        "blackboard": null,
        "effects": null
      },
      {
        "tileKey": "tile_road",
        "heightType": 0,
        "buildableType": 1,
        "passableMask": 3,
        "blackboard": null,
        "effects": null
      },
      {
        "tileKey": "tile_forbidden",
        "heightType": 1,
        "buildableType": 0,
        "passableMask": 2,
        "blackboard": null,
        "effects": null
      },
      {
        "tileKey": "tile_road",
        "heightType": 0,
        "buildableType": 1,
        "passableMask": 3,
        "blackboard": null,
        "effects": null
      },
      {
        "tileKey": "tile_road",
        "heightType": 0,
        "buildableType": 1,
        "passableMask": 3,
        "blackboard": null,
        "effects": null
      },
      {
        "tileKey": "tile_forbidden",
        "heightType": 1,
        "buildableType": 0,
        "passableMask": 2,
        "blackboard": null,
        "effects": null
      },
      {
        "tileKey": "tile_forbidden",
        "heightType": 1,
        "buildableType": 0,
        "passableMask": 2,
        "blackboard": null,
        "effects": null
      },
      {
        "tileKey": "tile_start",
        "heightType": 0,
        "buildableType": 0,
        "passableMask": 3,
        "blackboard": null,
        "effects": null
      },
      {
        "tileKey": "tile_floor",
        "heightType": 0,
        "buildableType": 0,
        "passableMask": 3,
        "blackboard": null,
        "effects": null
      },
      {
        "tileKey": "tile_road",
        "heightType": 0,
        "buildableType": 1,
        "passableMask": 3,
        "blackboard": null,
        "effects": null
      },
      {
        "tileKey": "tile_road",
        "heightType": 0,
        "buildableType": 1,
        "passableMask": 3,
        "blackboard": null,
        "effects": null
      },
      {
        "tileKey": "tile_road",
        "heightType": 0,
        "buildableType": 1,
        "passableMask": 3,
        "blackboard": null,
        "effects": null
      },
      {
        "tileKey": "tile_road",
        "heightType": 0,
        "buildableType": 1,
        "passableMask": 3,
        "blackboard": null,
        "effects": null
      },
      {
        "tileKey": "tile_road",
        "heightType": 0,
        "buildableType": 1,
        "passableMask": 3,
        "blackboard": null,
        "effects": null
      },
      {
        "tileKey": "tile_road",
        "heightType": 0,
        "buildableType": 1,
        "passableMask": 3,
        "blackboard": null,
        "effects": null
      },
      {
        "tileKey": "tile_road",
        "heightType": 0,
        "buildableType": 1,
        "passableMask": 3,
        "blackboard": null,
        "effects": null
      },
      {
        "tileKey": "tile_floor",
        "heightType": 0,
        "buildableType": 0,
        "passableMask": 3,
        "blackboard": null,
        "effects": null
      },
      {
        "tileKey": "tile_start",
        "heightType": 0,
        "buildableType": 0,
        "passableMask": 3,
        "blackboard": null,
        "effects": null
      },
      {
        "tileKey": "tile_forbidden",
        "heightType": 1,
        "buildableType": 0,
        "passableMask": 2,
        "blackboard": null,
        "effects": null
      },
      {
        "tileKey": "tile_floor",
        "heightType": 0,
        "buildableType": 0,
        "passableMask": 3,
        "blackboard": null,
        "effects": null
      },
      {
        "tileKey": "tile_road",
        "heightType": 0,
        "buildableType": 1,
        "passableMask": 3,
        "blackboard": null,
        "effects": null
      },
      {
        "tileKey": "tile_forbidden",
        "heightType": 1,
        "buildableType": 0,
        "passableMask": 2,
        "blackboard": null,
        "effects": null
      },
      {
        "tileKey": "tile_wall",
        "heightType": 1,
        "buildableType": 2,
        "passableMask": 2,
        "blackboard": null,
        "effects": null
      },
      {
        "tileKey": "tile_forbidden",
        "heightType": 1,
        "buildableType": 0,
        "passableMask": 2,
        "blackboard": null,
        "effects": null
      },
      {
        "tileKey": "tile_forbidden",
        "heightType": 1,
        "buildableType": 0,
        "passableMask": 2,
        "blackboard": null,
        "effects": null
      },
      {
        "tileKey": "tile_wall",
        "heightType": 1,
        "buildableType": 2,
        "passableMask": 2,
        "blackboard": null,
        "effects": null
      },
      {
        "tileKey": "tile_road",
        "heightType": 0,
        "buildableType": 1,
        "passableMask": 3,
        "blackboard": null,
        "effects": null
      },
      {
        "tileKey": "tile_floor",
        "heightType": 0,
        "buildableType": 0,
        "passableMask": 3,
        "blackboard": null,
        "effects": null
      },
      {
        "tileKey": "tile_forbidden",
        "heightType": 1,
        "buildableType": 0,
        "passableMask": 2,
        "blackboard": null,
        "effects": null
      },
      {
        "tileKey": "tile_forbidden",
        "heightType": 1,
        "buildableType": 0,
        "passableMask": 2,
        "blackboard": null,
        "effects": null
      },
      {
        "tileKey": "tile_wall",
        "heightType": 1,
        "buildableType": 2,
        "passableMask": 2,
        "blackboard": null,
        "effects": null
      },
      {
        "tileKey": "tile_floor",
        "heightType": 0,
        "buildableType": 0,
        "passableMask": 3,
        "blackboard": null,
        "effects": null
      },
      {
        "tileKey": "tile_road",
        "heightType": 0,
        "buildableType": 1,
        "passableMask": 3,
        "blackboard": null,
        "effects": null
      },
      {
        "tileKey": "tile_forbidden",
        "heightType": 1,
        "buildableType": 0,
        "passableMask": 2,
        "blackboard": null,
        "effects": null
      },
      {
        "tileKey": "tile_wall",
        "heightType": 1,
        "buildableType": 2,
        "passableMask": 2,
        "blackboard": null,
        "effects": null
      },
      {
        "tileKey": "tile_wall",
        "heightType": 1,
        "buildableType": 2,
        "passableMask": 2,
        "blackboard": null,
        "effects": null
      },
      {
        "tileKey": "tile_road",
        "heightType": 0,
        "buildableType": 1,
        "passableMask": 3,
        "blackboard": null,
        "effects": null
      },
      {
        "tileKey": "tile_floor",
        "heightType": 0,
        "buildableType": 0,
        "passableMask": 3,
        "blackboard": null,
        "effects": null
      },
      {
        "tileKey": "tile_forbidden",
        "heightType": 1,
        "buildableType": 0,
        "passableMask": 2,
        "blackboard": null,
        "effects": null
      },
      {
        "tileKey": "tile_forbidden",
        "heightType": 1,
        "buildableType": 0,
        "passableMask": 2,
        "blackboard": null,
        "effects": null
      },
      {
        "tileKey": "tile_forbidden",
        "heightType": 1,
        "buildableType": 0,
        "passableMask": 2,
        "blackboard": null,
        "effects": null
      },
      {
        "tileKey": "tile_forbidden",
        "heightType": 1,
        "buildableType": 0,
        "passableMask": 2,
        "blackboard": null,
        "effects": null
      },
      {
        "tileKey": "tile_wall",
        "heightType": 1,
        "buildableType": 2,
        "passableMask": 2,
        "blackboard": null,
        "effects": null
      },
      {
        "tileKey": "tile_floor",
        "heightType": 0,
        "buildableType": 0,
        "passableMask": 3,
        "blackboard": null,
        "effects": null
      },
      {
        "tileKey": "tile_corrosion",
        "heightType": 0,
        "buildableType": 1,
        "passableMask": 3,
        "blackboard": [
          {
            "key": "def",
            "value": 0.5,
            "valueStr": null
          }
        ],
        "effects": null
      },
      {
        "tileKey": "tile_corrosion",
        "heightType": 0,
        "buildableType": 1,
        "passableMask": 3,
        "blackboard": [
          {
            "key": "def",
            "value": 0.5,
            "valueStr": null
          }
        ],
        "effects": null
      },
      {
        "tileKey": "tile_corrosion",
        "heightType": 0,
        "buildableType": 1,
        "passableMask": 3,
        "blackboard": [
          {
            "key": "def",
            "value": 0.5,
            "valueStr": null
          }
        ],
        "effects": null
      },
      {
        "tileKey": "tile_floor",
        "heightType": 0,
        "buildableType": 0,
        "passableMask": 3,
        "blackboard": null,
        "effects": null
      },
      {
        "tileKey": "tile_forbidden",
        "heightType": 1,
        "buildableType": 0,
        "passableMask": 2,
        "blackboard": null,
        "effects": null
      },
      {
        "tileKey": "tile_wall",
        "heightType": 1,
        "buildableType": 2,
        "passableMask": 2,
        "blackboard": null,
        "effects": null
      },
      {
        "tileKey": "tile_forbidden",
        "heightType": 1,
        "buildableType": 0,
        "passableMask": 2,
        "blackboard": null,
        "effects": null
      },
      {
        "tileKey": "tile_forbidden",
        "heightType": 1,
        "buildableType": 0,
        "passableMask": 2,
        "blackboard": null,
        "effects": null
      },
      {
        "tileKey": "tile_forbidden",
        "heightType": 1,
        "buildableType": 0,
        "passableMask": 2,
        "blackboard": null,
        "effects": null
      },
      {
        "tileKey": "tile_forbidden",
        "heightType": 1,
        "buildableType": 0,
        "passableMask": 2,
        "blackboard": null,
        "effects": null
      },
      {
        "tileKey": "tile_forbidden",
        "heightType": 1,
        "buildableType": 0,
        "passableMask": 2,
        "blackboard": null,
        "effects": null
      },
      {
        "tileKey": "tile_end",
        "heightType": 0,
        "buildableType": 0,
        "passableMask": 3,
        "blackboard": null,
        "effects": null
      },
      {
        "tileKey": "tile_end",
        "heightType": 0,
        "buildableType": 0,
        "passableMask": 3,
        "blackboard": null,
        "effects": null
      },
      {
        "tileKey": "tile_end",
        "heightType": 0,
        "buildableType": 0,
        "passableMask": 3,
        "blackboard": null,
        "effects": null
      },
      {
        "tileKey": "tile_forbidden",
        "heightType": 1,
        "buildableType": 0,
        "passableMask": 2,
        "blackboard": null,
        "effects": null
      },
      {
        "tileKey": "tile_forbidden",
        "heightType": 1,
        "buildableType": 0,
        "passableMask": 2,
        "blackboard": null,
        "effects": null
      },
      {
        "tileKey": "tile_forbidden",
        "heightType": 1,
        "buildableType": 0,
        "passableMask": 2,
        "blackboard": null,
        "effects": null
      },
      {
        "tileKey": "tile_forbidden",
        "heightType": 1,
        "buildableType": 0,
        "passableMask": 2,
        "blackboard": null,
        "effects": null
      }
    ],
    "blockEdges": null,
    "effects": null,
    "width": 11,
    "height": 8
  },
  "tilesDisallowToLocate": [],
  "runes": null,
  "globalBuffs": null,
  "routes": [
    null,
    {
      "motionMode": 0,
      "startPosition": {
        "row": 0,
        "col": 5
      },
      "endPosition": {
        "row": 7,
        "col": 5
      },
      "spawnRandomRange": {
        "x": 0.0,
        "y": 0.0
      },
      "spawnOffset": {
        "x": 0.0,
        "y": 0.0
      },
      "checkpoints": [
        {
          "type": 0,
          "time": 0.0,
          "position": {
            "row": 1,
            "col": 5
          },
          "reachOffset": {
            "x": 0.0,
            "y": 0.0
          },
          "randomizeReachOffset": false,
          "reachDistance": 0.0
        },
        {
          "type": 3,
          "time": 130.0,
          "position": {
            "row": 0,
            "col": 0
          },
          "reachOffset": {
            "x": 0.0,
            "y": 0.0
          },
          "randomizeReachOffset": false,
          "reachDistance": 0.0
        },
        {
          "type": 0,
          "time": 0.0,
          "position": {
            "row": 3,
            "col": 5
          },
          "reachOffset": {
            "x": 0.0,
            "y": 0.0
          },
          "randomizeReachOffset": false,
          "reachDistance": 0.0
        },
        {
          "type": 0,
          "time": 0.0,
          "position": {
            "row": 3,
            "col": 2
          },
          "reachOffset": {
            "x": 0.0,
            "y": 0.0
          },
          "randomizeReachOffset": false,
          "reachDistance": 0.0
        },
        {
          "type": 1,
          "time": 1.0,
          "position": {
            "row": 0,
            "col": 0
          },
          "reachOffset": {
            "x": 0.0,
            "y": 0.0
          },
          "randomizeReachOffset": false,
          "reachDistance": 0.0
        },
        {
          "type": 0,
          "time": 0.0,
          "position": {
            "row": 6,
            "col": 4
          },
          "reachOffset": {
            "x": 0.0,
            "y": 0.0
          },
          "randomizeReachOffset": false,
          "reachDistance": 0.0
        },
        {
          "type": 1,
          "time": 7.0,
          "position": {
            "row": 0,
            "col": 0
          },
          "reachOffset": {
            "x": 0.0,
            "y": 0.0
          },
          "randomizeReachOffset": false,
          "reachDistance": 0.0
        },
        {
          "type": 0,
          "time": 0.0,
          "position": {
            "row": 6,
            "col": 6
          },
          "reachOffset": {
            "x": 0.0,
            "y": 0.0
          },
          "randomizeReachOffset": false,
          "reachDistance": 0.0
        },
        {
          "type": 1,
          "time": 7.0,
          "position": {
            "row": 0,
            "col": 0
          },
          "reachOffset": {
            "x": 0.0,
            "y": 0.0
          },
          "randomizeReachOffset": false,
          "reachDistance": 0.0
        },
        {
          "type": 0,
          "time": 0.0,
          "position": {
            "row": 3,
            "col": 8
          },
          "reachOffset": {
            "x": 0.0,
            "y": 0.0
          },
          "randomizeReachOffset": false,
          "reachDistance": 0.0
        },
        {
          "type": 1,
          "time": 7.0,
          "position": {
            "row": 0,
            "col": 0
          },
          "reachOffset": {
            "x": 0.0,
            "y": 0.0
          },
          "randomizeReachOffset": false,
          "reachDistance": 0.0
        },
        {
          "type": 0,
          "time": 0.0,
          "position": {
            "row": 3,
            "col": 2
          },
          "reachOffset": {
            "x": 0.0,
            "y": 0.0
          },
          "randomizeReachOffset": false,
          "reachDistance": 0.0
        }
      ],
      "allowDiagonalMove": true,
      "visitEveryTileCenter": false,
      "visitEveryNodeCenter": false
    },
    {
      "motionMode": 0,
      "startPosition": {
        "row": 0,
        "col": 4
      },
      "endPosition": {
        "row": 7,
        "col": 4
      },
      "spawnRandomRange": {
        "x": 0.0,
        "y": 0.0
      },
      "spawnOffset": {
        "x": 0.0,
        "y": 0.0
      },
      "checkpoints": [
        {
          "type": 0,
          "time": 0.0,
          "position": {
            "row": 1,
            "col": 4
          },
          "reachOffset": {
            "x": 0.0,
            "y": 0.0
          },
          "randomizeReachOffset": false,
          "reachDistance": 0.0
        },
        {
          "type": 3,
          "time": 248.0,
          "position": {
            "row": 0,
            "col": 0
          },
          "reachOffset": {
            "x": 0.0,
            "y": 0.0
          },
          "randomizeReachOffset": false,
          "reachDistance": 0.0
        }
      ],
      "allowDiagonalMove": true,
      "visitEveryTileCenter": false,
      "visitEveryNodeCenter": false
    },
    {
      "motionMode": 0,
      "startPosition": {
        "row": 0,
        "col": 4
      },
      "endPosition": {
        "row": 7,
        "col": 4
      },
      "spawnRandomRange": {
        "x": 0.0,
        "y": 0.0
      },
      "spawnOffset": {
        "x": 0.0,
        "y": 0.0
      },
      "checkpoints": [
        {
          "type": 0,
          "time": 0.0,
          "position": {
            "row": 1,
            "col": 3
          },
          "reachOffset": {
            "x": 0.0,
            "y": 0.0
          },
          "randomizeReachOffset": false,
          "reachDistance": 0.0
        },
        {
          "type": 3,
          "time": 130.0,
          "position": {
            "row": 0,
            "col": 0
          },
          "reachOffset": {
            "x": 0.0,
            "y": 0.0
          },
          "randomizeReachOffset": false,
          "reachDistance": 0.0
        }
      ],
      "allowDiagonalMove": true,
      "visitEveryTileCenter": false,
      "visitEveryNodeCenter": false
    },
    {
      "motionMode": 0,
      "startPosition": {
        "row": 0,
        "col": 6
      },
      "endPosition": {
        "row": 7,
        "col": 6
      },
      "spawnRandomRange": {
        "x": 0.0,
        "y": 0.0
      },
      "spawnOffset": {
        "x": 0.0,
        "y": 0.0
      },
      "checkpoints": [
        {
          "type": 0,
          "time": 0.0,
          "position": {
            "row": 1,
            "col": 6
          },
          "reachOffset": {
            "x": 0.0,
            "y": 0.0
          },
          "randomizeReachOffset": false,
          "reachDistance": 0.0
        },
        {
          "type": 3,
          "time": 248.0,
          "position": {
            "row": 0,
            "col": 0
          },
          "reachOffset": {
            "x": 0.0,
            "y": 0.0
          },
          "randomizeReachOffset": false,
          "reachDistance": 0.0
        }
      ],
      "allowDiagonalMove": true,
      "visitEveryTileCenter": false,
      "visitEveryNodeCenter": false
    },
    {
      "motionMode": 0,
      "startPosition": {
        "row": 0,
        "col": 6
      },
      "endPosition": {
        "row": 7,
        "col": 6
      },
      "spawnRandomRange": {
        "x": 0.0,
        "y": 0.0
      },
      "spawnOffset": {
        "x": 0.0,
        "y": 0.0
      },
      "checkpoints": [
        {
          "type": 0,
          "time": 0.0,
          "position": {
            "row": 1,
            "col": 7
          },
          "reachOffset": {
            "x": 0.0,
            "y": 0.0
          },
          "randomizeReachOffset": false,
          "reachDistance": 0.0
        },
        {
          "type": 3,
          "time": 130.0,
          "position": {
            "row": 0,
            "col": 0
          },
          "reachOffset": {
            "x": 0.0,
            "y": 0.0
          },
          "randomizeReachOffset": false,
          "reachDistance": 0.0
        }
      ],
      "allowDiagonalMove": true,
      "visitEveryTileCenter": false,
      "visitEveryNodeCenter": false
    },
    {
      "motionMode": 0,
      "startPosition": {
        "row": 1,
        "col": 0
      },
      "endPosition": {
        "row": 7,
        "col": 4
      },
      "spawnRandomRange": {
        "x": 0.0,
        "y": 0.0
      },
      "spawnOffset": {
        "x": 0.0,
        "y": 0.0
      },
      "checkpoints": [
        {
          "type": 0,
          "time": 0.0,
          "position": {
            "row": 1,
            "col": 1
          },
          "reachOffset": {
            "x": 0.0,
            "y": 0.0
          },
          "randomizeReachOffset": false,
          "reachDistance": 0.0
        },
        {
          "type": 3,
          "time": 248.0,
          "position": {
            "row": 0,
            "col": 0
          },
          "reachOffset": {
            "x": 0.0,
            "y": 0.0
          },
          "randomizeReachOffset": false,
          "reachDistance": 0.0
        }
      ],
      "allowDiagonalMove": true,
      "visitEveryTileCenter": false,
      "visitEveryNodeCenter": false
    },
    {
      "motionMode": 0,
      "startPosition": {
        "row": 1,
        "col": 0
      },
      "endPosition": {
        "row": 7,
        "col": 4
      },
      "spawnRandomRange": {
        "x": 0.0,
        "y": 0.0
      },
      "spawnOffset": {
        "x": 0.0,
        "y": 0.0
      },
      "checkpoints": [
        {
          "type": 0,
          "time": 0.0,
          "position": {
            "row": 1,
            "col": 2
          },
          "reachOffset": {
            "x": 0.0,
            "y": 0.0
          },
          "randomizeReachOffset": false,
          "reachDistance": 0.0
        },
        {
          "type": 3,
          "time": 248.0,
          "position": {
            "row": 0,
            "col": 0
          },
          "reachOffset": {
            "x": 0.0,
            "y": 0.0
          },
          "randomizeReachOffset": false,
          "reachDistance": 0.0
        }
      ],
      "allowDiagonalMove": true,
      "visitEveryTileCenter": false,
      "visitEveryNodeCenter": false
    },
    {
      "motionMode": 0,
      "startPosition": {
        "row": 1,
        "col": 10
      },
      "endPosition": {
        "row": 7,
        "col": 6
      },
      "spawnRandomRange": {
        "x": 0.0,
        "y": 0.0
      },
      "spawnOffset": {
        "x": 0.0,
        "y": 0.0
      },
      "checkpoints": [
        {
          "type": 0,
          "time": 0.0,
          "position": {
            "row": 1,
            "col": 9
          },
          "reachOffset": {
            "x": 0.0,
            "y": 0.0
          },
          "randomizeReachOffset": false,
          "reachDistance": 0.0
        },
        {
          "type": 3,
          "time": 248.0,
          "position": {
            "row": 0,
            "col": 0
          },
          "reachOffset": {
            "x": 0.0,
            "y": 0.0
          },
          "randomizeReachOffset": false,
          "reachDistance": 0.0
        }
      ],
      "allowDiagonalMove": true,
      "visitEveryTileCenter": false,
      "visitEveryNodeCenter": false
    },
    {
      "motionMode": 0,
      "startPosition": {
        "row": 1,
        "col": 10
      },
      "endPosition": {
        "row": 7,
        "col": 6
      },
      "spawnRandomRange": {
        "x": 0.0,
        "y": 0.0
      },
      "spawnOffset": {
        "x": 0.0,
        "y": 0.0
      },
      "checkpoints": [
        {
          "type": 0,
          "time": 0.0,
          "position": {
            "row": 1,
            "col": 8
          },
          "reachOffset": {
            "x": 0.0,
            "y": 0.0
          },
          "randomizeReachOffset": false,
          "reachDistance": 0.0
        },
        {
          "type": 3,
          "time": 248.0,
          "position": {
            "row": 0,
            "col": 0
          },
          "reachOffset": {
            "x": 0.0,
            "y": 0.0
          },
          "randomizeReachOffset": false,
          "reachDistance": 0.0
        }
      ],
      "allowDiagonalMove": true,
      "visitEveryTileCenter": false,
      "visitEveryNodeCenter": false
    },
    {
      "motionMode": 0,
      "startPosition": {
        "row": 3,
        "col": 10
      },
      "endPosition": {
        "row": 7,
        "col": 6
      },
      "spawnRandomRange": {
        "x": 0.0,
        "y": 0.0
      },
      "spawnOffset": {
        "x": 0.0,
        "y": 0.0
      },
      "checkpoints": [
        {
          "type": 0,
          "time": 0.0,
          "position": {
            "row": 3,
            "col": 9
          },
          "reachOffset": {
            "x": -0.3,
            "y": 0.0
          },
          "randomizeReachOffset": false,
          "reachDistance": 0.0
        },
        {
          "type": 3,
          "time": 248.0,
          "position": {
            "row": 0,
            "col": 0
          },
          "reachOffset": {
            "x": 0.0,
            "y": 0.0
          },
          "randomizeReachOffset": false,
          "reachDistance": 0.0
        }
      ],
      "allowDiagonalMove": true,
      "visitEveryTileCenter": false,
      "visitEveryNodeCenter": false
    },
    {
      "motionMode": 0,
      "startPosition": {
        "row": 3,
        "col": 0
      },
      "endPosition": {
        "row": 7,
        "col": 4
      },
      "spawnRandomRange": {
        "x": 0.0,
        "y": 0.0
      },
      "spawnOffset": {
        "x": 0.0,
        "y": 0.0
      },
      "checkpoints": [
        {
          "type": 0,
          "time": 0.0,
          "position": {
            "row": 3,
            "col": 1
          },
          "reachOffset": {
            "x": 0.28,
            "y": -0.01
          },
          "randomizeReachOffset": false,
          "reachDistance": 0.0
        },
        {
          "type": 3,
          "time": 248.0,
          "position": {
            "row": 0,
            "col": 0
          },
          "reachOffset": {
            "x": 0.0,
            "y": 0.0
          },
          "randomizeReachOffset": false,
          "reachDistance": 0.0
        }
      ],
      "allowDiagonalMove": true,
      "visitEveryTileCenter": false,
      "visitEveryNodeCenter": false
    },
    {
      "motionMode": 0,
      "startPosition": {
        "row": 1,
        "col": 0
      },
      "endPosition": {
        "row": 7,
        "col": 6
      },
      "spawnRandomRange": {
        "x": 0.2,
        "y": 0.2
      },
      "spawnOffset": {
        "x": 0.0,
        "y": 0.0
      },
      "checkpoints": [
        {
          "type": 0,
          "time": 0.0,
          "position": {
            "row": 3,
            "col": 8
          },
          "reachOffset": {
            "x": 0.0,
            "y": 0.0
          },
          "randomizeReachOffset": false,
          "reachDistance": 0.0
        }
      ],
      "allowDiagonalMove": true,
      "visitEveryTileCenter": false,
      "visitEveryNodeCenter": false
    },
    {
      "motionMode": 0,
      "startPosition": {
        "row": 1,
        "col": 0
      },
      "endPosition": {
        "row": 7,
        "col": 6
      },
      "spawnRandomRange": {
        "x": 0.2,
        "y": 0.2
      },
      "spawnOffset": {
        "x": 0.0,
        "y": 0.0
      },
      "checkpoints": [
        {
          "type": 0,
          "time": 0.0,
          "position": {
            "row": 3,
            "col": 8
          },
          "reachOffset": {
            "x": 0.0,
            "y": 0.0
          },
          "randomizeReachOffset": false,
          "reachDistance": 0.0
        }
      ],
      "allowDiagonalMove": true,
      "visitEveryTileCenter": false,
      "visitEveryNodeCenter": false
    },
    {
      "motionMode": 0,
      "startPosition": {
        "row": 1,
        "col": 0
      },
      "endPosition": {
        "row": 7,
        "col": 6
      },
      "spawnRandomRange": {
        "x": 0.2,
        "y": 0.2
      },
      "spawnOffset": {
        "x": 0.0,
        "y": 0.0
      },
      "checkpoints": [
        {
          "type": 0,
          "time": 0.0,
          "position": {
            "row": 3,
            "col": 8
          },
          "reachOffset": {
            "x": 0.0,
            "y": 0.0
          },
          "randomizeReachOffset": false,
          "reachDistance": 0.0
        }
      ],
      "allowDiagonalMove": true,
      "visitEveryTileCenter": false,
      "visitEveryNodeCenter": false
    },
    {
      "motionMode": 0,
      "startPosition": {
        "row": 1,
        "col": 0
      },
      "endPosition": {
        "row": 7,
        "col": 6
      },
      "spawnRandomRange": {
        "x": 0.2,
        "y": 0.2
      },
      "spawnOffset": {
        "x": 0.0,
        "y": 0.0
      },
      "checkpoints": [
        {
          "type": 0,
          "time": 0.0,
          "position": {
            "row": 3,
            "col": 8
          },
          "reachOffset": {
            "x": 0.0,
            "y": 0.0
          },
          "randomizeReachOffset": false,
          "reachDistance": 0.0
        }
      ],
      "allowDiagonalMove": true,
      "visitEveryTileCenter": false,
      "visitEveryNodeCenter": false
    },
    {
      "motionMode": 0,
      "startPosition": {
        "row": 1,
        "col": 10
      },
      "endPosition": {
        "row": 7,
        "col": 4
      },
      "spawnRandomRange": {
        "x": 0.2,
        "y": 0.2
      },
      "spawnOffset": {
        "x": 0.0,
        "y": 0.0
      },
      "checkpoints": [
        {
          "type": 0,
          "time": 0.0,
          "position": {
            "row": 3,
            "col": 2
          },
          "reachOffset": {
            "x": 0.0,
            "y": 0.0
          },
          "randomizeReachOffset": false,
          "reachDistance": 0.0
        }
      ],
      "allowDiagonalMove": true,
      "visitEveryTileCenter": false,
      "visitEveryNodeCenter": false
    },
    {
      "motionMode": 0,
      "startPosition": {
        "row": 1,
        "col": 10
      },
      "endPosition": {
        "row": 7,
        "col": 4
      },
      "spawnRandomRange": {
        "x": 0.2,
        "y": 0.2
      },
      "spawnOffset": {
        "x": 0.0,
        "y": 0.0
      },
      "checkpoints": [
        {
          "type": 0,
          "time": 0.0,
          "position": {
            "row": 3,
            "col": 2
          },
          "reachOffset": {
            "x": 0.0,
            "y": 0.0
          },
          "randomizeReachOffset": false,
          "reachDistance": 0.0
        }
      ],
      "allowDiagonalMove": true,
      "visitEveryTileCenter": false,
      "visitEveryNodeCenter": false
    },
    {
      "motionMode": 0,
      "startPosition": {
        "row": 1,
        "col": 10
      },
      "endPosition": {
        "row": 7,
        "col": 4
      },
      "spawnRandomRange": {
        "x": 0.2,
        "y": 0.2
      },
      "spawnOffset": {
        "x": 0.0,
        "y": 0.0
      },
      "checkpoints": [
        {
          "type": 0,
          "time": 0.0,
          "position": {
            "row": 3,
            "col": 2
          },
          "reachOffset": {
            "x": 0.0,
            "y": 0.0
          },
          "randomizeReachOffset": false,
          "reachDistance": 0.0
        }
      ],
      "allowDiagonalMove": true,
      "visitEveryTileCenter": false,
      "visitEveryNodeCenter": false
    },
    {
      "motionMode": 0,
      "startPosition": {
        "row": 1,
        "col": 10
      },
      "endPosition": {
        "row": 7,
        "col": 4
      },
      "spawnRandomRange": {
        "x": 0.2,
        "y": 0.2
      },
      "spawnOffset": {
        "x": 0.0,
        "y": 0.0
      },
      "checkpoints": [
        {
          "type": 0,
          "time": 0.0,
          "position": {
            "row": 3,
            "col": 2
          },
          "reachOffset": {
            "x": 0.0,
            "y": 0.0
          },
          "randomizeReachOffset": false,
          "reachDistance": 0.0
        }
      ],
      "allowDiagonalMove": true,
      "visitEveryTileCenter": false,
      "visitEveryNodeCenter": false
    },
    {
      "motionMode": 0,
      "startPosition": {
        "row": 1,
        "col": 0
      },
      "endPosition": {
        "row": 7,
        "col": 6
      },
      "spawnRandomRange": {
        "x": 0.2,
        "y": 0.2
      },
      "spawnOffset": {
        "x": 0.0,
        "y": 0.0
      },
      "checkpoints": [
        {
          "type": 0,
          "time": 0.0,
          "position": {
            "row": 3,
            "col": 8
          },
          "reachOffset": {
            "x": 0.0,
            "y": 0.0
          },
          "randomizeReachOffset": false,
          "reachDistance": 0.0
        }
      ],
      "allowDiagonalMove": true,
      "visitEveryTileCenter": false,
      "visitEveryNodeCenter": false
    },
    {
      "motionMode": 0,
      "startPosition": {
        "row": 1,
        "col": 0
      },
      "endPosition": {
        "row": 7,
        "col": 6
      },
      "spawnRandomRange": {
        "x": 0.2,
        "y": 0.2
      },
      "spawnOffset": {
        "x": 0.0,
        "y": 0.0
      },
      "checkpoints": [
        {
          "type": 0,
          "time": 0.0,
          "position": {
            "row": 3,
            "col": 8
          },
          "reachOffset": {
            "x": 0.0,
            "y": 0.0
          },
          "randomizeReachOffset": false,
          "reachDistance": 0.0
        }
      ],
      "allowDiagonalMove": true,
      "visitEveryTileCenter": false,
      "visitEveryNodeCenter": false
    },
    {
      "motionMode": 0,
      "startPosition": {
        "row": 1,
        "col": 10
      },
      "endPosition": {
        "row": 7,
        "col": 4
      },
      "spawnRandomRange": {
        "x": 0.2,
        "y": 0.2
      },
      "spawnOffset": {
        "x": 0.0,
        "y": 0.0
      },
      "checkpoints": [
        {
          "type": 0,
          "time": 0.0,
          "position": {
            "row": 3,
            "col": 2
          },
          "reachOffset": {
            "x": 0.0,
            "y": 0.0
          },
          "randomizeReachOffset": false,
          "reachDistance": 0.0
        }
      ],
      "allowDiagonalMove": true,
      "visitEveryTileCenter": false,
      "visitEveryNodeCenter": false
    },
    {
      "motionMode": 0,
      "startPosition": {
        "row": 1,
        "col": 10
      },
      "endPosition": {
        "row": 7,
        "col": 4
      },
      "spawnRandomRange": {
        "x": 0.2,
        "y": 0.2
      },
      "spawnOffset": {
        "x": 0.0,
        "y": 0.0
      },
      "checkpoints": [
        {
          "type": 0,
          "time": 0.0,
          "position": {
            "row": 3,
            "col": 2
          },
          "reachOffset": {
            "x": 0.0,
            "y": 0.0
          },
          "randomizeReachOffset": false,
          "reachDistance": 0.0
        }
      ],
      "allowDiagonalMove": true,
      "visitEveryTileCenter": false,
      "visitEveryNodeCenter": false
    },
    {
      "motionMode": 0,
      "startPosition": {
        "row": 1,
        "col": 10
      },
      "endPosition": {
        "row": 7,
        "col": 4
      },
      "spawnRandomRange": {
        "x": 0.2,
        "y": 0.2
      },
      "spawnOffset": {
        "x": 0.0,
        "y": 0.0
      },
      "checkpoints": [
        {
          "type": 0,
          "time": 0.0,
          "position": {
            "row": 3,
            "col": 2
          },
          "reachOffset": {
            "x": 0.0,
            "y": 0.0
          },
          "randomizeReachOffset": false,
          "reachDistance": 0.0
        }
      ],
      "allowDiagonalMove": true,
      "visitEveryTileCenter": false,
      "visitEveryNodeCenter": false
    },
    {
      "motionMode": 0,
      "startPosition": {
        "row": 1,
        "col": 10
      },
      "endPosition": {
        "row": 7,
        "col": 4
      },
      "spawnRandomRange": {
        "x": 0.2,
        "y": 0.2
      },
      "spawnOffset": {
        "x": 0.0,
        "y": 0.0
      },
      "checkpoints": [
        {
          "type": 0,
          "time": 0.0,
          "position": {
            "row": 3,
            "col": 2
          },
          "reachOffset": {
            "x": 0.0,
            "y": 0.0
          },
          "randomizeReachOffset": false,
          "reachDistance": 0.0
        }
      ],
      "allowDiagonalMove": true,
      "visitEveryTileCenter": false,
      "visitEveryNodeCenter": false
    },
    {
      "motionMode": 0,
      "startPosition": {
        "row": 1,
        "col": 10
      },
      "endPosition": {
        "row": 7,
        "col": 4
      },
      "spawnRandomRange": {
        "x": 0.2,
        "y": 0.2
      },
      "spawnOffset": {
        "x": 0.0,
        "y": 0.0
      },
      "checkpoints": [
        {
          "type": 0,
          "time": 0.0,
          "position": {
            "row": 3,
            "col": 2
          },
          "reachOffset": {
            "x": 0.0,
            "y": 0.0
          },
          "randomizeReachOffset": false,
          "reachDistance": 0.0
        }
      ],
      "allowDiagonalMove": true,
      "visitEveryTileCenter": false,
      "visitEveryNodeCenter": false
    },
    {
      "motionMode": 0,
      "startPosition": {
        "row": 1,
        "col": 0
      },
      "endPosition": {
        "row": 7,
        "col": 6
      },
      "spawnRandomRange": {
        "x": 0.2,
        "y": 0.2
      },
      "spawnOffset": {
        "x": 0.0,
        "y": 0.0
      },
      "checkpoints": [
        {
          "type": 0,
          "time": 0.0,
          "position": {
            "row": 3,
            "col": 8
          },
          "reachOffset": {
            "x": 0.0,
            "y": 0.0
          },
          "randomizeReachOffset": false,
          "reachDistance": 0.0
        }
      ],
      "allowDiagonalMove": true,
      "visitEveryTileCenter": false,
      "visitEveryNodeCenter": false
    },
    {
      "motionMode": 0,
      "startPosition": {
        "row": 1,
        "col": 0
      },
      "endPosition": {
        "row": 7,
        "col": 6
      },
      "spawnRandomRange": {
        "x": 0.2,
        "y": 0.2
      },
      "spawnOffset": {
        "x": 0.0,
        "y": 0.0
      },
      "checkpoints": [
        {
          "type": 0,
          "time": 0.0,
          "position": {
            "row": 3,
            "col": 8
          },
          "reachOffset": {
            "x": 0.0,
            "y": 0.0
          },
          "randomizeReachOffset": false,
          "reachDistance": 0.0
        }
      ],
      "allowDiagonalMove": true,
      "visitEveryTileCenter": false,
      "visitEveryNodeCenter": false
    },
    {
      "motionMode": 0,
      "startPosition": {
        "row": 1,
        "col": 0
      },
      "endPosition": {
        "row": 7,
        "col": 6
      },
      "spawnRandomRange": {
        "x": 0.2,
        "y": 0.2
      },
      "spawnOffset": {
        "x": 0.0,
        "y": 0.0
      },
      "checkpoints": [
        {
          "type": 0,
          "time": 0.0,
          "position": {
            "row": 3,
            "col": 8
          },
          "reachOffset": {
            "x": 0.0,
            "y": 0.0
          },
          "randomizeReachOffset": false,
          "reachDistance": 0.0
        }
      ],
      "allowDiagonalMove": true,
      "visitEveryTileCenter": false,
      "visitEveryNodeCenter": false
    },
    {
      "motionMode": 0,
      "startPosition": {
        "row": 1,
        "col": 0
      },
      "endPosition": {
        "row": 7,
        "col": 6
      },
      "spawnRandomRange": {
        "x": 0.2,
        "y": 0.2
      },
      "spawnOffset": {
        "x": 0.0,
        "y": 0.0
      },
      "checkpoints": [
        {
          "type": 0,
          "time": 0.0,
          "position": {
            "row": 3,
            "col": 8
          },
          "reachOffset": {
            "x": 0.0,
            "y": 0.0
          },
          "randomizeReachOffset": false,
          "reachDistance": 0.0
        }
      ],
      "allowDiagonalMove": true,
      "visitEveryTileCenter": false,
      "visitEveryNodeCenter": false
    },
    {
      "motionMode": 0,
      "startPosition": {
        "row": 1,
        "col": 0
      },
      "endPosition": {
        "row": 7,
        "col": 6
      },
      "spawnRandomRange": {
        "x": 0.2,
        "y": 0.2
      },
      "spawnOffset": {
        "x": 0.0,
        "y": 0.0
      },
      "checkpoints": [
        {
          "type": 0,
          "time": 0.0,
          "position": {
            "row": 3,
            "col": 8
          },
          "reachOffset": {
            "x": 0.0,
            "y": 0.0
          },
          "randomizeReachOffset": false,
          "reachDistance": 0.0
        }
      ],
      "allowDiagonalMove": true,
      "visitEveryTileCenter": false,
      "visitEveryNodeCenter": false
    },
    {
      "motionMode": 0,
      "startPosition": {
        "row": 1,
        "col": 5
      },
      "endPosition": {
        "row": 7,
        "col": 5
      },
      "spawnRandomRange": {
        "x": 0.0,
        "y": 0.0
      },
      "spawnOffset": {
        "x": 0.0,
        "y": 0.0
      },
      "checkpoints": [
        {
          "type": 0,
          "time": 0.0,
          "position": {
            "row": 3,
            "col": 5
          },
          "reachOffset": {
            "x": 0.0,
            "y": 0.0
          },
          "randomizeReachOffset": false,
          "reachDistance": 0.0
        },
        {
          "type": 0,
          "time": 0.0,
          "position": {
            "row": 3,
            "col": 2
          },
          "reachOffset": {
            "x": 0.0,
            "y": 0.0
          },
          "randomizeReachOffset": false,
          "reachDistance": 0.0
        },
        {
          "type": 1,
          "time": 1.0,
          "position": {
            "row": 0,
            "col": 0
          },
          "reachOffset": {
            "x": 0.0,
            "y": 0.0
          },
          "randomizeReachOffset": false,
          "reachDistance": 0.0
        },
        {
          "type": 0,
          "time": 0.0,
          "position": {
            "row": 6,
            "col": 4
          },
          "reachOffset": {
            "x": 0.0,
            "y": 0.0
          },
          "randomizeReachOffset": false,
          "reachDistance": 0.0
        },
        {
          "type": 1,
          "time": 7.0,
          "position": {
            "row": 0,
            "col": 0
          },
          "reachOffset": {
            "x": 0.0,
            "y": 0.0
          },
          "randomizeReachOffset": false,
          "reachDistance": 0.0
        },
        {
          "type": 0,
          "time": 0.0,
          "position": {
            "row": 6,
            "col": 6
          },
          "reachOffset": {
            "x": 0.0,
            "y": 0.0
          },
          "randomizeReachOffset": false,
          "reachDistance": 0.0
        },
        {
          "type": 1,
          "time": 7.0,
          "position": {
            "row": 0,
            "col": 0
          },
          "reachOffset": {
            "x": 0.0,
            "y": 0.0
          },
          "randomizeReachOffset": false,
          "reachDistance": 0.0
        },
        {
          "type": 0,
          "time": 0.0,
          "position": {
            "row": 3,
            "col": 8
          },
          "reachOffset": {
            "x": 0.0,
            "y": 0.0
          },
          "randomizeReachOffset": false,
          "reachDistance": 0.0
        },
        {
          "type": 1,
          "time": 7.0,
          "position": {
            "row": 0,
            "col": 0
          },
          "reachOffset": {
            "x": 0.0,
            "y": 0.0
          },
          "randomizeReachOffset": false,
          "reachDistance": 0.0
        },
        {
          "type": 0,
          "time": 0.0,
          "position": {
            "row": 3,
            "col": 2
          },
          "reachOffset": {
            "x": 0.0,
            "y": 0.0
          },
          "randomizeReachOffset": false,
          "reachDistance": 0.0
        }
      ],
      "allowDiagonalMove": true,
      "visitEveryTileCenter": false,
      "visitEveryNodeCenter": false
    },
    {
      "motionMode": 0,
      "startPosition": {
        "row": 1,
        "col": 10
      },
      "endPosition": {
        "row": 7,
        "col": 4
      },
      "spawnRandomRange": {
        "x": 0.2,
        "y": 0.2
      },
      "spawnOffset": {
        "x": 0.0,
        "y": 0.0
      },
      "checkpoints": [
        {
          "type": 0,
          "time": 0.0,
          "position": {
            "row": 3,
            "col": 2
          },
          "reachOffset": {
            "x": 0.0,
            "y": 0.0
          },
          "randomizeReachOffset": false,
          "reachDistance": 0.0
        }
      ],
      "allowDiagonalMove": true,
      "visitEveryTileCenter": false,
      "visitEveryNodeCenter": false
    },
    {
      "motionMode": 0,
      "startPosition": {
        "row": 1,
        "col": 10
      },
      "endPosition": {
        "row": 7,
        "col": 4
      },
      "spawnRandomRange": {
        "x": 0.2,
        "y": 0.2
      },
      "spawnOffset": {
        "x": 0.0,
        "y": 0.0
      },
      "checkpoints": [
        {
          "type": 0,
          "time": 0.0,
          "position": {
            "row": 3,
            "col": 2
          },
          "reachOffset": {
            "x": 0.0,
            "y": 0.0
          },
          "randomizeReachOffset": false,
          "reachDistance": 0.0
        }
      ],
      "allowDiagonalMove": true,
      "visitEveryTileCenter": false,
      "visitEveryNodeCenter": false
    },
    {
      "motionMode": 0,
      "startPosition": {
        "row": 1,
        "col": 10
      },
      "endPosition": {
        "row": 7,
        "col": 4
      },
      "spawnRandomRange": {
        "x": 0.2,
        "y": 0.2
      },
      "spawnOffset": {
        "x": 0.0,
        "y": 0.0
      },
      "checkpoints": [
        {
          "type": 0,
          "time": 0.0,
          "position": {
            "row": 3,
            "col": 2
          },
          "reachOffset": {
            "x": 0.0,
            "y": 0.0
          },
          "randomizeReachOffset": false,
          "reachDistance": 0.0
        }
      ],
      "allowDiagonalMove": true,
      "visitEveryTileCenter": false,
      "visitEveryNodeCenter": false
    },
    {
      "motionMode": 0,
      "startPosition": {
        "row": 1,
        "col": 0
      },
      "endPosition": {
        "row": 7,
        "col": 6
      },
      "spawnRandomRange": {
        "x": 0.2,
        "y": 0.2
      },
      "spawnOffset": {
        "x": 0.0,
        "y": 0.0
      },
      "checkpoints": [
        {
          "type": 0,
          "time": 0.0,
          "position": {
            "row": 3,
            "col": 8
          },
          "reachOffset": {
            "x": 0.0,
            "y": 0.0
          },
          "randomizeReachOffset": false,
          "reachDistance": 0.0
        }
      ],
      "allowDiagonalMove": true,
      "visitEveryTileCenter": false,
      "visitEveryNodeCenter": false
    },
    {
      "motionMode": 0,
      "startPosition": {
        "row": 1,
        "col": 0
      },
      "endPosition": {
        "row": 7,
        "col": 6
      },
      "spawnRandomRange": {
        "x": 0.2,
        "y": 0.2
      },
      "spawnOffset": {
        "x": 0.0,
        "y": 0.0
      },
      "checkpoints": [
        {
          "type": 0,
          "time": 0.0,
          "position": {
            "row": 3,
            "col": 8
          },
          "reachOffset": {
            "x": 0.0,
            "y": 0.0
          },
          "randomizeReachOffset": false,
          "reachDistance": 0.0
        }
      ],
      "allowDiagonalMove": true,
      "visitEveryTileCenter": false,
      "visitEveryNodeCenter": false
    },
    {
      "motionMode": 0,
      "startPosition": {
        "row": 1,
        "col": 10
      },
      "endPosition": {
        "row": 7,
        "col": 4
      },
      "spawnRandomRange": {
        "x": 0.2,
        "y": 0.2
      },
      "spawnOffset": {
        "x": 0.0,
        "y": 0.0
      },
      "checkpoints": [
        {
          "type": 0,
          "time": 0.0,
          "position": {
            "row": 3,
            "col": 2
          },
          "reachOffset": {
            "x": 0.0,
            "y": 0.0
          },
          "randomizeReachOffset": false,
          "reachDistance": 0.0
        }
      ],
      "allowDiagonalMove": true,
      "visitEveryTileCenter": false,
      "visitEveryNodeCenter": false
    },
    {
      "motionMode": 0,
      "startPosition": {
        "row": 1,
        "col": 10
      },
      "endPosition": {
        "row": 7,
        "col": 4
      },
      "spawnRandomRange": {
        "x": 0.2,
        "y": 0.2
      },
      "spawnOffset": {
        "x": 0.0,
        "y": 0.0
      },
      "checkpoints": [
        {
          "type": 0,
          "time": 0.0,
          "position": {
            "row": 3,
            "col": 2
          },
          "reachOffset": {
            "x": 0.0,
            "y": 0.0
          },
          "randomizeReachOffset": false,
          "reachDistance": 0.0
        }
      ],
      "allowDiagonalMove": true,
      "visitEveryTileCenter": false,
      "visitEveryNodeCenter": false
    },
    {
      "motionMode": 0,
      "startPosition": {
        "row": 1,
        "col": 10
      },
      "endPosition": {
        "row": 7,
        "col": 4
      },
      "spawnRandomRange": {
        "x": 0.2,
        "y": 0.2
      },
      "spawnOffset": {
        "x": 0.0,
        "y": 0.0
      },
      "checkpoints": [
        {
          "type": 0,
          "time": 0.0,
          "position": {
            "row": 3,
            "col": 2
          },
          "reachOffset": {
            "x": 0.0,
            "y": 0.0
          },
          "randomizeReachOffset": false,
          "reachDistance": 0.0
        }
      ],
      "allowDiagonalMove": true,
      "visitEveryTileCenter": false,
      "visitEveryNodeCenter": false
    },
    {
      "motionMode": 0,
      "startPosition": {
        "row": 1,
        "col": 0
      },
      "endPosition": {
        "row": 7,
        "col": 6
      },
      "spawnRandomRange": {
        "x": 0.2,
        "y": 0.2
      },
      "spawnOffset": {
        "x": 0.0,
        "y": 0.0
      },
      "checkpoints": [
        {
          "type": 0,
          "time": 0.0,
          "position": {
            "row": 3,
            "col": 8
          },
          "reachOffset": {
            "x": 0.0,
            "y": 0.0
          },
          "randomizeReachOffset": false,
          "reachDistance": 0.0
        }
      ],
      "allowDiagonalMove": true,
      "visitEveryTileCenter": false,
      "visitEveryNodeCenter": false
    },
    {
      "motionMode": 0,
      "startPosition": {
        "row": 1,
        "col": 0
      },
      "endPosition": {
        "row": 7,
        "col": 6
      },
      "spawnRandomRange": {
        "x": 0.2,
        "y": 0.2
      },
      "spawnOffset": {
        "x": 0.0,
        "y": 0.0
      },
      "checkpoints": [
        {
          "type": 0,
          "time": 0.0,
          "position": {
            "row": 3,
            "col": 8
          },
          "reachOffset": {
            "x": 0.0,
            "y": 0.0
          },
          "randomizeReachOffset": false,
          "reachDistance": 0.0
        }
      ],
      "allowDiagonalMove": true,
      "visitEveryTileCenter": false,
      "visitEveryNodeCenter": false
    },
    {
      "motionMode": 0,
      "startPosition": {
        "row": 3,
        "col": 0
      },
      "endPosition": {
        "row": 7,
        "col": 5
      },
      "spawnRandomRange": {
        "x": 0.0,
        "y": 0.0
      },
      "spawnOffset": {
        "x": 0.0,
        "y": 0.0
      },
      "checkpoints": [],
      "allowDiagonalMove": true,
      "visitEveryTileCenter": false,
      "visitEveryNodeCenter": false
    },
    {
      "motionMode": 0,
      "startPosition": {
        "row": 3,
        "col": 10
      },
      "endPosition": {
        "row": 7,
        "col": 5
      },
      "spawnRandomRange": {
        "x": 0.0,
        "y": 0.0
      },
      "spawnOffset": {
        "x": 0.0,
        "y": 0.0
      },
      "checkpoints": [],
      "allowDiagonalMove": true,
      "visitEveryTileCenter": false,
      "visitEveryNodeCenter": false
    }
  ],
  "enemies": [],
  "enemyDbRefs": [
    {
      "useDb": true,
      "id": "enemy_1008_ghost",
      "level": 0,
      "overwrittenData": null
    },
    {
      "useDb": true,
      "id": "enemy_1001_bigbo",
      "level": 0,
      "overwrittenData": null
    },
    {
      "useDb": true,
      "id": "enemy_1000_gopro",
      "level": 0,
      "overwrittenData": null
    },
    {
      "useDb": true,
      "id": "enemy_1000_gopro_3",
      "level": 0,
      "overwrittenData": null
    },
    {
      "useDb": true,
      "id": "enemy_1003_ncbow_2",
      "level": 0,
      "overwrittenData": {
        "name": {
          "m_defined": false,
          "m_value": null
        },
        "description": {
          "m_defined": false,
          "m_value": null
        },
        "prefabKey": {
          "m_defined": false,
          "m_value": null
        },
        "attributes": {
          "maxHp": {
            "m_defined": true,
            "m_value": 2500
          },
          "atk": {
            "m_defined": false,
            "m_value": 0
          },
          "def": {
            "m_defined": false,
            "m_value": 0
          },
          "magicResistance": {
            "m_defined": false,
            "m_value": 0.0
          },
          "cost": {
            "m_defined": false,
            "m_value": 0
          },
          "blockCnt": {
            "m_defined": false,
            "m_value": 0
          },
          "moveSpeed": {
            "m_defined": false,
            "m_value": 0.0
          },
          "attackSpeed": {
            "m_defined": false,
            "m_value": 0.0
          },
          "baseAttackTime": {
            "m_defined": false,
            "m_value": 0.0
          },
          "respawnTime": {
            "m_defined": false,
            "m_value": 0
          },
          "hpRecoveryPerSec": {
            "m_defined": false,
            "m_value": 0.0
          },
          "spRecoveryPerSec": {
            "m_defined": false,
            "m_value": 0.0
          },
          "maxDeployCount": {
            "m_defined": false,
            "m_value": 0
          },
          "massLevel": {
            "m_defined": false,
            "m_value": 0
          },
          "baseForceLevel": {
            "m_defined": false,
            "m_value": 0
          },
          "stunImmune": {
            "m_defined": false,
            "m_value": false
          },
          "silenceImmune": {
            "m_defined": false,
            "m_value": false
          }
        },
        "lifePointReduce": {
          "m_defined": false,
          "m_value": 0
        },
        "rangeRadius": {
          "m_defined": false,
          "m_value": 0.0
        },
        "talentBlackboard": null,
        "skills": null
      }
    }
  ],
  "waves": [
    {
      "preDelay": 0.0,
      "postDelay": 0.0,
      "maxTimeWaitingForNextWave": -1.0,
      "fragments": [
        {
          "preDelay": 0.0,
          "actions": [
            {
              "actionType": 5,
              "managedByScheduler": true,
              "key": "enemy_1001_bigbo",
              "count": 1,
              "preDelay": 0.0,
              "interval": 1.0,
              "routeIndex": 0,
              "blockFragment": false,
              "autoPreviewRoute": true,
              "isUnharmfulAndAlwaysCountAsKilled": false
            },
            {
              "actionType": 0,
              "managedByScheduler": true,
              "key": "enemy_1001_bigbo",
              "count": 1,
              "preDelay": 0.0,
              "interval": 1.0,
              "routeIndex": 1,
              "blockFragment": false,
              "autoPreviewRoute": false,
              "isUnharmfulAndAlwaysCountAsKilled": false
            },
            {
              "actionType": 0,
              "managedByScheduler": true,
              "key": "enemy_1003_ncbow_2",
              "count": 1,
              "preDelay": 0.0,
              "interval": 1.0,
              "routeIndex": 2,
              "blockFragment": false,
              "autoPreviewRoute": false,
              "isUnharmfulAndAlwaysCountAsKilled": false
            },
            {
              "actionType": 0,
              "managedByScheduler": true,
              "key": "enemy_1003_ncbow_2",
              "count": 1,
              "preDelay": 0.0,
              "interval": 1.0,
              "routeIndex": 3,
              "blockFragment": false,
              "autoPreviewRoute": false,
              "isUnharmfulAndAlwaysCountAsKilled": false
            },
            {
              "actionType": 0,
              "managedByScheduler": true,
              "key": "enemy_1003_ncbow_2",
              "count": 1,
              "preDelay": 0.0,
              "interval": 1.0,
              "routeIndex": 4,
              "blockFragment": false,
              "autoPreviewRoute": false,
              "isUnharmfulAndAlwaysCountAsKilled": false
            },
            {
              "actionType": 0,
              "managedByScheduler": true,
              "key": "enemy_1003_ncbow_2",
              "count": 1,
              "preDelay": 0.0,
              "interval": 1.0,
              "routeIndex": 5,
              "blockFragment": false,
              "autoPreviewRoute": false,
              "isUnharmfulAndAlwaysCountAsKilled": false
            },
            {
              "actionType": 0,
              "managedByScheduler": true,
              "key": "enemy_1003_ncbow_2",
              "count": 1,
              "preDelay": 0.0,
              "interval": 1.0,
              "routeIndex": 6,
              "blockFragment": false,
              "autoPreviewRoute": false,
              "isUnharmfulAndAlwaysCountAsKilled": false
            },
            {
              "actionType": 0,
              "managedByScheduler": true,
              "key": "enemy_1003_ncbow_2",
              "count": 1,
              "preDelay": 0.0,
              "interval": 1.0,
              "routeIndex": 7,
              "blockFragment": false,
              "autoPreviewRoute": false,
              "isUnharmfulAndAlwaysCountAsKilled": false
            },
            {
              "actionType": 0,
              "managedByScheduler": true,
              "key": "enemy_1003_ncbow_2",
              "count": 1,
              "preDelay": 0.0,
              "interval": 1.0,
              "routeIndex": 8,
              "blockFragment": false,
              "autoPreviewRoute": false,
              "isUnharmfulAndAlwaysCountAsKilled": false
            },
            {
              "actionType": 0,
              "managedByScheduler": true,
              "key": "enemy_1003_ncbow_2",
              "count": 1,
              "preDelay": 0.0,
              "interval": 1.0,
              "routeIndex": 9,
              "blockFragment": false,
              "autoPreviewRoute": false,
              "isUnharmfulAndAlwaysCountAsKilled": false
            },
            {
              "actionType": 0,
              "managedByScheduler": true,
              "key": "enemy_1003_ncbow_2",
              "count": 1,
              "preDelay": 0.0,
              "interval": 1.0,
              "routeIndex": 10,
              "blockFragment": false,
              "autoPreviewRoute": false,
              "isUnharmfulAndAlwaysCountAsKilled": false
            },
            {
              "actionType": 0,
              "managedByScheduler": true,
              "key": "enemy_1003_ncbow_2",
              "count": 1,
              "preDelay": 0.0,
              "interval": 1.0,
              "routeIndex": 11,
              "blockFragment": false,
              "autoPreviewRoute": false,
              "isUnharmfulAndAlwaysCountAsKilled": false
            }
          ],
          "name": null
        },
        {
          "preDelay": 5.0,
          "actions": [
            {
              "actionType": 0,
              "managedByScheduler": true,
              "key": "enemy_1000_gopro",
              "count": 1,
              "preDelay": 3.0,
              "interval": 1.0,
              "routeIndex": 12,
              "blockFragment": false,
              "autoPreviewRoute": true,
              "isUnharmfulAndAlwaysCountAsKilled": false
            },
            {
              "actionType": 0,
              "managedByScheduler": true,
              "key": "enemy_1000_gopro",
              "count": 2,
              "preDelay": 13.0,
              "interval": 1.0,
              "routeIndex": 13,
              "blockFragment": false,
              "autoPreviewRoute": false,
              "isUnharmfulAndAlwaysCountAsKilled": false
            },
            {
              "actionType": 0,
              "managedByScheduler": true,
              "key": "enemy_1000_gopro",
              "count": 2,
              "preDelay": 20.0,
              "interval": 1.0,
              "routeIndex": 14,
              "blockFragment": false,
              "autoPreviewRoute": false,
              "isUnharmfulAndAlwaysCountAsKilled": false
            },
            {
              "actionType": 0,
              "managedByScheduler": true,
              "key": "enemy_1008_ghost",
              "count": 1,
              "preDelay": 21.0,
              "interval": 1.0,
              "routeIndex": 15,
              "blockFragment": false,
              "autoPreviewRoute": false,
              "isUnharmfulAndAlwaysCountAsKilled": false
            }
          ],
          "name": null
        },
        {
          "preDelay": 10.0,
          "actions": [
            {
              "actionType": 0,
              "managedByScheduler": true,
              "key": "enemy_1000_gopro",
              "count": 1,
              "preDelay": 3.0,
              "interval": 1.0,
              "routeIndex": 16,
              "blockFragment": false,
              "autoPreviewRoute": true,
              "isUnharmfulAndAlwaysCountAsKilled": false
            },
            {
              "actionType": 0,
              "managedByScheduler": true,
              "key": "enemy_1000_gopro",
              "count": 2,
              "preDelay": 11.0,
              "interval": 1.5,
              "routeIndex": 17,
              "blockFragment": false,
              "autoPreviewRoute": false,
              "isUnharmfulAndAlwaysCountAsKilled": false
            },
            {
              "actionType": 0,
              "managedByScheduler": true,
              "key": "enemy_1000_gopro",
              "count": 2,
              "preDelay": 19.0,
              "interval": 1.5,
              "routeIndex": 18,
              "blockFragment": false,
              "autoPreviewRoute": false,
              "isUnharmfulAndAlwaysCountAsKilled": false
            },
            {
              "actionType": 0,
              "managedByScheduler": true,
              "key": "enemy_1008_ghost",
              "count": 1,
              "preDelay": 22.0,
              "interval": 1.0,
              "routeIndex": 19,
              "blockFragment": false,
              "autoPreviewRoute": false,
              "isUnharmfulAndAlwaysCountAsKilled": false
            },
            {
              "actionType": 0,
              "managedByScheduler": true,
              "key": "enemy_1000_gopro",
              "count": 2,
              "preDelay": 15.0,
              "interval": 1.3,
              "routeIndex": 20,
              "blockFragment": false,
              "autoPreviewRoute": true,
              "isUnharmfulAndAlwaysCountAsKilled": false
            },
            {
              "actionType": 0,
              "managedByScheduler": true,
              "key": "enemy_1000_gopro",
              "count": 2,
              "preDelay": 22.0,
              "interval": 1.3,
              "routeIndex": 21,
              "blockFragment": false,
              "autoPreviewRoute": false,
              "isUnharmfulAndAlwaysCountAsKilled": false
            }
          ],
          "name": null
        },
        {
          "preDelay": 10.0,
          "actions": [
            {
              "actionType": 0,
              "managedByScheduler": true,
              "key": "enemy_1000_gopro_3",
              "count": 1,
              "preDelay": 3.0,
              "interval": 1.0,
              "routeIndex": 22,
              "blockFragment": false,
              "autoPreviewRoute": true,
              "isUnharmfulAndAlwaysCountAsKilled": false
            },
            {
              "actionType": 0,
              "managedByScheduler": true,
              "key": "enemy_1000_gopro_3",
              "count": 1,
              "preDelay": 8.0,
              "interval": 1.0,
              "routeIndex": 23,
              "blockFragment": false,
              "autoPreviewRoute": false,
              "isUnharmfulAndAlwaysCountAsKilled": false
            },
            {
              "actionType": 0,
              "managedByScheduler": true,
              "key": "enemy_1000_gopro_3",
              "count": 2,
              "preDelay": 18.0,
              "interval": 1.3,
              "routeIndex": 24,
              "blockFragment": false,
              "autoPreviewRoute": false,
              "isUnharmfulAndAlwaysCountAsKilled": false
            },
            {
              "actionType": 0,
              "managedByScheduler": true,
              "key": "enemy_1000_gopro_3",
              "count": 2,
              "preDelay": 28.0,
              "interval": 1.3,
              "routeIndex": 25,
              "blockFragment": false,
              "autoPreviewRoute": false,
              "isUnharmfulAndAlwaysCountAsKilled": false
            },
            {
              "actionType": 0,
              "managedByScheduler": true,
              "key": "enemy_1008_ghost",
              "count": 2,
              "preDelay": 35.0,
              "interval": 3.0,
              "routeIndex": 26,
              "blockFragment": false,
              "autoPreviewRoute": false,
              "isUnharmfulAndAlwaysCountAsKilled": false
            },
            {
              "actionType": 0,
              "managedByScheduler": true,
              "key": "enemy_1000_gopro_3",
              "count": 1,
              "preDelay": 6.0,
              "interval": 1.0,
              "routeIndex": 27,
              "blockFragment": false,
              "autoPreviewRoute": true,
              "isUnharmfulAndAlwaysCountAsKilled": false
            },
            {
              "actionType": 0,
              "managedByScheduler": true,
              "key": "enemy_1000_gopro_3",
              "count": 1,
              "preDelay": 15.0,
              "interval": 1.0,
              "routeIndex": 28,
              "blockFragment": false,
              "autoPreviewRoute": false,
              "isUnharmfulAndAlwaysCountAsKilled": false
            },
            {
              "actionType": 0,
              "managedByScheduler": true,
              "key": "enemy_1000_gopro_3",
              "count": 2,
              "preDelay": 22.0,
              "interval": 1.5,
              "routeIndex": 29,
              "blockFragment": false,
              "autoPreviewRoute": false,
              "isUnharmfulAndAlwaysCountAsKilled": false
            },
            {
              "actionType": 0,
              "managedByScheduler": true,
              "key": "enemy_1000_gopro_3",
              "count": 2,
              "preDelay": 30.0,
              "interval": 1.5,
              "routeIndex": 30,
              "blockFragment": false,
              "autoPreviewRoute": false,
              "isUnharmfulAndAlwaysCountAsKilled": false
            },
            {
              "actionType": 0,
              "managedByScheduler": true,
              "key": "enemy_1008_ghost",
              "count": 2,
              "preDelay": 40.0,
              "interval": 6.0,
              "routeIndex": 31,
              "blockFragment": false,
              "autoPreviewRoute": false,
              "isUnharmfulAndAlwaysCountAsKilled": false
            }
          ],
          "name": null
        },
        {
          "preDelay": 12.0,
          "actions": [
            {
              "actionType": 1,
              "managedByScheduler": true,
              "key": "enemy_1000_gopro",
              "count": 7,
              "preDelay": 1.0,
              "interval": 6.0,
              "routeIndex": 32,
              "blockFragment": false,
              "autoPreviewRoute": false,
              "isUnharmfulAndAlwaysCountAsKilled": false
            },
            {
              "actionType": 0,
              "managedByScheduler": true,
              "key": "enemy_1000_gopro",
              "count": 7,
              "preDelay": 3.0,
              "interval": 6.0,
              "routeIndex": 33,
              "blockFragment": false,
              "autoPreviewRoute": true,
              "isUnharmfulAndAlwaysCountAsKilled": false
            },
            {
              "actionType": 0,
              "managedByScheduler": true,
              "key": "enemy_1000_gopro_3",
              "count": 7,
              "preDelay": 4.0,
              "interval": 6.0,
              "routeIndex": 34,
              "blockFragment": false,
              "autoPreviewRoute": false,
              "isUnharmfulAndAlwaysCountAsKilled": false
            },
            {
              "actionType": 0,
              "managedByScheduler": true,
              "key": "enemy_1000_gopro",
              "count": 7,
              "preDelay": 5.0,
              "interval": 6.0,
              "routeIndex": 35,
              "blockFragment": false,
              "autoPreviewRoute": false,
              "isUnharmfulAndAlwaysCountAsKilled": false
            },
            {
              "actionType": 0,
              "managedByScheduler": true,
              "key": "enemy_1000_gopro_3",
              "count": 5,
              "preDelay": 15.0,
              "interval": 8.0,
              "routeIndex": 36,
              "blockFragment": false,
              "autoPreviewRoute": true,
              "isUnharmfulAndAlwaysCountAsKilled": false
            },
            {
              "actionType": 0,
              "managedByScheduler": true,
              "key": "enemy_1000_gopro",
              "count": 5,
              "preDelay": 16.0,
              "interval": 8.0,
              "routeIndex": 37,
              "blockFragment": false,
              "autoPreviewRoute": false,
              "isUnharmfulAndAlwaysCountAsKilled": false
            }
          ],
          "name": null
        },
        {
          "preDelay": 8.0,
          "actions": [
            {
              "actionType": 0,
              "managedByScheduler": true,
              "key": "enemy_1008_ghost",
              "count": 4,
              "preDelay": 3.0,
              "interval": 12.0,
              "routeIndex": 38,
              "blockFragment": false,
              "autoPreviewRoute": true,
              "isUnharmfulAndAlwaysCountAsKilled": false
            },
            {
              "actionType": 0,
              "managedByScheduler": true,
              "key": "enemy_1000_gopro_3",
              "count": 4,
              "preDelay": 6.0,
              "interval": 10.0,
              "routeIndex": 39,
              "blockFragment": false,
              "autoPreviewRoute": false,
              "isUnharmfulAndAlwaysCountAsKilled": false
            },
            {
              "actionType": 0,
              "managedByScheduler": true,
              "key": "enemy_1000_gopro_3",
              "count": 4,
              "preDelay": 8.0,
              "interval": 10.0,
              "routeIndex": 40,
              "blockFragment": false,
              "autoPreviewRoute": false,
              "isUnharmfulAndAlwaysCountAsKilled": false
            },
            {
              "actionType": 0,
              "managedByScheduler": true,
              "key": "enemy_1008_ghost",
              "count": 4,
              "preDelay": 3.0,
              "interval": 16.0,
              "routeIndex": 41,
              "blockFragment": false,
              "autoPreviewRoute": true,
              "isUnharmfulAndAlwaysCountAsKilled": false
            },
            {
              "actionType": 0,
              "managedByScheduler": true,
              "key": "enemy_1008_ghost",
              "count": 4,
              "preDelay": 10.0,
              "interval": 16.0,
              "routeIndex": 42,
              "blockFragment": false,
              "autoPreviewRoute": false,
              "isUnharmfulAndAlwaysCountAsKilled": false
            }
          ],
          "name": null
        },
        {
          "preDelay": 4.0,
          "actions": [
            {
              "actionType": 0,
              "managedByScheduler": true,
              "key": "enemy_1003_ncbow_2",
              "count": 2,
              "preDelay": 4.0,
              "interval": 9.0,
              "routeIndex": 43,
              "blockFragment": false,
              "autoPreviewRoute": true,
              "isUnharmfulAndAlwaysCountAsKilled": false
            },
            {
              "actionType": 0,
              "managedByScheduler": true,
              "key": "enemy_1003_ncbow_2",
              "count": 1,
              "preDelay": 10.0,
              "interval": 1.0,
              "routeIndex": 44,
              "blockFragment": false,
              "autoPreviewRoute": true,
              "isUnharmfulAndAlwaysCountAsKilled": false
            }
          ],
          "name": null
        }
      ],
      "name": null
    }
  ],
  "predefines": {
    "characterInsts": [],
    "tokenInsts": [],
    "characterCards": [],
    "tokenCards": []
  },
  "excludeCharIdList": null,
  "randomSeed": 2009184106
}