{
  "options": {
    "characterLimit": 8,
    "maxLifePoint": 10,
    "initialCost": 10,
    "maxCost": 99,
    "costIncreaseTime": 1.0,
    "moveMultiplier": 0.5,
    "steeringEnabled": true,
    "isTrainingLevel": false,
    "functionDisableMask": 0
  },
  "levelId": null,
  "mapId": null,
  "bgmEvent": "normal05",
  "mapData": {
    "map": [
      [
        60,
        61,
        62,
        63,
        64,
        65,
        66,
        67,
        68,
        69
      ],
      [
        50,
        51,
        52,
        53,
        54,
        55,
        56,
        57,
        58,
        59
      ],
      [
        40,
        41,
        42,
        43,
        44,
        45,
        46,
        47,
        48,
        49
      ],
      [
        30,
        31,
        32,
        33,
        34,
        35,
        36,
        37,
        38,
        39
      ],
      [
        20,
        21,
        22,
        23,
        24,
        25,
        26,
        27,
        28,
        29
      ],
      [
        10,
        11,
        12,
        13,
        14,
        15,
        16,
        17,
        18,
        19
      ],
      [
        0,
        1,
        2,
        3,
        4,
        5,
        6,
        7,
        8,
        9
      ]
    ],
    "tiles": [
      {
        "tileKey": "tile_forbidden",
        "heightType": 1,
        "buildableType": 0,
        "passableMask": 2,
        "blackboard": null,
        "effects": null
      },
      {
        "tileKey": "tile_forbidden",
        "heightType": 1,
        "buildableType": 0,
        "passableMask": 2,
        "blackboard": null,
        "effects": null
      },
      {
        "tileKey": "tile_forbidden",
        "heightType": 1,
        "buildableType": 0,
        "passableMask": 2,
        "blackboard": null,
        "effects": null
      },
      {
        "tileKey": "tile_forbidden",
        "heightType": 1,
        "buildableType": 0,
        "passableMask": 2,
        "blackboard": null,
        "effects": null
      },
      {
        "tileKey": "tile_forbidden",
        "heightType": 1,
        "buildableType": 0,
        "passableMask": 2,
        "blackboard": null,
        "effects": null
      },
      {
        "tileKey": "tile_forbidden",
        "heightType": 1,
        "buildableType": 0,
        "passableMask": 2,
        "blackboard": null,
        "effects": null
      },
      {
        "tileKey": "tile_forbidden",
        "heightType": 1,
        "buildableType": 0,
        "passableMask": 2,
        "blackboard": null,
        "effects": null
      },
      {
        "tileKey": "tile_forbidden",
        "heightType": 1,
        "buildableType": 0,
        "passableMask": 2,
        "blackboard": null,
        "effects": null
      },
      {
        "tileKey": "tile_forbidden",
        "heightType": 1,
        "buildableType": 0,
        "passableMask": 2,
        "blackboard": null,
        "effects": null
      },
      {
        "tileKey": "tile_forbidden",
        "heightType": 1,
        "buildableType": 0,
        "passableMask": 2,
        "blackboard": null,
        "effects": null
      },
      {
        "tileKey": "tile_end",
        "heightType": 0,
        "buildableType": 0,
        "passableMask": 3,
        "blackboard": null,
        "effects": null
      },
      {
        "tileKey": "tile_road",
        "heightType": 0,
        "buildableType": 1,
        "passableMask": 3,
        "blackboard": null,
        "effects": null
      },
      {
        "tileKey": "tile_road",
        "heightType": 0,
        "buildableType": 1,
        "passableMask": 3,
        "blackboard": null,
        "effects": null
      },
      {
        "tileKey": "tile_road",
        "heightType": 0,
        "buildableType": 1,
        "passableMask": 3,
        "blackboard": null,
        "effects": null
      },
      {
        "tileKey": "tile_wall",
        "heightType": 1,
        "buildableType": 2,
        "passableMask": 2,
        "blackboard": null,
        "effects": null
      },
      {
        "tileKey": "tile_forbidden",
        "heightType": 1,
        "buildableType": 0,
        "passableMask": 2,
        "blackboard": null,
        "effects": null
      },
      {
        "tileKey": "tile_forbidden",
        "heightType": 1,
        "buildableType": 0,
        "passableMask": 2,
        "blackboard": null,
        "effects": null
      },
      {
        "tileKey": "tile_road",
        "heightType": 0,
        "buildableType": 1,
        "passableMask": 3,
        "blackboard": null,
        "effects": null
      },
      {
        "tileKey": "tile_road",
        "heightType": 0,
        "buildableType": 1,
        "passableMask": 3,
        "blackboard": null,
        "effects": null
      },
      {
        "tileKey": "tile_start",
        "heightType": 0,
        "buildableType": 0,
        "passableMask": 3,
        "blackboard": null,
        "effects": null
      },
      {
        "tileKey": "tile_forbidden",
        "heightType": 1,
        "buildableType": 0,
        "passableMask": 2,
        "blackboard": null,
        "effects": null
      },
      {
        "tileKey": "tile_wall",
        "heightType": 1,
        "buildableType": 2,
        "passableMask": 2,
        "blackboard": null,
        "effects": null
      },
      {
        "tileKey": "tile_road",
        "heightType": 0,
        "buildableType": 1,
        "passableMask": 3,
        "blackboard": null,
        "effects": null
      },
      {
        "tileKey": "tile_road",
        "heightType": 0,
        "buildableType": 1,
        "passableMask": 3,
        "blackboard": null,
        "effects": null
      },
      {
        "tileKey": "tile_road",
        "heightType": 0,
        "buildableType": 1,
        "passableMask": 3,
        "blackboard": null,
        "effects": null
      },
      {
        "tileKey": "tile_forbidden",
        "heightType": 1,
        "buildableType": 0,
        "passableMask": 2,
        "blackboard": null,
        "effects": null
      },
      {
        "tileKey": "tile_road",
        "heightType": 0,
        "buildableType": 1,
        "passableMask": 3,
        "blackboard": null,
        "effects": null
      },
      {
        "tileKey": "tile_road",
        "heightType": 0,
        "buildableType": 1,
        "passableMask": 3,
        "blackboard": null,
        "effects": null
      },
      {
        "tileKey": "tile_road",
        "heightType": 0,
        "buildableType": 1,
        "passableMask": 3,
        "blackboard": null,
        "effects": null
      },
      {
        "tileKey": "tile_forbidden",
        "heightType": 1,
        "buildableType": 0,
        "passableMask": 2,
        "blackboard": null,
        "effects": null
      },
      {
        "tileKey": "tile_forbidden",
        "heightType": 1,
        "buildableType": 0,
        "passableMask": 2,
        "blackboard": null,
        "effects": null
      },
      {
        "tileKey": "tile_forbidden",
        "heightType": 1,
        "buildableType": 0,
        "passableMask": 2,
        "blackboard": null,
        "effects": null
      },
      {
        "tileKey": "tile_wall",
        "heightType": 1,
        "buildableType": 2,
        "passableMask": 2,
        "blackboard": null,
        "effects": null
      },
      {
        "tileKey": "tile_road",
        "heightType": 0,
        "buildableType": 1,
        "passableMask": 3,
        "blackboard": null,
        "effects": null
      },
      {
        "tileKey": "tile_road",
        "heightType": 0,
        "buildableType": 1,
        "passableMask": 3,
        "blackboard": null,
        "effects": null
      },
      {
        "tileKey": "tile_road",
        "heightType": 0,
        "buildableType": 1,
        "passableMask": 3,
        "blackboard": null,
        "effects": null
      },
      {
        "tileKey": "tile_road",
        "heightType": 0,
        "buildableType": 1,
        "passableMask": 3,
        "blackboard": null,
        "effects": null
      },
      {
        "tileKey": "tile_road",
        "heightType": 0,
        "buildableType": 1,
        "passableMask": 3,
        "blackboard": null,
        "effects": null
      },
      {
        "tileKey": "tile_wall",
        "heightType": 1,
        "buildableType": 2,
        "passableMask": 2,
        "blackboard": null,
        "effects": null
      },
      {
        "tileKey": "tile_forbidden",
        "heightType": 1,
        "buildableType": 0,
        "passableMask": 2,
        "blackboard": null,
        "effects": null
      },
      {
        "tileKey": "tile_forbidden",
        "heightType": 1,
        "buildableType": 0,
        "passableMask": 2,
        "blackboard": null,
        "effects": null
      },
      {
        "tileKey": "tile_road",
        "heightType": 0,
        "buildableType": 1,
        "passableMask": 3,
        "blackboard": null,
        "effects": null
      },
      {
        "tileKey": "tile_road",
        "heightType": 0,
        "buildableType": 1,
        "passableMask": 3,
        "blackboard": null,
        "effects": null
      },
      {
        "tileKey": "tile_road",
        "heightType": 0,
        "buildableType": 1,
        "passableMask": 3,
        "blackboard": null,
        "effects": null
      },
      {
        "tileKey": "tile_road",
        "heightType": 0,
        "buildableType": 1,
        "passableMask": 3,
        "blackboard": null,
        "effects": null
      },
      {
        "tileKey": "tile_forbidden",
        "heightType": 1,
        "buildableType": 0,
        "passableMask": 2,
        "blackboard": null,
        "effects": null
      },
      {
        "tileKey": "tile_start",
        "heightType": 0,
        "buildableType": 1,
        "passableMask": 3,
        "blackboard": null,
        "effects": null
      },
      {
        "tileKey": "tile_road",
        "heightType": 0,
        "buildableType": 1,
        "passableMask": 3,
        "blackboard": null,
        "effects": null
      },
      {
        "tileKey": "tile_road",
        "heightType": 0,
        "buildableType": 1,
        "passableMask": 3,
        "blackboard": null,
        "effects": null
      },
      {
        "tileKey": "tile_forbidden",
        "heightType": 1,
        "buildableType": 0,
        "passableMask": 2,
        "blackboard": null,
        "effects": null
      },
      {
        "tileKey": "tile_end",
        "heightType": 0,
        "buildableType": 0,
        "passableMask": 3,
        "blackboard": null,
        "effects": null
      },
      {
        "tileKey": "tile_road",
        "heightType": 0,
        "buildableType": 1,
        "passableMask": 3,
        "blackboard": null,
        "effects": null
      },
      {
        "tileKey": "tile_road",
        "heightType": 0,
        "buildableType": 1,
        "passableMask": 3,
        "blackboard": null,
        "effects": null
      },
      {
        "tileKey": "tile_wall",
        "heightType": 1,
        "buildableType": 2,
        "passableMask": 2,
        "blackboard": null,
        "effects": null
      },
      {
        "tileKey": "tile_wall",
        "heightType": 1,
        "buildableType": 2,
        "passableMask": 2,
        "blackboard": null,
        "effects": null
      },
      {
        "tileKey": "tile_forbidden",
        "heightType": 1,
        "buildableType": 0,
        "passableMask": 2,
        "blackboard": null,
        "effects": null
      },
      {
        "tileKey": "tile_forbidden",
        "heightType": 1,
        "buildableType": 0,
        "passableMask": 2,
        "blackboard": null,
        "effects": null
      },
      {
        "tileKey": "tile_road",
        "heightType": 0,
        "buildableType": 1,
        "passableMask": 3,
        "blackboard": null,
        "effects": null
      },
      {
        "tileKey": "tile_road",
        "heightType": 0,
        "buildableType": 1,
        "passableMask": 3,
        "blackboard": null,
        "effects": null
      },
      {
        "tileKey": "tile_start",
        "heightType": 0,
        "buildableType": 0,
        "passableMask": 3,
        "blackboard": null,
        "effects": null
      },
      {
        "tileKey": "tile_forbidden",
        "heightType": 1,
        "buildableType": 0,
        "passableMask": 2,
        "blackboard": null,
        "effects": null
      },
      {
        "tileKey": "tile_forbidden",
        "heightType": 1,
        "buildableType": 0,
        "passableMask": 2,
        "blackboard": null,
        "effects": null
      },
      {
        "tileKey": "tile_forbidden",
        "heightType": 1,
        "buildableType": 0,
        "passableMask": 2,
        "blackboard": null,
        "effects": null
      },
      {
        "tileKey": "tile_forbidden",
        "heightType": 1,
        "buildableType": 0,
        "passableMask": 2,
        "blackboard": null,
        "effects": null
      },
      {
        "tileKey": "tile_forbidden",
        "heightType": 1,
        "buildableType": 0,
        "passableMask": 2,
        "blackboard": null,
        "effects": null
      },
      {
        "tileKey": "tile_forbidden",
        "heightType": 1,
        "buildableType": 0,
        "passableMask": 2,
        "blackboard": null,
        "effects": null
      },
      {
        "tileKey": "tile_forbidden",
        "heightType": 1,
        "buildableType": 0,
        "passableMask": 2,
        "blackboard": null,
        "effects": null
      },
      {
        "tileKey": "tile_forbidden",
        "heightType": 1,
        "buildableType": 0,
        "passableMask": 2,
        "blackboard": null,
        "effects": null
      },
      {
        "tileKey": "tile_forbidden",
        "heightType": 1,
        "buildableType": 0,
        "passableMask": 2,
        "blackboard": null,
        "effects": null
      },
      {
        "tileKey": "tile_forbidden",
        "heightType": 1,
        "buildableType": 0,
        "passableMask": 2,
        "blackboard": null,
        "effects": null
      }
    ],
    "blockEdges": null,
    "effects": null,
    "width": 10,
    "height": 7
  },
  "tilesDisallowToLocate": [],
  "runes": null,
  "globalBuffs": null,
  "routes": [
    null,
    {
      "motionMode": 0,
      "startPosition": {
        "row": 4,
        "col": 4
      },
      "endPosition": {
        "row": 5,
        "col": 0
      },
      "spawnRandomRange": {
        "x": 0.0,
        "y": 0.0
      },
      "spawnOffset": {
        "x": 0.0,
        "y": 0.0
      },
      "checkpoints": [
        {
          "type": 0,
          "time": 0.0,
          "position": {
            "row": 4,
            "col": 4
          },
          "reachOffset": {
            "x": -0.14,
            "y": 0.03
          },
          "randomizeReachOffset": false,
          "reachDistance": 0.0
        },
        {
          "type": 1,
          "time": 122.0,
          "position": {
            "row": 0,
            "col": 0
          },
          "reachOffset": {
            "x": 0.0,
            "y": 0.0
          },
          "randomizeReachOffset": false,
          "reachDistance": 0.0
        }
      ],
      "allowDiagonalMove": true,
      "visitEveryTileCenter": false,
      "visitEveryNodeCenter": false
    },
    {
      "motionMode": 0,
      "startPosition": {
        "row": 3,
        "col": 5
      },
      "endPosition": {
        "row": 5,
        "col": 0
      },
      "spawnRandomRange": {
        "x": 0.0,
        "y": 0.0
      },
      "spawnOffset": {
        "x": 0.0,
        "y": 0.0
      },
      "checkpoints": [
        {
          "type": 0,
          "time": 0.0,
          "position": {
            "row": 3,
            "col": 5
          },
          "reachOffset": {
            "x": -0.32,
            "y": 0.11
          },
          "randomizeReachOffset": false,
          "reachDistance": 0.0
        },
        {
          "type": 1,
          "time": 122.0,
          "position": {
            "row": 0,
            "col": 0
          },
          "reachOffset": {
            "x": 0.0,
            "y": 0.0
          },
          "randomizeReachOffset": false,
          "reachDistance": 0.0
        }
      ],
      "allowDiagonalMove": true,
      "visitEveryTileCenter": false,
      "visitEveryNodeCenter": false
    },
    {
      "motionMode": 0,
      "startPosition": {
        "row": 2,
        "col": 4
      },
      "endPosition": {
        "row": 5,
        "col": 0
      },
      "spawnRandomRange": {
        "x": 0.0,
        "y": 0.0
      },
      "spawnOffset": {
        "x": 0.0,
        "y": 0.0
      },
      "checkpoints": [
        {
          "type": 0,
          "time": 0.0,
          "position": {
            "row": 2,
            "col": 4
          },
          "reachOffset": {
            "x": -0.07,
            "y": 0.41
          },
          "randomizeReachOffset": false,
          "reachDistance": 0.0
        },
        {
          "type": 1,
          "time": 122.0,
          "position": {
            "row": 0,
            "col": 0
          },
          "reachOffset": {
            "x": 0.0,
            "y": 0.0
          },
          "randomizeReachOffset": false,
          "reachDistance": 0.0
        }
      ],
      "allowDiagonalMove": true,
      "visitEveryTileCenter": false,
      "visitEveryNodeCenter": false
    },
    {
      "motionMode": 0,
      "startPosition": {
        "row": 1,
        "col": 9
      },
      "endPosition": {
        "row": 5,
        "col": 0
      },
      "spawnRandomRange": {
        "x": 0.0,
        "y": 0.0
      },
      "spawnOffset": {
        "x": 0.0,
        "y": 0.0
      },
      "checkpoints": [
        {
          "type": 0,
          "time": 0.0,
          "position": {
            "row": 2,
            "col": 7
          },
          "reachOffset": {
            "x": 0.16,
            "y": -0.21
          },
          "randomizeReachOffset": false,
          "reachDistance": 0.0
        },
        {
          "type": 1,
          "time": 118.0,
          "position": {
            "row": 0,
            "col": 0
          },
          "reachOffset": {
            "x": 0.0,
            "y": 0.0
          },
          "randomizeReachOffset": false,
          "reachDistance": 0.0
        }
      ],
      "allowDiagonalMove": true,
      "visitEveryTileCenter": false,
      "visitEveryNodeCenter": false
    },
    {
      "motionMode": 0,
      "startPosition": {
        "row": 1,
        "col": 9
      },
      "endPosition": {
        "row": 5,
        "col": 0
      },
      "spawnRandomRange": {
        "x": 0.0,
        "y": 0.0
      },
      "spawnOffset": {
        "x": 0.0,
        "y": 0.0
      },
      "checkpoints": [
        {
          "type": 0,
          "time": 0.0,
          "position": {
            "row": 1,
            "col": 7
          },
          "reachOffset": {
            "x": 0.08,
            "y": 0.23
          },
          "randomizeReachOffset": false,
          "reachDistance": 0.0
        },
        {
          "type": 1,
          "time": 119.0,
          "position": {
            "row": 0,
            "col": 0
          },
          "reachOffset": {
            "x": 0.0,
            "y": 0.0
          },
          "randomizeReachOffset": false,
          "reachDistance": 0.0
        }
      ],
      "allowDiagonalMove": true,
      "visitEveryTileCenter": false,
      "visitEveryNodeCenter": false
    },
    {
      "motionMode": 0,
      "startPosition": {
        "row": 5,
        "col": 9
      },
      "endPosition": {
        "row": 1,
        "col": 0
      },
      "spawnRandomRange": {
        "x": 0.0,
        "y": 0.0
      },
      "spawnOffset": {
        "x": 0.0,
        "y": 0.0
      },
      "checkpoints": [
        {
          "type": 0,
          "time": 0.0,
          "position": {
            "row": 5,
            "col": 7
          },
          "reachOffset": {
            "x": 0.15,
            "y": -0.23
          },
          "randomizeReachOffset": false,
          "reachDistance": 0.0
        },
        {
          "type": 1,
          "time": 118.0,
          "position": {
            "row": 0,
            "col": 0
          },
          "reachOffset": {
            "x": 0.0,
            "y": 0.0
          },
          "randomizeReachOffset": false,
          "reachDistance": 0.0
        }
      ],
      "allowDiagonalMove": true,
      "visitEveryTileCenter": false,
      "visitEveryNodeCenter": false
    },
    {
      "motionMode": 0,
      "startPosition": {
        "row": 5,
        "col": 9
      },
      "endPosition": {
        "row": 1,
        "col": 0
      },
      "spawnRandomRange": {
        "x": 0.0,
        "y": 0.0
      },
      "spawnOffset": {
        "x": 0.0,
        "y": 0.0
      },
      "checkpoints": [
        {
          "type": 0,
          "time": 0.0,
          "position": {
            "row": 5,
            "col": 8
          },
          "reachOffset": {
            "x": 0.0,
            "y": 0.0
          },
          "randomizeReachOffset": false,
          "reachDistance": 0.0
        },
        {
          "type": 1,
          "time": 15.0,
          "position": {
            "row": 0,
            "col": 0
          },
          "reachOffset": {
            "x": 0.0,
            "y": 0.0
          },
          "randomizeReachOffset": false,
          "reachDistance": 0.0
        }
      ],
      "allowDiagonalMove": true,
      "visitEveryTileCenter": false,
      "visitEveryNodeCenter": false
    },
    {
      "motionMode": 0,
      "startPosition": {
        "row": 5,
        "col": 9
      },
      "endPosition": {
        "row": 1,
        "col": 0
      },
      "spawnRandomRange": {
        "x": 0.1,
        "y": 0.0
      },
      "spawnOffset": {
        "x": 0.0,
        "y": 0.1
      },
      "checkpoints": [
        {
          "type": 0,
          "time": 0.0,
          "position": {
            "row": 5,
            "col": 8
          },
          "reachOffset": {
            "x": 0.0,
            "y": 0.0
          },
          "randomizeReachOffset": false,
          "reachDistance": 0.0
        }
      ],
      "allowDiagonalMove": true,
      "visitEveryTileCenter": false,
      "visitEveryNodeCenter": false
    },
    {
      "motionMode": 0,
      "startPosition": {
        "row": 5,
        "col": 9
      },
      "endPosition": {
        "row": 1,
        "col": 0
      },
      "spawnRandomRange": {
        "x": 0.0,
        "y": 0.0
      },
      "spawnOffset": {
        "x": 0.0,
        "y": 0.0
      },
      "checkpoints": [
        {
          "type": 0,
          "time": 0.0,
          "position": {
            "row": 5,
            "col": 8
          },
          "reachOffset": {
            "x": 0.0,
            "y": 0.0
          },
          "randomizeReachOffset": false,
          "reachDistance": 0.0
        }
      ],
      "allowDiagonalMove": true,
      "visitEveryTileCenter": false,
      "visitEveryNodeCenter": false
    },
    {
      "motionMode": 0,
      "startPosition": {
        "row": 5,
        "col": 9
      },
      "endPosition": {
        "row": 1,
        "col": 0
      },
      "spawnRandomRange": {
        "x": 0.0,
        "y": 0.0
      },
      "spawnOffset": {
        "x": 0.0,
        "y": 0.0
      },
      "checkpoints": [
        {
          "type": 0,
          "time": 0.0,
          "position": {
            "row": 5,
            "col": 8
          },
          "reachOffset": {
            "x": 0.0,
            "y": 0.0
          },
          "randomizeReachOffset": false,
          "reachDistance": 0.0
        }
      ],
      "allowDiagonalMove": true,
      "visitEveryTileCenter": false,
      "visitEveryNodeCenter": false
    },
    {
      "motionMode": 0,
      "startPosition": {
        "row": 5,
        "col": 9
      },
      "endPosition": {
        "row": 1,
        "col": 0
      },
      "spawnRandomRange": {
        "x": 0.0,
        "y": 0.0
      },
      "spawnOffset": {
        "x": 0.1,
        "y": 0.1
      },
      "checkpoints": [
        {
          "type": 0,
          "time": 0.0,
          "position": {
            "row": 5,
            "col": 8
          },
          "reachOffset": {
            "x": 0.0,
            "y": 0.0
          },
          "randomizeReachOffset": false,
          "reachDistance": 0.0
        }
      ],
      "allowDiagonalMove": true,
      "visitEveryTileCenter": false,
      "visitEveryNodeCenter": false
    },
    {
      "motionMode": 0,
      "startPosition": {
        "row": 5,
        "col": 9
      },
      "endPosition": {
        "row": 1,
        "col": 0
      },
      "spawnRandomRange": {
        "x": 0.0,
        "y": 0.0
      },
      "spawnOffset": {
        "x": 0.0,
        "y": 0.0
      },
      "checkpoints": [
        {
          "type": 0,
          "time": 0.0,
          "position": {
            "row": 5,
            "col": 8
          },
          "reachOffset": {
            "x": 0.0,
            "y": 0.0
          },
          "randomizeReachOffset": false,
          "reachDistance": 0.0
        }
      ],
      "allowDiagonalMove": true,
      "visitEveryTileCenter": false,
      "visitEveryNodeCenter": false
    },
    {
      "motionMode": 0,
      "startPosition": {
        "row": 1,
        "col": 9
      },
      "endPosition": {
        "row": 5,
        "col": 0
      },
      "spawnRandomRange": {
        "x": 0.0,
        "y": 0.0
      },
      "spawnOffset": {
        "x": 0.0,
        "y": 0.0
      },
      "checkpoints": [
        {
          "type": 0,
          "time": 0.0,
          "position": {
            "row": 1,
            "col": 8
          },
          "reachOffset": {
            "x": 0.0,
            "y": 0.0
          },
          "randomizeReachOffset": false,
          "reachDistance": 0.0
        },
        {
          "type": 1,
          "time": 14.0,
          "position": {
            "row": 0,
            "col": 0
          },
          "reachOffset": {
            "x": 0.0,
            "y": 0.0
          },
          "randomizeReachOffset": false,
          "reachDistance": 0.0
        }
      ],
      "allowDiagonalMove": true,
      "visitEveryTileCenter": false,
      "visitEveryNodeCenter": false
    },
    {
      "motionMode": 0,
      "startPosition": {
        "row": 1,
        "col": 9
      },
      "endPosition": {
        "row": 5,
        "col": 0
      },
      "spawnRandomRange": {
        "x": 0.0,
        "y": 0.0
      },
      "spawnOffset": {
        "x": 0.0,
        "y": 0.0
      },
      "checkpoints": [
        {
          "type": 0,
          "time": 0.0,
          "position": {
            "row": 1,
            "col": 8
          },
          "reachOffset": {
            "x": 0.0,
            "y": 0.0
          },
          "randomizeReachOffset": false,
          "reachDistance": 0.0
        }
      ],
      "allowDiagonalMove": true,
      "visitEveryTileCenter": false,
      "visitEveryNodeCenter": false
    },
    {
      "motionMode": 0,
      "startPosition": {
        "row": 1,
        "col": 9
      },
      "endPosition": {
        "row": 5,
        "col": 0
      },
      "spawnRandomRange": {
        "x": 0.0,
        "y": 0.0
      },
      "spawnOffset": {
        "x": 0.3,
        "y": 0.2
      },
      "checkpoints": [
        {
          "type": 0,
          "time": 0.0,
          "position": {
            "row": 1,
            "col": 8
          },
          "reachOffset": {
            "x": 0.0,
            "y": 0.0
          },
          "randomizeReachOffset": false,
          "reachDistance": 0.0
        }
      ],
      "allowDiagonalMove": true,
      "visitEveryTileCenter": false,
      "visitEveryNodeCenter": false
    },
    {
      "motionMode": 0,
      "startPosition": {
        "row": 1,
        "col": 9
      },
      "endPosition": {
        "row": 5,
        "col": 0
      },
      "spawnRandomRange": {
        "x": 0.0,
        "y": 0.0
      },
      "spawnOffset": {
        "x": 0.0,
        "y": 0.0
      },
      "checkpoints": [
        {
          "type": 0,
          "time": 0.0,
          "position": {
            "row": 2,
            "col": 7
          },
          "reachOffset": {
            "x": 0.05,
            "y": 0.15
          },
          "randomizeReachOffset": false,
          "reachDistance": 0.0
        }
      ],
      "allowDiagonalMove": true,
      "visitEveryTileCenter": false,
      "visitEveryNodeCenter": false
    },
    {
      "motionMode": 0,
      "startPosition": {
        "row": 1,
        "col": 9
      },
      "endPosition": {
        "row": 5,
        "col": 0
      },
      "spawnRandomRange": {
        "x": 0.0,
        "y": 0.0
      },
      "spawnOffset": {
        "x": 0.0,
        "y": 0.2
      },
      "checkpoints": [
        {
          "type": 0,
          "time": 0.0,
          "position": {
            "row": 2,
            "col": 7
          },
          "reachOffset": {
            "x": 0.04,
            "y": -0.18
          },
          "randomizeReachOffset": false,
          "reachDistance": 0.0
        }
      ],
      "allowDiagonalMove": true,
      "visitEveryTileCenter": false,
      "visitEveryNodeCenter": false
    },
    {
      "motionMode": 0,
      "startPosition": {
        "row": 1,
        "col": 9
      },
      "endPosition": {
        "row": 5,
        "col": 0
      },
      "spawnRandomRange": {
        "x": 0.0,
        "y": 0.0
      },
      "spawnOffset": {
        "x": 0.2,
        "y": 0.0
      },
      "checkpoints": [
        {
          "type": 0,
          "time": 0.0,
          "position": {
            "row": 2,
            "col": 7
          },
          "reachOffset": {
            "x": 0.32,
            "y": -0.01
          },
          "randomizeReachOffset": false,
          "reachDistance": 0.0
        }
      ],
      "allowDiagonalMove": true,
      "visitEveryTileCenter": false,
      "visitEveryNodeCenter": false
    },
    {
      "motionMode": 0,
      "startPosition": {
        "row": 4,
        "col": 6
      },
      "endPosition": {
        "row": 5,
        "col": 0
      },
      "spawnRandomRange": {
        "x": 0.0,
        "y": 0.0
      },
      "spawnOffset": {
        "x": 0.0,
        "y": 0.0
      },
      "checkpoints": [
        {
          "type": 0,
          "time": 0.0,
          "position": {
            "row": 3,
            "col": 6
          },
          "reachOffset": {
            "x": 0.2,
            "y": -0.09
          },
          "randomizeReachOffset": false,
          "reachDistance": 0.0
        },
        {
          "type": 1,
          "time": 14.0,
          "position": {
            "row": 0,
            "col": 0
          },
          "reachOffset": {
            "x": 0.0,
            "y": 0.0
          },
          "randomizeReachOffset": false,
          "reachDistance": 0.0
        },
        {
          "type": 0,
          "time": 0.0,
          "position": {
            "row": 3,
            "col": 5
          },
          "reachOffset": {
            "x": 0.0,
            "y": 0.0
          },
          "randomizeReachOffset": false,
          "reachDistance": 0.0
        }
      ],
      "allowDiagonalMove": true,
      "visitEveryTileCenter": false,
      "visitEveryNodeCenter": false
    },
    {
      "motionMode": 0,
      "startPosition": {
        "row": 5,
        "col": 9
      },
      "endPosition": {
        "row": 1,
        "col": 0
      },
      "spawnRandomRange": {
        "x": 0.0,
        "y": 0.0
      },
      "spawnOffset": {
        "x": 0.0,
        "y": 0.0
      },
      "checkpoints": [
        {
          "type": 0,
          "time": 0.0,
          "position": {
            "row": 3,
            "col": 6
          },
          "reachOffset": {
            "x": 0.0,
            "y": 0.0
          },
          "randomizeReachOffset": false,
          "reachDistance": 0.0
        },
        {
          "type": 0,
          "time": 0.0,
          "position": {
            "row": 3,
            "col": 4
          },
          "reachOffset": {
            "x": 0.0,
            "y": 0.0
          },
          "randomizeReachOffset": false,
          "reachDistance": 0.0
        },
        {
          "type": 0,
          "time": 0.0,
          "position": {
            "row": 1,
            "col": 2
          },
          "reachOffset": {
            "x": 0.0,
            "y": 0.0
          },
          "randomizeReachOffset": false,
          "reachDistance": 0.0
        }
      ],
      "allowDiagonalMove": true,
      "visitEveryTileCenter": false,
      "visitEveryNodeCenter": false
    },
    {
      "motionMode": 0,
      "startPosition": {
        "row": 5,
        "col": 9
      },
      "endPosition": {
        "row": 1,
        "col": 0
      },
      "spawnRandomRange": {
        "x": 0.0,
        "y": 0.0
      },
      "spawnOffset": {
        "x": 0.1,
        "y": 0.0
      },
      "checkpoints": [
        {
          "type": 0,
          "time": 0.0,
          "position": {
            "row": 3,
            "col": 7
          },
          "reachOffset": {
            "x": 0.0,
            "y": 0.0
          },
          "randomizeReachOffset": false,
          "reachDistance": 0.0
        },
        {
          "type": 0,
          "time": 0.0,
          "position": {
            "row": 3,
            "col": 5
          },
          "reachOffset": {
            "x": 0.0,
            "y": 0.0
          },
          "randomizeReachOffset": false,
          "reachDistance": 0.0
        },
        {
          "type": 0,
          "time": 0.0,
          "position": {
            "row": 2,
            "col": 3
          },
          "reachOffset": {
            "x": 0.0,
            "y": 0.0
          },
          "randomizeReachOffset": false,
          "reachDistance": 0.0
        },
        {
          "type": 0,
          "time": 0.0,
          "position": {
            "row": 1,
            "col": 2
          },
          "reachOffset": {
            "x": 0.0,
            "y": 0.0
          },
          "randomizeReachOffset": false,
          "reachDistance": 0.0
        }
      ],
      "allowDiagonalMove": true,
      "visitEveryTileCenter": false,
      "visitEveryNodeCenter": false
    },
    {
      "motionMode": 0,
      "startPosition": {
        "row": 1,
        "col": 9
      },
      "endPosition": {
        "row": 5,
        "col": 0
      },
      "spawnRandomRange": {
        "x": 0.0,
        "y": 0.0
      },
      "spawnOffset": {
        "x": 0.0,
        "y": 0.0
      },
      "checkpoints": [
        {
          "type": 0,
          "time": 0.0,
          "position": {
            "row": 2,
            "col": 7
          },
          "reachOffset": {
            "x": 0.0,
            "y": 0.0
          },
          "randomizeReachOffset": false,
          "reachDistance": 0.0
        },
        {
          "type": 0,
          "time": 0.0,
          "position": {
            "row": 4,
            "col": 3
          },
          "reachOffset": {
            "x": 0.0,
            "y": 0.0
          },
          "randomizeReachOffset": false,
          "reachDistance": 0.0
        }
      ],
      "allowDiagonalMove": true,
      "visitEveryTileCenter": false,
      "visitEveryNodeCenter": false
    },
    {
      "motionMode": 0,
      "startPosition": {
        "row": 1,
        "col": 9
      },
      "endPosition": {
        "row": 5,
        "col": 0
      },
      "spawnRandomRange": {
        "x": 0.0,
        "y": 0.0
      },
      "spawnOffset": {
        "x": 0.0,
        "y": 0.2
      },
      "checkpoints": [
        {
          "type": 0,
          "time": 0.0,
          "position": {
            "row": 2,
            "col": 7
          },
          "reachOffset": {
            "x": 0.0,
            "y": 0.0
          },
          "randomizeReachOffset": false,
          "reachDistance": 0.0
        },
        {
          "type": 0,
          "time": 0.0,
          "position": {
            "row": 3,
            "col": 5
          },
          "reachOffset": {
            "x": 0.0,
            "y": 0.0
          },
          "randomizeReachOffset": false,
          "reachDistance": 0.0
        },
        {
          "type": 0,
          "time": 0.0,
          "position": {
            "row": 4,
            "col": 2
          },
          "reachOffset": {
            "x": 0.0,
            "y": 0.0
          },
          "randomizeReachOffset": false,
          "reachDistance": 0.0
        }
      ],
      "allowDiagonalMove": true,
      "visitEveryTileCenter": false,
      "visitEveryNodeCenter": false
    },
    {
      "motionMode": 0,
      "startPosition": {
        "row": 5,
        "col": 9
      },
      "endPosition": {
        "row": 1,
        "col": 0
      },
      "spawnRandomRange": {
        "x": 0.0,
        "y": 0.0
      },
      "spawnOffset": {
        "x": 0.0,
        "y": 0.0
      },
      "checkpoints": [
        {
          "type": 0,
          "time": 0.0,
          "position": {
            "row": 5,
            "col": 7
          },
          "reachOffset": {
            "x": 0.33,
            "y": 0.03
          },
          "randomizeReachOffset": false,
          "reachDistance": 0.0
        },
        {
          "type": 1,
          "time": 16.0,
          "position": {
            "row": 0,
            "col": 0
          },
          "reachOffset": {
            "x": 0.0,
            "y": 0.0
          },
          "randomizeReachOffset": false,
          "reachDistance": 0.0
        }
      ],
      "allowDiagonalMove": true,
      "visitEveryTileCenter": false,
      "visitEveryNodeCenter": false
    },
    {
      "motionMode": 0,
      "startPosition": {
        "row": 1,
        "col": 9
      },
      "endPosition": {
        "row": 5,
        "col": 0
      },
      "spawnRandomRange": {
        "x": 0.0,
        "y": 0.0
      },
      "spawnOffset": {
        "x": 0.0,
        "y": 0.0
      },
      "checkpoints": [
        {
          "type": 0,
          "time": 0.0,
          "position": {
            "row": 1,
            "col": 7
          },
          "reachOffset": {
            "x": 0.47,
            "y": -0.16
          },
          "randomizeReachOffset": false,
          "reachDistance": 0.0
        },
        {
          "type": 1,
          "time": 16.0,
          "position": {
            "row": 0,
            "col": 0
          },
          "reachOffset": {
            "x": 0.0,
            "y": 0.0
          },
          "randomizeReachOffset": false,
          "reachDistance": 0.0
        }
      ],
      "allowDiagonalMove": true,
      "visitEveryTileCenter": false,
      "visitEveryNodeCenter": false
    },
    {
      "motionMode": 0,
      "startPosition": {
        "row": 5,
        "col": 9
      },
      "endPosition": {
        "row": 1,
        "col": 0
      },
      "spawnRandomRange": {
        "x": 0.1,
        "y": 0.1
      },
      "spawnOffset": {
        "x": 0.0,
        "y": 0.0
      },
      "checkpoints": [
        {
          "type": 0,
          "time": 0.0,
          "position": {
            "row": 4,
            "col": 8
          },
          "reachOffset": {
            "x": 0.0,
            "y": 0.0
          },
          "randomizeReachOffset": false,
          "reachDistance": 0.0
        },
        {
          "type": 0,
          "time": 0.0,
          "position": {
            "row": 3,
            "col": 5
          },
          "reachOffset": {
            "x": 0.0,
            "y": 0.0
          },
          "randomizeReachOffset": false,
          "reachDistance": 0.0
        },
        {
          "type": 0,
          "time": 0.0,
          "position": {
            "row": 2,
            "col": 3
          },
          "reachOffset": {
            "x": 0.21,
            "y": -0.14
          },
          "randomizeReachOffset": false,
          "reachDistance": 0.0
        }
      ],
      "allowDiagonalMove": true,
      "visitEveryTileCenter": false,
      "visitEveryNodeCenter": false
    },
    {
      "motionMode": 0,
      "startPosition": {
        "row": 1,
        "col": 9
      },
      "endPosition": {
        "row": 5,
        "col": 0
      },
      "spawnRandomRange": {
        "x": 0.1,
        "y": 0.1
      },
      "spawnOffset": {
        "x": 0.0,
        "y": 0.0
      },
      "checkpoints": [
        {
          "type": 0,
          "time": 0.0,
          "position": {
            "row": 2,
            "col": 8
          },
          "reachOffset": {
            "x": 0.0,
            "y": 0.0
          },
          "randomizeReachOffset": false,
          "reachDistance": 0.0
        },
        {
          "type": 0,
          "time": 0.0,
          "position": {
            "row": 2,
            "col": 6
          },
          "reachOffset": {
            "x": 0.0,
            "y": 0.0
          },
          "randomizeReachOffset": false,
          "reachDistance": 0.0
        },
        {
          "type": 0,
          "time": 0.0,
          "position": {
            "row": 3,
            "col": 6
          },
          "reachOffset": {
            "x": 0.0,
            "y": 0.0
          },
          "randomizeReachOffset": false,
          "reachDistance": 0.0
        }
      ],
      "allowDiagonalMove": true,
      "visitEveryTileCenter": false,
      "visitEveryNodeCenter": false
    },
    {
      "motionMode": 0,
      "startPosition": {
        "row": 5,
        "col": 9
      },
      "endPosition": {
        "row": 1,
        "col": 0
      },
      "spawnRandomRange": {
        "x": 0.0,
        "y": 0.0
      },
      "spawnOffset": {
        "x": 0.0,
        "y": 0.0
      },
      "checkpoints": [
        {
          "type": 0,
          "time": 0.0,
          "position": {
            "row": 4,
            "col": 8
          },
          "reachOffset": {
            "x": 0.0,
            "y": 0.0
          },
          "randomizeReachOffset": false,
          "reachDistance": 0.0
        }
      ],
      "allowDiagonalMove": true,
      "visitEveryTileCenter": false,
      "visitEveryNodeCenter": false
    },
    {
      "motionMode": 0,
      "startPosition": {
        "row": 1,
        "col": 9
      },
      "endPosition": {
        "row": 5,
        "col": 0
      },
      "spawnRandomRange": {
        "x": 0.0,
        "y": 0.0
      },
      "spawnOffset": {
        "x": 0.0,
        "y": 0.0
      },
      "checkpoints": [
        {
          "type": 0,
          "time": 0.0,
          "position": {
            "row": 2,
            "col": 7
          },
          "reachOffset": {
            "x": 0.0,
            "y": 0.0
          },
          "randomizeReachOffset": false,
          "reachDistance": 0.0
        },
        {
          "type": 0,
          "time": 0.0,
          "position": {
            "row": 3,
            "col": 7
          },
          "reachOffset": {
            "x": 0.0,
            "y": 0.0
          },
          "randomizeReachOffset": false,
          "reachDistance": 0.0
        },
        {
          "type": 0,
          "time": 0.0,
          "position": {
            "row": 3,
            "col": 5
          },
          "reachOffset": {
            "x": 0.0,
            "y": 0.0
          },
          "randomizeReachOffset": false,
          "reachDistance": 0.0
        }
      ],
      "allowDiagonalMove": true,
      "visitEveryTileCenter": false,
      "visitEveryNodeCenter": false
    },
    {
      "motionMode": 0,
      "startPosition": {
        "row": 4,
        "col": 6
      },
      "endPosition": {
        "row": 1,
        "col": 0
      },
      "spawnRandomRange": {
        "x": 0.0,
        "y": 0.0
      },
      "spawnOffset": {
        "x": 0.0,
        "y": 0.0
      },
      "checkpoints": [
        {
          "type": 0,
          "time": 0.0,
          "position": {
            "row": 3,
            "col": 6
          },
          "reachOffset": {
            "x": -0.02,
            "y": -0.35
          },
          "randomizeReachOffset": false,
          "reachDistance": 0.0
        },
        {
          "type": 1,
          "time": 3.0,
          "position": {
            "row": 0,
            "col": 0
          },
          "reachOffset": {
            "x": 0.0,
            "y": 0.0
          },
          "randomizeReachOffset": false,
          "reachDistance": 0.0
        },
        {
          "type": 0,
          "time": 0.0,
          "position": {
            "row": 3,
            "col": 5
          },
          "reachOffset": {
            "x": 0.0,
            "y": 0.0
          },
          "randomizeReachOffset": false,
          "reachDistance": 0.0
        }
      ],
      "allowDiagonalMove": true,
      "visitEveryTileCenter": false,
      "visitEveryNodeCenter": false
    },
    {
      "motionMode": 0,
      "startPosition": {
        "row": 4,
        "col": 6
      },
      "endPosition": {
        "row": 5,
        "col": 0
      },
      "spawnRandomRange": {
        "x": 0.0,
        "y": 0.0
      },
      "spawnOffset": {
        "x": 0.0,
        "y": 0.0
      },
      "checkpoints": [
        {
          "type": 0,
          "time": 0.0,
          "position": {
            "row": 3,
            "col": 7
          },
          "reachOffset": {
            "x": -0.45,
            "y": 0.03
          },
          "randomizeReachOffset": false,
          "reachDistance": 0.0
        },
        {
          "type": 1,
          "time": 3.0,
          "position": {
            "row": 0,
            "col": 0
          },
          "reachOffset": {
            "x": 0.0,
            "y": 0.0
          },
          "randomizeReachOffset": false,
          "reachDistance": 0.0
        },
        {
          "type": 0,
          "time": 0.0,
          "position": {
            "row": 3,
            "col": 5
          },
          "reachOffset": {
            "x": 0.0,
            "y": 0.0
          },
          "randomizeReachOffset": false,
          "reachDistance": 0.0
        }
      ],
      "allowDiagonalMove": true,
      "visitEveryTileCenter": false,
      "visitEveryNodeCenter": false
    },
    {
      "motionMode": 0,
      "startPosition": {
        "row": 5,
        "col": 9
      },
      "endPosition": {
        "row": 1,
        "col": 0
      },
      "spawnRandomRange": {
        "x": 0.0,
        "y": 0.0
      },
      "spawnOffset": {
        "x": 0.0,
        "y": 0.0
      },
      "checkpoints": [
        {
          "type": 0,
          "time": 0.0,
          "position": {
            "row": 3,
            "col": 6
          },
          "reachOffset": {
            "x": 0.0,
            "y": 0.0
          },
          "randomizeReachOffset": false,
          "reachDistance": 0.0
        },
        {
          "type": 0,
          "time": 0.0,
          "position": {
            "row": 3,
            "col": 4
          },
          "reachOffset": {
            "x": 0.0,
            "y": 0.0
          },
          "randomizeReachOffset": false,
          "reachDistance": 0.0
        }
      ],
      "allowDiagonalMove": true,
      "visitEveryTileCenter": false,
      "visitEveryNodeCenter": false
    },
    {
      "motionMode": 0,
      "startPosition": {
        "row": 1,
        "col": 9
      },
      "endPosition": {
        "row": 5,
        "col": 0
      },
      "spawnRandomRange": {
        "x": 0.0,
        "y": 0.0
      },
      "spawnOffset": {
        "x": 0.0,
        "y": 0.1
      },
      "checkpoints": [
        {
          "type": 0,
          "time": 0.0,
          "position": {
            "row": 1,
            "col": 7
          },
          "reachOffset": {
            "x": 0.12,
            "y": 0.37
          },
          "randomizeReachOffset": false,
          "reachDistance": 0.0
        },
        {
          "type": 0,
          "time": 0.0,
          "position": {
            "row": 3,
            "col": 6
          },
          "reachOffset": {
            "x": 0.0,
            "y": 0.0
          },
          "randomizeReachOffset": false,
          "reachDistance": 0.0
        }
      ],
      "allowDiagonalMove": true,
      "visitEveryTileCenter": false,
      "visitEveryNodeCenter": false
    }
  ],
  "enemies": [],
  "enemyDbRefs": [
    {
      "useDb": true,
      "id": "enemy_1004_mslime",
      "level": 0,
      "overwrittenData": null
    },
    {
      "useDb": true,
      "id": "enemy_1007_slime",
      "level": 0,
      "overwrittenData": null
    },
    {
      "useDb": true,
      "id": "enemy_1007_slime_2",
      "level": 0,
      "overwrittenData": null
    },
    {
      "useDb": true,
      "id": "enemy_1005_yokai",
      "level": 0,
      "overwrittenData": null
    },
    {
      "useDb": true,
      "id": "enemy_1033_handax",
      "level": 0,
      "overwrittenData": null
    },
    {
      "useDb": true,
      "id": "enemy_1033_handax_2",
      "level": 0,
      "overwrittenData": null
    }
  ],
  "waves": [
    {
      "preDelay": 0.0,
      "postDelay": 0.0,
      "maxTimeWaitingForNextWave": -1.0,
      "fragments": [
        {
          "preDelay": 0.0,
          "actions": [
            {
              "actionType": 5,
              "managedByScheduler": true,
              "key": "enemy_1004_mslime",
              "count": 1,
              "preDelay": 0.0,
              "interval": 1.0,
              "routeIndex": 0,
              "blockFragment": false,
              "autoPreviewRoute": false,
              "isUnharmfulAndAlwaysCountAsKilled": false
            },
            {
              "actionType": 0,
              "managedByScheduler": true,
              "key": "enemy_1004_mslime",
              "count": 1,
              "preDelay": 0.0,
              "interval": 1.0,
              "routeIndex": 1,
              "blockFragment": false,
              "autoPreviewRoute": false,
              "isUnharmfulAndAlwaysCountAsKilled": false
            },
            {
              "actionType": 0,
              "managedByScheduler": true,
              "key": "enemy_1004_mslime",
              "count": 1,
              "preDelay": 0.0,
              "interval": 1.0,
              "routeIndex": 2,
              "blockFragment": false,
              "autoPreviewRoute": false,
              "isUnharmfulAndAlwaysCountAsKilled": false
            },
            {
              "actionType": 0,
              "managedByScheduler": true,
              "key": "enemy_1004_mslime",
              "count": 1,
              "preDelay": 0.0,
              "interval": 1.0,
              "routeIndex": 3,
              "blockFragment": false,
              "autoPreviewRoute": false,
              "isUnharmfulAndAlwaysCountAsKilled": false
            },
            {
              "actionType": 0,
              "managedByScheduler": true,
              "key": "enemy_1004_mslime",
              "count": 1,
              "preDelay": 0.0,
              "interval": 1.0,
              "routeIndex": 4,
              "blockFragment": false,
              "autoPreviewRoute": false,
              "isUnharmfulAndAlwaysCountAsKilled": false
            },
            {
              "actionType": 0,
              "managedByScheduler": true,
              "key": "enemy_1004_mslime",
              "count": 1,
              "preDelay": 0.0,
              "interval": 1.0,
              "routeIndex": 5,
              "blockFragment": false,
              "autoPreviewRoute": false,
              "isUnharmfulAndAlwaysCountAsKilled": false
            },
            {
              "actionType": 0,
              "managedByScheduler": true,
              "key": "enemy_1004_mslime",
              "count": 1,
              "preDelay": 0.0,
              "interval": 1.0,
              "routeIndex": 6,
              "blockFragment": false,
              "autoPreviewRoute": false,
              "isUnharmfulAndAlwaysCountAsKilled": false
            },
            {
              "actionType": 0,
              "managedByScheduler": true,
              "key": "enemy_1007_slime_2",
              "count": 1,
              "preDelay": 10.0,
              "interval": 1.0,
              "routeIndex": 7,
              "blockFragment": false,
              "autoPreviewRoute": true,
              "isUnharmfulAndAlwaysCountAsKilled": false
            },
            {
              "actionType": 0,
              "managedByScheduler": true,
              "key": "enemy_1007_slime_2",
              "count": 1,
              "preDelay": 26.0,
              "interval": 1.0,
              "routeIndex": 8,
              "blockFragment": false,
              "autoPreviewRoute": true,
              "isUnharmfulAndAlwaysCountAsKilled": false
            },
            {
              "actionType": 0,
              "managedByScheduler": true,
              "key": "enemy_1007_slime_2",
              "count": 1,
              "preDelay": 38.0,
              "interval": 1.0,
              "routeIndex": 9,
              "blockFragment": false,
              "autoPreviewRoute": false,
              "isUnharmfulAndAlwaysCountAsKilled": false
            },
            {
              "actionType": 0,
              "managedByScheduler": true,
              "key": "enemy_1007_slime_2",
              "count": 1,
              "preDelay": 42.0,
              "interval": 1.0,
              "routeIndex": 10,
              "blockFragment": false,
              "autoPreviewRoute": false,
              "isUnharmfulAndAlwaysCountAsKilled": false
            },
            {
              "actionType": 0,
              "managedByScheduler": true,
              "key": "enemy_1007_slime_2",
              "count": 1,
              "preDelay": 43.0,
              "interval": 1.0,
              "routeIndex": 11,
              "blockFragment": false,
              "autoPreviewRoute": false,
              "isUnharmfulAndAlwaysCountAsKilled": false
            },
            {
              "actionType": 0,
              "managedByScheduler": true,
              "key": "enemy_1007_slime_2",
              "count": 3,
              "preDelay": 49.0,
              "interval": 1.0,
              "routeIndex": 12,
              "blockFragment": false,
              "autoPreviewRoute": false,
              "isUnharmfulAndAlwaysCountAsKilled": false
            }
          ],
          "name": null
        },
        {
          "preDelay": 5.0,
          "actions": [
            {
              "actionType": 0,
              "managedByScheduler": true,
              "key": "enemy_1007_slime_2",
              "count": 1,
              "preDelay": 5.0,
              "interval": 1.0,
              "routeIndex": 13,
              "blockFragment": false,
              "autoPreviewRoute": true,
              "isUnharmfulAndAlwaysCountAsKilled": false
            },
            {
              "actionType": 0,
              "managedByScheduler": true,
              "key": "enemy_1007_slime_2",
              "count": 2,
              "preDelay": 20.0,
              "interval": 2.0,
              "routeIndex": 14,
              "blockFragment": false,
              "autoPreviewRoute": true,
              "isUnharmfulAndAlwaysCountAsKilled": false
            },
            {
              "actionType": 0,
              "managedByScheduler": true,
              "key": "enemy_1007_slime_2",
              "count": 1,
              "preDelay": 21.0,
              "interval": 1.0,
              "routeIndex": 15,
              "blockFragment": false,
              "autoPreviewRoute": true,
              "isUnharmfulAndAlwaysCountAsKilled": false
            },
            {
              "actionType": 0,
              "managedByScheduler": true,
              "key": "enemy_1007_slime_2",
              "count": 1,
              "preDelay": 31.0,
              "interval": 1.0,
              "routeIndex": 16,
              "blockFragment": false,
              "autoPreviewRoute": false,
              "isUnharmfulAndAlwaysCountAsKilled": false
            },
            {
              "actionType": 0,
              "managedByScheduler": true,
              "key": "enemy_1007_slime_2",
              "count": 1,
              "preDelay": 32.0,
              "interval": 1.0,
              "routeIndex": 17,
              "blockFragment": false,
              "autoPreviewRoute": false,
              "isUnharmfulAndAlwaysCountAsKilled": false
            },
            {
              "actionType": 0,
              "managedByScheduler": true,
              "key": "enemy_1007_slime_2",
              "count": 1,
              "preDelay": 33.0,
              "interval": 1.0,
              "routeIndex": 18,
              "blockFragment": false,
              "autoPreviewRoute": false,
              "isUnharmfulAndAlwaysCountAsKilled": false
            },
            {
              "actionType": 0,
              "managedByScheduler": true,
              "key": "enemy_1004_mslime",
              "count": 1,
              "preDelay": 7.0,
              "interval": 1.0,
              "routeIndex": 19,
              "blockFragment": false,
              "autoPreviewRoute": true,
              "isUnharmfulAndAlwaysCountAsKilled": false
            }
          ],
          "name": null
        },
        {
          "preDelay": 5.0,
          "actions": [
            {
              "actionType": 0,
              "managedByScheduler": true,
              "key": "enemy_1007_slime_2",
              "count": 1,
              "preDelay": 5.0,
              "interval": 1.0,
              "routeIndex": 20,
              "blockFragment": false,
              "autoPreviewRoute": true,
              "isUnharmfulAndAlwaysCountAsKilled": false
            },
            {
              "actionType": 0,
              "managedByScheduler": true,
              "key": "enemy_1007_slime_2",
              "count": 2,
              "preDelay": 6.0,
              "interval": 1.0,
              "routeIndex": 21,
              "blockFragment": false,
              "autoPreviewRoute": false,
              "isUnharmfulAndAlwaysCountAsKilled": false
            },
            {
              "actionType": 0,
              "managedByScheduler": true,
              "key": "enemy_1007_slime_2",
              "count": 2,
              "preDelay": 5.0,
              "interval": 1.0,
              "routeIndex": 22,
              "blockFragment": false,
              "autoPreviewRoute": true,
              "isUnharmfulAndAlwaysCountAsKilled": false
            },
            {
              "actionType": 0,
              "managedByScheduler": true,
              "key": "enemy_1007_slime_2",
              "count": 1,
              "preDelay": 8.0,
              "interval": 1.0,
              "routeIndex": 23,
              "blockFragment": false,
              "autoPreviewRoute": false,
              "isUnharmfulAndAlwaysCountAsKilled": false
            }
          ],
          "name": null
        },
        {
          "preDelay": 2.0,
          "actions": [
            {
              "actionType": 0,
              "managedByScheduler": true,
              "key": "enemy_1004_mslime",
              "count": 1,
              "preDelay": 0.0,
              "interval": 1.0,
              "routeIndex": 24,
              "blockFragment": false,
              "autoPreviewRoute": false,
              "isUnharmfulAndAlwaysCountAsKilled": false
            },
            {
              "actionType": 0,
              "managedByScheduler": true,
              "key": "enemy_1004_mslime",
              "count": 1,
              "preDelay": 0.0,
              "interval": 1.0,
              "routeIndex": 25,
              "blockFragment": false,
              "autoPreviewRoute": false,
              "isUnharmfulAndAlwaysCountAsKilled": false
            },
            {
              "actionType": 0,
              "managedByScheduler": true,
              "key": "enemy_1007_slime_2",
              "count": 5,
              "preDelay": 24.0,
              "interval": 1.0,
              "routeIndex": 26,
              "blockFragment": false,
              "autoPreviewRoute": true,
              "isUnharmfulAndAlwaysCountAsKilled": false
            },
            {
              "actionType": 0,
              "managedByScheduler": true,
              "key": "enemy_1007_slime_2",
              "count": 5,
              "preDelay": 24.0,
              "interval": 1.0,
              "routeIndex": 27,
              "blockFragment": false,
              "autoPreviewRoute": true,
              "isUnharmfulAndAlwaysCountAsKilled": false
            },
            {
              "actionType": 0,
              "managedByScheduler": true,
              "key": "enemy_1007_slime_2",
              "count": 3,
              "preDelay": 32.0,
              "interval": 1.0,
              "routeIndex": 28,
              "blockFragment": false,
              "autoPreviewRoute": true,
              "isUnharmfulAndAlwaysCountAsKilled": false
            },
            {
              "actionType": 0,
              "managedByScheduler": true,
              "key": "enemy_1007_slime_2",
              "count": 3,
              "preDelay": 32.0,
              "interval": 1.0,
              "routeIndex": 29,
              "blockFragment": false,
              "autoPreviewRoute": true,
              "isUnharmfulAndAlwaysCountAsKilled": false
            }
          ],
          "name": null
        },
        {
          "preDelay": 4.0,
          "actions": [
            {
              "actionType": 0,
              "managedByScheduler": true,
              "key": "enemy_1004_mslime",
              "count": 1,
              "preDelay": 3.0,
              "interval": 1.0,
              "routeIndex": 30,
              "blockFragment": false,
              "autoPreviewRoute": false,
              "isUnharmfulAndAlwaysCountAsKilled": false
            },
            {
              "actionType": 0,
              "managedByScheduler": true,
              "key": "enemy_1004_mslime",
              "count": 1,
              "preDelay": 3.0,
              "interval": 1.0,
              "routeIndex": 31,
              "blockFragment": false,
              "autoPreviewRoute": false,
              "isUnharmfulAndAlwaysCountAsKilled": false
            },
            {
              "actionType": 0,
              "managedByScheduler": true,
              "key": "enemy_1004_mslime",
              "count": 1,
              "preDelay": 5.0,
              "interval": 1.0,
              "routeIndex": 32,
              "blockFragment": false,
              "autoPreviewRoute": false,
              "isUnharmfulAndAlwaysCountAsKilled": false
            },
            {
              "actionType": 0,
              "managedByScheduler": true,
              "key": "enemy_1004_mslime",
              "count": 1,
              "preDelay": 5.0,
              "interval": 1.0,
              "routeIndex": 33,
              "blockFragment": false,
              "autoPreviewRoute": false,
              "isUnharmfulAndAlwaysCountAsKilled": false
            }
          ],
          "name": null
        }
      ],
      "name": null
    }
  ],
  "predefines": {
    "characterInsts": [],
    "tokenInsts": [],
    "characterCards": [],
    "tokenCards": []
  },
  "excludeCharIdList": null,
  "randomSeed": 1843603530
}