{
  "options": {
    "characterLimit": 8,
    "maxLifePoint": 3,
    "initialCost": 35,
    "maxCost": 99,
    "costIncreaseTime": 1.0,
    "moveMultiplier": 0.5,
    "steeringEnabled": true,
    "isTrainingLevel": false,
    "functionDisableMask": 0
  },
  "levelId": null,
  "mapId": null,
  "bgmEvent": "normal05",
  "mapData": {
    "map": [
      [
        77,
        78,
        79,
        80,
        81,
        82,
        83,
        84,
        85,
        86,
        87
      ],
      [
        66,
        67,
        68,
        69,
        70,
        71,
        72,
        73,
        74,
        75,
        76
      ],
      [
        55,
        56,
        57,
        58,
        59,
        60,
        61,
        62,
        63,
        64,
        65
      ],
      [
        44,
        45,
        46,
        47,
        48,
        49,
        50,
        51,
        52,
        53,
        54
      ],
      [
        33,
        34,
        35,
        36,
        37,
        38,
        39,
        40,
        41,
        42,
        43
      ],
      [
        22,
        23,
        24,
        25,
        26,
        27,
        28,
        29,
        30,
        31,
        32
      ],
      [
        11,
        12,
        13,
        14,
        15,
        16,
        17,
        18,
        19,
        20,
        21
      ],
      [
        0,
        1,
        2,
        3,
        4,
        5,
        6,
        7,
        8,
        9,
        10
      ]
    ],
    "tiles": [
      {
        "tileKey": "tile_forbidden",
        "heightType": 1,
        "buildableType": 0,
        "passableMask": 2,
        "blackboard": null,
        "effects": null
      },
      {
        "tileKey": "tile_forbidden",
        "heightType": 1,
        "buildableType": 0,
        "passableMask": 2,
        "blackboard": null,
        "effects": null
      },
      {
        "tileKey": "tile_forbidden",
        "heightType": 1,
        "buildableType": 0,
        "passableMask": 2,
        "blackboard": null,
        "effects": null
      },
      {
        "tileKey": "tile_forbidden",
        "heightType": 1,
        "buildableType": 0,
        "passableMask": 2,
        "blackboard": null,
        "effects": null
      },
      {
        "tileKey": "tile_forbidden",
        "heightType": 1,
        "buildableType": 0,
        "passableMask": 2,
        "blackboard": null,
        "effects": null
      },
      {
        "tileKey": "tile_forbidden",
        "heightType": 1,
        "buildableType": 0,
        "passableMask": 2,
        "blackboard": null,
        "effects": null
      },
      {
        "tileKey": "tile_start",
        "heightType": 0,
        "buildableType": 0,
        "passableMask": 3,
        "blackboard": null,
        "effects": null
      },
      {
        "tileKey": "tile_forbidden",
        "heightType": 1,
        "buildableType": 0,
        "passableMask": 2,
        "blackboard": null,
        "effects": null
      },
      {
        "tileKey": "tile_start",
        "heightType": 0,
        "buildableType": 0,
        "passableMask": 3,
        "blackboard": null,
        "effects": null
      },
      {
        "tileKey": "tile_forbidden",
        "heightType": 1,
        "buildableType": 0,
        "passableMask": 2,
        "blackboard": null,
        "effects": null
      },
      {
        "tileKey": "tile_forbidden",
        "heightType": 1,
        "buildableType": 0,
        "passableMask": 2,
        "blackboard": null,
        "effects": null
      },
      {
        "tileKey": "tile_forbidden",
        "heightType": 1,
        "buildableType": 0,
        "passableMask": 2,
        "blackboard": null,
        "effects": null
      },
      {
        "tileKey": "tile_road",
        "heightType": 0,
        "buildableType": 1,
        "passableMask": 3,
        "blackboard": null,
        "effects": null
      },
      {
        "tileKey": "tile_floor",
        "heightType": 0,
        "buildableType": 0,
        "passableMask": 3,
        "blackboard": null,
        "effects": null
      },
      {
        "tileKey": "tile_road",
        "heightType": 0,
        "buildableType": 1,
        "passableMask": 3,
        "blackboard": null,
        "effects": null
      },
      {
        "tileKey": "tile_floor",
        "heightType": 0,
        "buildableType": 0,
        "passableMask": 3,
        "blackboard": null,
        "effects": null
      },
      {
        "tileKey": "tile_floor",
        "heightType": 0,
        "buildableType": 0,
        "passableMask": 3,
        "blackboard": null,
        "effects": null
      },
      {
        "tileKey": "tile_floor",
        "heightType": 0,
        "buildableType": 0,
        "passableMask": 3,
        "blackboard": null,
        "effects": null
      },
      {
        "tileKey": "tile_hole",
        "heightType": 0,
        "buildableType": 0,
        "passableMask": 3,
        "blackboard": null,
        "effects": [
          {
            "key": "map_sand_1010",
            "offset": {
              "x": 0.0,
              "y": 0.0,
              "z": 0.0
            },
            "direction": 1
          }
        ]
      },
      {
        "tileKey": "tile_floor",
        "heightType": 0,
        "buildableType": 0,
        "passableMask": 3,
        "blackboard": null,
        "effects": null
      },
      {
        "tileKey": "tile_road",
        "heightType": 0,
        "buildableType": 1,
        "passableMask": 3,
        "blackboard": null,
        "effects": null
      },
      {
        "tileKey": "tile_forbidden",
        "heightType": 1,
        "buildableType": 0,
        "passableMask": 2,
        "blackboard": null,
        "effects": null
      },
      {
        "tileKey": "tile_forbidden",
        "heightType": 1,
        "buildableType": 0,
        "passableMask": 2,
        "blackboard": null,
        "effects": null
      },
      {
        "tileKey": "tile_floor",
        "heightType": 0,
        "buildableType": 0,
        "passableMask": 3,
        "blackboard": null,
        "effects": null
      },
      {
        "tileKey": "tile_hole",
        "heightType": 0,
        "buildableType": 0,
        "passableMask": 3,
        "blackboard": null,
        "effects": [
          {
            "key": "map_sand_0011",
            "offset": {
              "x": 0.0,
              "y": 0.0,
              "z": 0.0
            },
            "direction": 0
          }
        ]
      },
      {
        "tileKey": "tile_hole",
        "heightType": 0,
        "buildableType": 0,
        "passableMask": 3,
        "blackboard": null,
        "effects": [
          {
            "key": "map_sand_1010",
            "offset": {
              "x": 0.0,
              "y": 0.0,
              "z": 0.0
            },
            "direction": 0
          }
        ]
      },
      {
        "tileKey": "tile_hole",
        "heightType": 0,
        "buildableType": 0,
        "passableMask": 3,
        "blackboard": null,
        "effects": [
          {
            "key": "map_sand_1010",
            "offset": {
              "x": 0.0,
              "y": 0.0,
              "z": 0.0
            },
            "direction": 0
          }
        ]
      },
      {
        "tileKey": "tile_hole",
        "heightType": 0,
        "buildableType": 0,
        "passableMask": 3,
        "blackboard": null,
        "effects": [
          {
            "key": "map_sand_1010",
            "offset": {
              "x": 0.0,
              "y": 0.0,
              "z": 0.0
            },
            "direction": 0
          }
        ]
      },
      {
        "tileKey": "tile_hole",
        "heightType": 0,
        "buildableType": 0,
        "passableMask": 3,
        "blackboard": null,
        "effects": [
          {
            "key": "map_sand_1010",
            "offset": {
              "x": 0.0,
              "y": 0.0,
              "z": 0.0
            },
            "direction": 0
          }
        ]
      },
      {
        "tileKey": "tile_forbidden",
        "heightType": 1,
        "buildableType": 0,
        "passableMask": 2,
        "blackboard": null,
        "effects": null
      },
      {
        "tileKey": "tile_forbidden",
        "heightType": 1,
        "buildableType": 0,
        "passableMask": 2,
        "blackboard": null,
        "effects": null
      },
      {
        "tileKey": "tile_floor",
        "heightType": 0,
        "buildableType": 0,
        "passableMask": 3,
        "blackboard": null,
        "effects": null
      },
      {
        "tileKey": "tile_forbidden",
        "heightType": 1,
        "buildableType": 0,
        "passableMask": 2,
        "blackboard": null,
        "effects": null
      },
      {
        "tileKey": "tile_forbidden",
        "heightType": 1,
        "buildableType": 0,
        "passableMask": 2,
        "blackboard": null,
        "effects": null
      },
      {
        "tileKey": "tile_road",
        "heightType": 0,
        "buildableType": 1,
        "passableMask": 3,
        "blackboard": null,
        "effects": null
      },
      {
        "tileKey": "tile_hole",
        "heightType": 0,
        "buildableType": 0,
        "passableMask": 3,
        "blackboard": null,
        "effects": [
          {
            "key": "map_sand_1010",
            "offset": {
              "x": 0.0,
              "y": 0.0,
              "z": 0.0
            },
            "direction": 1
          }
        ]
      },
      {
        "tileKey": "tile_floor",
        "heightType": 0,
        "buildableType": 0,
        "passableMask": 3,
        "blackboard": null,
        "effects": null
      },
      {
        "tileKey": "tile_road",
        "heightType": 0,
        "buildableType": 1,
        "passableMask": 3,
        "blackboard": null,
        "effects": null
      },
      {
        "tileKey": "tile_floor",
        "heightType": 0,
        "buildableType": 0,
        "passableMask": 3,
        "blackboard": null,
        "effects": null
      },
      {
        "tileKey": "tile_start",
        "heightType": 0,
        "buildableType": 0,
        "passableMask": 3,
        "blackboard": null,
        "effects": null
      },
      {
        "tileKey": "tile_forbidden",
        "heightType": 1,
        "buildableType": 0,
        "passableMask": 2,
        "blackboard": null,
        "effects": null
      },
      {
        "tileKey": "tile_forbidden",
        "heightType": 1,
        "buildableType": 0,
        "passableMask": 2,
        "blackboard": null,
        "effects": null
      },
      {
        "tileKey": "tile_floor",
        "heightType": 0,
        "buildableType": 0,
        "passableMask": 3,
        "blackboard": null,
        "effects": null
      },
      {
        "tileKey": "tile_forbidden",
        "heightType": 1,
        "buildableType": 0,
        "passableMask": 2,
        "blackboard": null,
        "effects": null
      },
      {
        "tileKey": "tile_forbidden",
        "heightType": 1,
        "buildableType": 0,
        "passableMask": 2,
        "blackboard": null,
        "effects": null
      },
      {
        "tileKey": "tile_floor",
        "heightType": 0,
        "buildableType": 0,
        "passableMask": 3,
        "blackboard": null,
        "effects": null
      },
      {
        "tileKey": "tile_wall",
        "heightType": 1,
        "buildableType": 2,
        "passableMask": 2,
        "blackboard": null,
        "effects": null
      },
      {
        "tileKey": "tile_road",
        "heightType": 0,
        "buildableType": 1,
        "passableMask": 3,
        "blackboard": null,
        "effects": null
      },
      {
        "tileKey": "tile_hole",
        "heightType": 0,
        "buildableType": 0,
        "passableMask": 3,
        "blackboard": null,
        "effects": [
          {
            "key": "map_sand_1011",
            "offset": {
              "x": 0.0,
              "y": 0.0,
              "z": 0.0
            },
            "direction": 0
          }
        ]
      },
      {
        "tileKey": "tile_wall",
        "heightType": 1,
        "buildableType": 2,
        "passableMask": 2,
        "blackboard": null,
        "effects": null
      },
      {
        "tileKey": "tile_hole",
        "heightType": 0,
        "buildableType": 0,
        "passableMask": 3,
        "blackboard": null,
        "effects": [
          {
            "key": "map_sand_1010",
            "offset": {
              "x": 0.0,
              "y": 0.0,
              "z": 0.0
            },
            "direction": 0
          }
        ]
      },
      {
        "tileKey": "tile_forbidden",
        "heightType": 1,
        "buildableType": 0,
        "passableMask": 2,
        "blackboard": null,
        "effects": null
      },
      {
        "tileKey": "tile_forbidden",
        "heightType": 1,
        "buildableType": 0,
        "passableMask": 2,
        "blackboard": null,
        "effects": null
      },
      {
        "tileKey": "tile_road",
        "heightType": 0,
        "buildableType": 1,
        "passableMask": 3,
        "blackboard": null,
        "effects": null
      },
      {
        "tileKey": "tile_forbidden",
        "heightType": 1,
        "buildableType": 0,
        "passableMask": 2,
        "blackboard": null,
        "effects": null
      },
      {
        "tileKey": "tile_forbidden",
        "heightType": 1,
        "buildableType": 0,
        "passableMask": 2,
        "blackboard": null,
        "effects": null
      },
      {
        "tileKey": "tile_road",
        "heightType": 0,
        "buildableType": 1,
        "passableMask": 3,
        "blackboard": null,
        "effects": null
      },
      {
        "tileKey": "tile_hole",
        "heightType": 0,
        "buildableType": 0,
        "passableMask": 3,
        "blackboard": null,
        "effects": [
          {
            "key": "map_sand_1010",
            "offset": {
              "x": 0.0,
              "y": 0.0,
              "z": 0.0
            },
            "direction": 1
          }
        ]
      },
      {
        "tileKey": "tile_floor",
        "heightType": 0,
        "buildableType": 0,
        "passableMask": 3,
        "blackboard": null,
        "effects": null
      },
      {
        "tileKey": "tile_road",
        "heightType": 0,
        "buildableType": 1,
        "passableMask": 3,
        "blackboard": null,
        "effects": null
      },
      {
        "tileKey": "tile_floor",
        "heightType": 0,
        "buildableType": 0,
        "passableMask": 3,
        "blackboard": null,
        "effects": null
      },
      {
        "tileKey": "tile_road",
        "heightType": 0,
        "buildableType": 1,
        "passableMask": 3,
        "blackboard": null,
        "effects": null
      },
      {
        "tileKey": "tile_floor",
        "heightType": 0,
        "buildableType": 0,
        "passableMask": 3,
        "blackboard": null,
        "effects": null
      },
      {
        "tileKey": "tile_wall",
        "heightType": 1,
        "buildableType": 2,
        "passableMask": 2,
        "blackboard": null,
        "effects": null
      },
      {
        "tileKey": "tile_floor",
        "heightType": 0,
        "buildableType": 0,
        "passableMask": 3,
        "blackboard": null,
        "effects": null
      },
      {
        "tileKey": "tile_forbidden",
        "heightType": 1,
        "buildableType": 0,
        "passableMask": 2,
        "blackboard": null,
        "effects": null
      },
      {
        "tileKey": "tile_forbidden",
        "heightType": 1,
        "buildableType": 0,
        "passableMask": 2,
        "blackboard": null,
        "effects": null
      },
      {
        "tileKey": "tile_floor",
        "heightType": 0,
        "buildableType": 0,
        "passableMask": 3,
        "blackboard": null,
        "effects": null
      },
      {
        "tileKey": "tile_hole",
        "heightType": 0,
        "buildableType": 0,
        "passableMask": 3,
        "blackboard": null,
        "effects": [
          {
            "key": "map_sand_1010",
            "offset": {
              "x": 0.0,
              "y": 0.0,
              "z": 0.0
            },
            "direction": 1
          }
        ]
      },
      {
        "tileKey": "tile_floor",
        "heightType": 0,
        "buildableType": 0,
        "passableMask": 3,
        "blackboard": null,
        "effects": null
      },
      {
        "tileKey": "tile_road",
        "heightType": 0,
        "buildableType": 1,
        "passableMask": 2,
        "blackboard": null,
        "effects": null
      },
      {
        "tileKey": "tile_hole",
        "heightType": 0,
        "buildableType": 0,
        "passableMask": 3,
        "blackboard": null,
        "effects": [
          {
            "key": "map_sand_0011",
            "offset": {
              "x": 0.0,
              "y": 0.0,
              "z": 0.0
            },
            "direction": 0
          }
        ]
      },
      {
        "tileKey": "tile_hole",
        "heightType": 0,
        "buildableType": 0,
        "passableMask": 3,
        "blackboard": null,
        "effects": [
          {
            "key": "map_sand_0011",
            "offset": {
              "x": 0.0,
              "y": 0.0,
              "z": 0.0
            },
            "direction": 3
          }
        ]
      },
      {
        "tileKey": "tile_road",
        "heightType": 0,
        "buildableType": 1,
        "passableMask": 3,
        "blackboard": null,
        "effects": null
      },
      {
        "tileKey": "tile_floor",
        "heightType": 0,
        "buildableType": 0,
        "passableMask": 3,
        "blackboard": null,
        "effects": null
      },
      {
        "tileKey": "tile_floor",
        "heightType": 0,
        "buildableType": 0,
        "passableMask": 3,
        "blackboard": null,
        "effects": null
      },
      {
        "tileKey": "tile_forbidden",
        "heightType": 1,
        "buildableType": 0,
        "passableMask": 2,
        "blackboard": null,
        "effects": null
      },
      {
        "tileKey": "tile_forbidden",
        "heightType": 1,
        "buildableType": 0,
        "passableMask": 2,
        "blackboard": null,
        "effects": null
      },
      {
        "tileKey": "tile_end",
        "heightType": 0,
        "buildableType": 0,
        "passableMask": 3,
        "blackboard": null,
        "effects": null
      },
      {
        "tileKey": "tile_forbidden",
        "heightType": 1,
        "buildableType": 0,
        "passableMask": 2,
        "blackboard": null,
        "effects": null
      },
      {
        "tileKey": "tile_end",
        "heightType": 0,
        "buildableType": 0,
        "passableMask": 3,
        "blackboard": null,
        "effects": null
      },
      {
        "tileKey": "tile_forbidden",
        "heightType": 1,
        "buildableType": 0,
        "passableMask": 2,
        "blackboard": null,
        "effects": null
      },
      {
        "tileKey": "tile_forbidden",
        "heightType": 1,
        "buildableType": 0,
        "passableMask": 2,
        "blackboard": null,
        "effects": null
      },
      {
        "tileKey": "tile_forbidden",
        "heightType": 1,
        "buildableType": 0,
        "passableMask": 2,
        "blackboard": null,
        "effects": null
      },
      {
        "tileKey": "tile_forbidden",
        "heightType": 1,
        "buildableType": 0,
        "passableMask": 2,
        "blackboard": null,
        "effects": null
      },
      {
        "tileKey": "tile_forbidden",
        "heightType": 1,
        "buildableType": 0,
        "passableMask": 2,
        "blackboard": null,
        "effects": null
      },
      {
        "tileKey": "tile_forbidden",
        "heightType": 1,
        "buildableType": 0,
        "passableMask": 2,
        "blackboard": null,
        "effects": null
      },
      {
        "tileKey": "tile_forbidden",
        "heightType": 1,
        "buildableType": 0,
        "passableMask": 2,
        "blackboard": null,
        "effects": null
      }
    ],
    "blockEdges": null,
    "effects": null,
    "width": 11,
    "height": 8
  },
  "tilesDisallowToLocate": [],
  "runes": null,
  "globalBuffs": null,
  "routes": [
    {
      "motionMode": 0,
      "startPosition": {
        "row": 0,
        "col": 6
      },
      "endPosition": {
        "row": 7,
        "col": 1
      },
      "spawnRandomRange": {
        "x": 0.0,
        "y": 0.0
      },
      "spawnOffset": {
        "x": 0.0,
        "y": 0.0
      },
      "checkpoints": [],
      "allowDiagonalMove": true,
      "visitEveryTileCenter": false,
      "visitEveryNodeCenter": false
    },
    {
      "motionMode": 0,
      "startPosition": {
        "row": 0,
        "col": 6
      },
      "endPosition": {
        "row": 7,
        "col": 1
      },
      "spawnRandomRange": {
        "x": 0.0,
        "y": 0.0
      },
      "spawnOffset": {
        "x": 0.0,
        "y": 0.0
      },
      "checkpoints": [],
      "allowDiagonalMove": true,
      "visitEveryTileCenter": false,
      "visitEveryNodeCenter": false
    },
    {
      "motionMode": 0,
      "startPosition": {
        "row": 0,
        "col": 6
      },
      "endPosition": {
        "row": 7,
        "col": 1
      },
      "spawnRandomRange": {
        "x": 0.0,
        "y": 0.0
      },
      "spawnOffset": {
        "x": 0.0,
        "y": 0.0
      },
      "checkpoints": [],
      "allowDiagonalMove": true,
      "visitEveryTileCenter": false,
      "visitEveryNodeCenter": false
    },
    {
      "motionMode": 0,
      "startPosition": {
        "row": 0,
        "col": 6
      },
      "endPosition": {
        "row": 7,
        "col": 1
      },
      "spawnRandomRange": {
        "x": 0.0,
        "y": 0.0
      },
      "spawnOffset": {
        "x": 0.0,
        "y": 0.0
      },
      "checkpoints": [],
      "allowDiagonalMove": true,
      "visitEveryTileCenter": false,
      "visitEveryNodeCenter": false
    },
    {
      "motionMode": 0,
      "startPosition": {
        "row": 0,
        "col": 8
      },
      "endPosition": {
        "row": 7,
        "col": 3
      },
      "spawnRandomRange": {
        "x": 0.0,
        "y": 0.0
      },
      "spawnOffset": {
        "x": 0.0,
        "y": 0.0
      },
      "checkpoints": [],
      "allowDiagonalMove": true,
      "visitEveryTileCenter": false,
      "visitEveryNodeCenter": false
    },
    {
      "motionMode": 0,
      "startPosition": {
        "row": 0,
        "col": 8
      },
      "endPosition": {
        "row": 7,
        "col": 3
      },
      "spawnRandomRange": {
        "x": 0.0,
        "y": 0.0
      },
      "spawnOffset": {
        "x": 0.0,
        "y": 0.0
      },
      "checkpoints": [],
      "allowDiagonalMove": true,
      "visitEveryTileCenter": false,
      "visitEveryNodeCenter": false
    },
    {
      "motionMode": 0,
      "startPosition": {
        "row": 0,
        "col": 8
      },
      "endPosition": {
        "row": 7,
        "col": 3
      },
      "spawnRandomRange": {
        "x": 0.0,
        "y": 0.0
      },
      "spawnOffset": {
        "x": 0.0,
        "y": 0.0
      },
      "checkpoints": [],
      "allowDiagonalMove": true,
      "visitEveryTileCenter": false,
      "visitEveryNodeCenter": false
    },
    {
      "motionMode": 0,
      "startPosition": {
        "row": 0,
        "col": 6
      },
      "endPosition": {
        "row": 7,
        "col": 1
      },
      "spawnRandomRange": {
        "x": 0.0,
        "y": 0.0
      },
      "spawnOffset": {
        "x": 0.0,
        "y": 0.0
      },
      "checkpoints": [],
      "allowDiagonalMove": true,
      "visitEveryTileCenter": false,
      "visitEveryNodeCenter": false
    },
    {
      "motionMode": 0,
      "startPosition": {
        "row": 0,
        "col": 6
      },
      "endPosition": {
        "row": 7,
        "col": 1
      },
      "spawnRandomRange": {
        "x": 0.0,
        "y": 0.0
      },
      "spawnOffset": {
        "x": 0.0,
        "y": 0.0
      },
      "checkpoints": [],
      "allowDiagonalMove": true,
      "visitEveryTileCenter": false,
      "visitEveryNodeCenter": false
    },
    {
      "motionMode": 0,
      "startPosition": {
        "row": 0,
        "col": 6
      },
      "endPosition": {
        "row": 7,
        "col": 1
      },
      "spawnRandomRange": {
        "x": 0.0,
        "y": 0.0
      },
      "spawnOffset": {
        "x": 0.0,
        "y": 0.0
      },
      "checkpoints": [],
      "allowDiagonalMove": true,
      "visitEveryTileCenter": false,
      "visitEveryNodeCenter": false
    },
    {
      "motionMode": 0,
      "startPosition": {
        "row": 0,
        "col": 6
      },
      "endPosition": {
        "row": 7,
        "col": 1
      },
      "spawnRandomRange": {
        "x": 0.0,
        "y": 0.0
      },
      "spawnOffset": {
        "x": 0.0,
        "y": 0.0
      },
      "checkpoints": [],
      "allowDiagonalMove": true,
      "visitEveryTileCenter": false,
      "visitEveryNodeCenter": false
    },
    {
      "motionMode": 0,
      "startPosition": {
        "row": 0,
        "col": 8
      },
      "endPosition": {
        "row": 7,
        "col": 3
      },
      "spawnRandomRange": {
        "x": 0.0,
        "y": 0.0
      },
      "spawnOffset": {
        "x": 0.0,
        "y": 0.0
      },
      "checkpoints": [],
      "allowDiagonalMove": true,
      "visitEveryTileCenter": false,
      "visitEveryNodeCenter": false
    },
    {
      "motionMode": 0,
      "startPosition": {
        "row": 0,
        "col": 8
      },
      "endPosition": {
        "row": 7,
        "col": 3
      },
      "spawnRandomRange": {
        "x": 0.0,
        "y": 0.0
      },
      "spawnOffset": {
        "x": 0.0,
        "y": 0.0
      },
      "checkpoints": [],
      "allowDiagonalMove": true,
      "visitEveryTileCenter": false,
      "visitEveryNodeCenter": false
    },
    null,
    {
      "motionMode": 0,
      "startPosition": {
        "row": 0,
        "col": 8
      },
      "endPosition": {
        "row": 7,
        "col": 3
      },
      "spawnRandomRange": {
        "x": 0.0,
        "y": 0.0
      },
      "spawnOffset": {
        "x": 0.0,
        "y": 0.0
      },
      "checkpoints": [],
      "allowDiagonalMove": true,
      "visitEveryTileCenter": false,
      "visitEveryNodeCenter": false
    },
    {
      "motionMode": 0,
      "startPosition": {
        "row": 0,
        "col": 8
      },
      "endPosition": {
        "row": 7,
        "col": 3
      },
      "spawnRandomRange": {
        "x": 0.0,
        "y": 0.0
      },
      "spawnOffset": {
        "x": 0.0,
        "y": 0.0
      },
      "checkpoints": [],
      "allowDiagonalMove": true,
      "visitEveryTileCenter": false,
      "visitEveryNodeCenter": false
    },
    {
      "motionMode": 0,
      "startPosition": {
        "row": 0,
        "col": 8
      },
      "endPosition": {
        "row": 7,
        "col": 3
      },
      "spawnRandomRange": {
        "x": 0.0,
        "y": 0.0
      },
      "spawnOffset": {
        "x": 0.0,
        "y": 0.0
      },
      "checkpoints": [],
      "allowDiagonalMove": true,
      "visitEveryTileCenter": false,
      "visitEveryNodeCenter": false
    },
    {
      "motionMode": 0,
      "startPosition": {
        "row": 3,
        "col": 6
      },
      "endPosition": {
        "row": 7,
        "col": 3
      },
      "spawnRandomRange": {
        "x": 0.0,
        "y": 0.0
      },
      "spawnOffset": {
        "x": 0.0,
        "y": 0.0
      },
      "checkpoints": [],
      "allowDiagonalMove": true,
      "visitEveryTileCenter": false,
      "visitEveryNodeCenter": false
    },
    null,
    {
      "motionMode": 0,
      "startPosition": {
        "row": 3,
        "col": 6
      },
      "endPosition": {
        "row": 7,
        "col": 3
      },
      "spawnRandomRange": {
        "x": 0.0,
        "y": 0.0
      },
      "spawnOffset": {
        "x": 0.0,
        "y": 0.0
      },
      "checkpoints": [],
      "allowDiagonalMove": true,
      "visitEveryTileCenter": false,
      "visitEveryNodeCenter": false
    },
    {
      "motionMode": 0,
      "startPosition": {
        "row": 0,
        "col": 6
      },
      "endPosition": {
        "row": 7,
        "col": 1
      },
      "spawnRandomRange": {
        "x": 0.0,
        "y": 0.0
      },
      "spawnOffset": {
        "x": 0.0,
        "y": 0.0
      },
      "checkpoints": [],
      "allowDiagonalMove": true,
      "visitEveryTileCenter": false,
      "visitEveryNodeCenter": false
    },
    {
      "motionMode": 0,
      "startPosition": {
        "row": 0,
        "col": 6
      },
      "endPosition": {
        "row": 7,
        "col": 1
      },
      "spawnRandomRange": {
        "x": 0.0,
        "y": 0.0
      },
      "spawnOffset": {
        "x": 0.0,
        "y": 0.0
      },
      "checkpoints": [],
      "allowDiagonalMove": true,
      "visitEveryTileCenter": false,
      "visitEveryNodeCenter": false
    },
    {
      "motionMode": 0,
      "startPosition": {
        "row": 0,
        "col": 6
      },
      "endPosition": {
        "row": 7,
        "col": 1
      },
      "spawnRandomRange": {
        "x": 0.0,
        "y": 0.0
      },
      "spawnOffset": {
        "x": 0.0,
        "y": 0.0
      },
      "checkpoints": [],
      "allowDiagonalMove": true,
      "visitEveryTileCenter": false,
      "visitEveryNodeCenter": false
    },
    {
      "motionMode": 0,
      "startPosition": {
        "row": 0,
        "col": 6
      },
      "endPosition": {
        "row": 7,
        "col": 1
      },
      "spawnRandomRange": {
        "x": 0.0,
        "y": 0.0
      },
      "spawnOffset": {
        "x": 0.0,
        "y": 0.0
      },
      "checkpoints": [],
      "allowDiagonalMove": true,
      "visitEveryTileCenter": false,
      "visitEveryNodeCenter": false
    },
    {
      "motionMode": 0,
      "startPosition": {
        "row": 0,
        "col": 8
      },
      "endPosition": {
        "row": 7,
        "col": 3
      },
      "spawnRandomRange": {
        "x": 0.0,
        "y": 0.0
      },
      "spawnOffset": {
        "x": 0.0,
        "y": 0.0
      },
      "checkpoints": [],
      "allowDiagonalMove": true,
      "visitEveryTileCenter": false,
      "visitEveryNodeCenter": false
    },
    {
      "motionMode": 0,
      "startPosition": {
        "row": 0,
        "col": 8
      },
      "endPosition": {
        "row": 7,
        "col": 3
      },
      "spawnRandomRange": {
        "x": 0.0,
        "y": 0.0
      },
      "spawnOffset": {
        "x": 0.0,
        "y": 0.0
      },
      "checkpoints": [],
      "allowDiagonalMove": true,
      "visitEveryTileCenter": false,
      "visitEveryNodeCenter": false
    },
    null,
    {
      "motionMode": 0,
      "startPosition": {
        "row": 0,
        "col": 6
      },
      "endPosition": {
        "row": 7,
        "col": 1
      },
      "spawnRandomRange": {
        "x": 0.0,
        "y": 0.0
      },
      "spawnOffset": {
        "x": 0.0,
        "y": 0.0
      },
      "checkpoints": [],
      "allowDiagonalMove": true,
      "visitEveryTileCenter": false,
      "visitEveryNodeCenter": false
    },
    {
      "motionMode": 0,
      "startPosition": {
        "row": 0,
        "col": 6
      },
      "endPosition": {
        "row": 7,
        "col": 1
      },
      "spawnRandomRange": {
        "x": 0.0,
        "y": 0.0
      },
      "spawnOffset": {
        "x": 0.0,
        "y": 0.0
      },
      "checkpoints": [],
      "allowDiagonalMove": true,
      "visitEveryTileCenter": false,
      "visitEveryNodeCenter": false
    },
    {
      "motionMode": 0,
      "startPosition": {
        "row": 0,
        "col": 6
      },
      "endPosition": {
        "row": 7,
        "col": 1
      },
      "spawnRandomRange": {
        "x": 0.0,
        "y": 0.0
      },
      "spawnOffset": {
        "x": 0.0,
        "y": 0.0
      },
      "checkpoints": [],
      "allowDiagonalMove": true,
      "visitEveryTileCenter": false,
      "visitEveryNodeCenter": false
    },
    {
      "motionMode": 0,
      "startPosition": {
        "row": 3,
        "col": 6
      },
      "endPosition": {
        "row": 7,
        "col": 3
      },
      "spawnRandomRange": {
        "x": 0.0,
        "y": 0.0
      },
      "spawnOffset": {
        "x": 0.0,
        "y": 0.0
      },
      "checkpoints": [],
      "allowDiagonalMove": true,
      "visitEveryTileCenter": false,
      "visitEveryNodeCenter": false
    },
    {
      "motionMode": 0,
      "startPosition": {
        "row": 3,
        "col": 6
      },
      "endPosition": {
        "row": 7,
        "col": 3
      },
      "spawnRandomRange": {
        "x": 0.0,
        "y": 0.0
      },
      "spawnOffset": {
        "x": 0.0,
        "y": 0.0
      },
      "checkpoints": [],
      "allowDiagonalMove": true,
      "visitEveryTileCenter": false,
      "visitEveryNodeCenter": false
    },
    {
      "motionMode": 0,
      "startPosition": {
        "row": 0,
        "col": 8
      },
      "endPosition": {
        "row": 7,
        "col": 3
      },
      "spawnRandomRange": {
        "x": 0.0,
        "y": 0.0
      },
      "spawnOffset": {
        "x": 0.0,
        "y": 0.0
      },
      "checkpoints": [],
      "allowDiagonalMove": true,
      "visitEveryTileCenter": false,
      "visitEveryNodeCenter": false
    },
    {
      "motionMode": 0,
      "startPosition": {
        "row": 0,
        "col": 8
      },
      "endPosition": {
        "row": 7,
        "col": 3
      },
      "spawnRandomRange": {
        "x": 0.0,
        "y": 0.0
      },
      "spawnOffset": {
        "x": 0.0,
        "y": 0.0
      },
      "checkpoints": [],
      "allowDiagonalMove": true,
      "visitEveryTileCenter": false,
      "visitEveryNodeCenter": false
    },
    {
      "motionMode": 0,
      "startPosition": {
        "row": 0,
        "col": 8
      },
      "endPosition": {
        "row": 7,
        "col": 3
      },
      "spawnRandomRange": {
        "x": 0.0,
        "y": 0.0
      },
      "spawnOffset": {
        "x": 0.0,
        "y": 0.0
      },
      "checkpoints": [],
      "allowDiagonalMove": true,
      "visitEveryTileCenter": false,
      "visitEveryNodeCenter": false
    },
    {
      "motionMode": 0,
      "startPosition": {
        "row": 0,
        "col": 8
      },
      "endPosition": {
        "row": 7,
        "col": 3
      },
      "spawnRandomRange": {
        "x": 0.0,
        "y": 0.0
      },
      "spawnOffset": {
        "x": 0.0,
        "y": 0.0
      },
      "checkpoints": [],
      "allowDiagonalMove": true,
      "visitEveryTileCenter": false,
      "visitEveryNodeCenter": false
    }
  ],
  "enemies": [],
  "enemyDbRefs": [
    {
      "useDb": true,
      "id": "enemy_1000_gopro_3",
      "level": 0,
      "overwrittenData": null
    },
    {
      "useDb": true,
      "id": "enemy_1009_lurker",
      "level": 1,
      "overwrittenData": null
    },
    {
      "useDb": true,
      "id": "enemy_1023_jmage_2",
      "level": 0,
      "overwrittenData": null
    },
    {
      "useDb": true,
      "id": "enemy_1019_jshoot_2",
      "level": 0,
      "overwrittenData": null
    },
    {
      "useDb": true,
      "id": "enemy_1033_handax_2",
      "level": 0,
      "overwrittenData": null
    },
    {
      "useDb": true,
      "id": "enemy_1029_shdsbr_2",
      "level": 0,
      "overwrittenData": null
    },
    {
      "useDb": true,
      "id": "enemy_1014_rogue_2",
      "level": 0,
      "overwrittenData": null
    }
  ],
  "waves": [
    {
      "preDelay": 0.0,
      "postDelay": 0.0,
      "maxTimeWaitingForNextWave": -1.0,
      "fragments": [
        {
          "preDelay": 0.0,
          "actions": [
            {
              "actionType": 0,
              "managedByScheduler": true,
              "key": "enemy_1000_gopro_3",
              "count": 1,
              "preDelay": 3.0,
              "interval": 1.0,
              "routeIndex": 0,
              "blockFragment": false,
              "autoPreviewRoute": true,
              "isUnharmfulAndAlwaysCountAsKilled": false
            },
            {
              "actionType": 0,
              "managedByScheduler": true,
              "key": "enemy_1000_gopro_3",
              "count": 1,
              "preDelay": 12.0,
              "interval": 1.0,
              "routeIndex": 1,
              "blockFragment": false,
              "autoPreviewRoute": false,
              "isUnharmfulAndAlwaysCountAsKilled": false
            },
            {
              "actionType": 0,
              "managedByScheduler": true,
              "key": "enemy_1000_gopro_3",
              "count": 1,
              "preDelay": 21.0,
              "interval": 1.0,
              "routeIndex": 2,
              "blockFragment": false,
              "autoPreviewRoute": false,
              "isUnharmfulAndAlwaysCountAsKilled": false
            },
            {
              "actionType": 0,
              "managedByScheduler": true,
              "key": "enemy_1000_gopro_3",
              "count": 2,
              "preDelay": 30.0,
              "interval": 0.5,
              "routeIndex": 3,
              "blockFragment": false,
              "autoPreviewRoute": false,
              "isUnharmfulAndAlwaysCountAsKilled": false
            },
            {
              "actionType": 0,
              "managedByScheduler": true,
              "key": "enemy_1000_gopro_3",
              "count": 1,
              "preDelay": 8.0,
              "interval": 1.0,
              "routeIndex": 4,
              "blockFragment": false,
              "autoPreviewRoute": true,
              "isUnharmfulAndAlwaysCountAsKilled": false
            },
            {
              "actionType": 0,
              "managedByScheduler": true,
              "key": "enemy_1000_gopro_3",
              "count": 1,
              "preDelay": 16.0,
              "interval": 1.0,
              "routeIndex": 5,
              "blockFragment": false,
              "autoPreviewRoute": false,
              "isUnharmfulAndAlwaysCountAsKilled": false
            },
            {
              "actionType": 0,
              "managedByScheduler": true,
              "key": "enemy_1000_gopro_3",
              "count": 2,
              "preDelay": 24.0,
              "interval": 0.5,
              "routeIndex": 6,
              "blockFragment": false,
              "autoPreviewRoute": false,
              "isUnharmfulAndAlwaysCountAsKilled": false
            }
          ],
          "name": null
        },
        {
          "preDelay": 18.0,
          "actions": [
            {
              "actionType": 0,
              "managedByScheduler": true,
              "key": "enemy_1000_gopro_3",
              "count": 1,
              "preDelay": 3.0,
              "interval": 0.5,
              "routeIndex": 7,
              "blockFragment": false,
              "autoPreviewRoute": true,
              "isUnharmfulAndAlwaysCountAsKilled": false
            },
            {
              "actionType": 0,
              "managedByScheduler": true,
              "key": "enemy_1000_gopro_3",
              "count": 2,
              "preDelay": 16.0,
              "interval": 0.5,
              "routeIndex": 8,
              "blockFragment": false,
              "autoPreviewRoute": false,
              "isUnharmfulAndAlwaysCountAsKilled": false
            },
            {
              "actionType": 0,
              "managedByScheduler": true,
              "key": "enemy_1009_lurker",
              "count": 2,
              "preDelay": 25.0,
              "interval": 0.5,
              "routeIndex": 9,
              "blockFragment": false,
              "autoPreviewRoute": false,
              "isUnharmfulAndAlwaysCountAsKilled": false
            },
            {
              "actionType": 0,
              "managedByScheduler": true,
              "key": "enemy_1000_gopro_3",
              "count": 2,
              "preDelay": 40.0,
              "interval": 0.5,
              "routeIndex": 10,
              "blockFragment": false,
              "autoPreviewRoute": false,
              "isUnharmfulAndAlwaysCountAsKilled": false
            },
            {
              "actionType": 0,
              "managedByScheduler": true,
              "key": "enemy_1000_gopro_3",
              "count": 1,
              "preDelay": 3.0,
              "interval": 1.0,
              "routeIndex": 11,
              "blockFragment": false,
              "autoPreviewRoute": true,
              "isUnharmfulAndAlwaysCountAsKilled": false
            },
            {
              "actionType": 0,
              "managedByScheduler": true,
              "key": "enemy_1000_gopro_3",
              "count": 2,
              "preDelay": 14.0,
              "interval": 1.0,
              "routeIndex": 12,
              "blockFragment": false,
              "autoPreviewRoute": false,
              "isUnharmfulAndAlwaysCountAsKilled": false
            },
            {
              "actionType": 5,
              "managedByScheduler": true,
              "key": "enemy_1029_shdsbr_2",
              "count": 1,
              "preDelay": 24.0,
              "interval": 1.0,
              "routeIndex": 13,
              "blockFragment": false,
              "autoPreviewRoute": false,
              "isUnharmfulAndAlwaysCountAsKilled": false
            },
            {
              "actionType": 0,
              "managedByScheduler": true,
              "key": "enemy_1029_shdsbr_2",
              "count": 1,
              "preDelay": 24.0,
              "interval": 1.0,
              "routeIndex": 14,
              "blockFragment": false,
              "autoPreviewRoute": false,
              "isUnharmfulAndAlwaysCountAsKilled": false
            },
            {
              "actionType": 0,
              "managedByScheduler": true,
              "key": "enemy_1029_shdsbr_2",
              "count": 1,
              "preDelay": 32.0,
              "interval": 1.0,
              "routeIndex": 15,
              "blockFragment": false,
              "autoPreviewRoute": false,
              "isUnharmfulAndAlwaysCountAsKilled": false
            },
            {
              "actionType": 0,
              "managedByScheduler": true,
              "key": "enemy_1000_gopro_3",
              "count": 2,
              "preDelay": 38.0,
              "interval": 1.0,
              "routeIndex": 16,
              "blockFragment": false,
              "autoPreviewRoute": false,
              "isUnharmfulAndAlwaysCountAsKilled": false
            },
            {
              "actionType": 0,
              "managedByScheduler": true,
              "key": "enemy_1029_shdsbr_2",
              "count": 2,
              "preDelay": 20.0,
              "interval": 15.0,
              "routeIndex": 17,
              "blockFragment": false,
              "autoPreviewRoute": true,
              "isUnharmfulAndAlwaysCountAsKilled": false
            }
          ],
          "name": null
        },
        {
          "preDelay": 17.0,
          "actions": [
            {
              "actionType": 5,
              "managedByScheduler": true,
              "key": "enemy_1023_jmage_2",
              "count": 3,
              "preDelay": 3.0,
              "interval": 15.0,
              "routeIndex": 18,
              "blockFragment": false,
              "autoPreviewRoute": true,
              "isUnharmfulAndAlwaysCountAsKilled": false
            },
            {
              "actionType": 0,
              "managedByScheduler": true,
              "key": "enemy_1023_jmage_2",
              "count": 3,
              "preDelay": 3.0,
              "interval": 15.0,
              "routeIndex": 19,
              "blockFragment": false,
              "autoPreviewRoute": true,
              "isUnharmfulAndAlwaysCountAsKilled": false
            },
            {
              "actionType": 0,
              "managedByScheduler": true,
              "key": "enemy_1019_jshoot_2",
              "count": 1,
              "preDelay": 5.0,
              "interval": 1.0,
              "routeIndex": 20,
              "blockFragment": false,
              "autoPreviewRoute": true,
              "isUnharmfulAndAlwaysCountAsKilled": false
            },
            {
              "actionType": 0,
              "managedByScheduler": true,
              "key": "enemy_1009_lurker",
              "count": 2,
              "preDelay": 7.0,
              "interval": 1.0,
              "routeIndex": 21,
              "blockFragment": false,
              "autoPreviewRoute": false,
              "isUnharmfulAndAlwaysCountAsKilled": false
            },
            {
              "actionType": 0,
              "managedByScheduler": true,
              "key": "enemy_1019_jshoot_2",
              "count": 1,
              "preDelay": 18.0,
              "interval": 1.0,
              "routeIndex": 22,
              "blockFragment": false,
              "autoPreviewRoute": false,
              "isUnharmfulAndAlwaysCountAsKilled": false
            },
            {
              "actionType": 0,
              "managedByScheduler": true,
              "key": "enemy_1009_lurker",
              "count": 2,
              "preDelay": 20.0,
              "interval": 1.0,
              "routeIndex": 23,
              "blockFragment": false,
              "autoPreviewRoute": false,
              "isUnharmfulAndAlwaysCountAsKilled": false
            },
            {
              "actionType": 0,
              "managedByScheduler": true,
              "key": "enemy_1029_shdsbr_2",
              "count": 3,
              "preDelay": 7.0,
              "interval": 10.0,
              "routeIndex": 24,
              "blockFragment": false,
              "autoPreviewRoute": true,
              "isUnharmfulAndAlwaysCountAsKilled": false
            },
            {
              "actionType": 0,
              "managedByScheduler": true,
              "key": "enemy_1014_rogue_2",
              "count": 3,
              "preDelay": 8.0,
              "interval": 10.0,
              "routeIndex": 25,
              "blockFragment": false,
              "autoPreviewRoute": false,
              "isUnharmfulAndAlwaysCountAsKilled": false
            }
          ],
          "name": null
        },
        {
          "preDelay": 23.0,
          "actions": [
            {
              "actionType": 5,
              "managedByScheduler": true,
              "key": "enemy_1033_handax_2",
              "count": 2,
              "preDelay": 3.0,
              "interval": 36.0,
              "routeIndex": 26,
              "blockFragment": false,
              "autoPreviewRoute": true,
              "isUnharmfulAndAlwaysCountAsKilled": false
            },
            {
              "actionType": 0,
              "managedByScheduler": true,
              "key": "enemy_1033_handax_2",
              "count": 2,
              "preDelay": 3.0,
              "interval": 36.0,
              "routeIndex": 27,
              "blockFragment": false,
              "autoPreviewRoute": true,
              "isUnharmfulAndAlwaysCountAsKilled": false
            },
            {
              "actionType": 0,
              "managedByScheduler": true,
              "key": "enemy_1019_jshoot_2",
              "count": 2,
              "preDelay": 12.0,
              "interval": 20.0,
              "routeIndex": 28,
              "blockFragment": false,
              "autoPreviewRoute": false,
              "isUnharmfulAndAlwaysCountAsKilled": false
            },
            {
              "actionType": 0,
              "managedByScheduler": true,
              "key": "enemy_1009_lurker",
              "count": 2,
              "preDelay": 15.0,
              "interval": 20.0,
              "routeIndex": 29,
              "blockFragment": false,
              "autoPreviewRoute": false,
              "isUnharmfulAndAlwaysCountAsKilled": false
            },
            {
              "actionType": 0,
              "managedByScheduler": true,
              "key": "enemy_1023_jmage_2",
              "count": 3,
              "preDelay": 5.0,
              "interval": 18.0,
              "routeIndex": 30,
              "blockFragment": false,
              "autoPreviewRoute": true,
              "isUnharmfulAndAlwaysCountAsKilled": false
            },
            {
              "actionType": 0,
              "managedByScheduler": true,
              "key": "enemy_1029_shdsbr_2",
              "count": 3,
              "preDelay": 7.0,
              "interval": 18.0,
              "routeIndex": 31,
              "blockFragment": false,
              "autoPreviewRoute": false,
              "isUnharmfulAndAlwaysCountAsKilled": false
            },
            {
              "actionType": 0,
              "managedByScheduler": true,
              "key": "enemy_1033_handax_2",
              "count": 2,
              "preDelay": 3.0,
              "interval": 40.0,
              "routeIndex": 32,
              "blockFragment": false,
              "autoPreviewRoute": true,
              "isUnharmfulAndAlwaysCountAsKilled": false
            },
            {
              "actionType": 0,
              "managedByScheduler": true,
              "key": "enemy_1019_jshoot_2",
              "count": 1,
              "preDelay": 12.0,
              "interval": 1.0,
              "routeIndex": 33,
              "blockFragment": false,
              "autoPreviewRoute": false,
              "isUnharmfulAndAlwaysCountAsKilled": false
            },
            {
              "actionType": 0,
              "managedByScheduler": true,
              "key": "enemy_1029_shdsbr_2",
              "count": 1,
              "preDelay": 19.0,
              "interval": 1.0,
              "routeIndex": 34,
              "blockFragment": false,
              "autoPreviewRoute": false,
              "isUnharmfulAndAlwaysCountAsKilled": false
            },
            {
              "actionType": 0,
              "managedByScheduler": true,
              "key": "enemy_1000_gopro_3",
              "count": 2,
              "preDelay": 29.0,
              "interval": 1.0,
              "routeIndex": 35,
              "blockFragment": false,
              "autoPreviewRoute": false,
              "isUnharmfulAndAlwaysCountAsKilled": false
            }
          ],
          "name": null
        }
      ],
      "name": null
    }
  ],
  "predefines": null,
  "excludeCharIdList": null,
  "randomSeed": 1585598741
}