{
	"char_501_durin": [
		[
			{
				"name": "Shorty's Luck",
				"desc": "Gain 50% magic evasion"
			}
		]
	],
	"char_009_12fce": [
		[
			{
				"name": "Evasion Increase",
				"desc": "Gain 50% physical evasion"
			}
		]
	],
	"char_121_lava": [
		[
			{
				"name": "Rapid Skill Use",
				"desc": "After deployment, immediately gain 15 SP"
			},
			{
				"name": "Rapid Skill Use",
				"desc": "After deployment, immediately gain 20 (+5) SP"
			},
			{
				"name": "Rapid Skill Use",
				"desc": "After deployment, immediately gain 30 SP"
			},
			{
				"name": "Rapid Skill Use",
				"desc": "After deployment, immediately gain 35 (+5) SP"
			}
		]
	],
	"char_210_stward": [
		[
			{
				"name": "Armor Break",
				"desc": "Attack +3%, prioritize attacking the enemy with the highest Defense"
			},
			{
				"name": "Armor Break",
				"desc": "Attack +6%, prioritize attacking the enemy with the highest Defense"
			}
		]
	],
	"char_141_nights": [
		[
			{
				"name": "Black Mist",
				"desc": "Attacks inflict Magic resistance -10% for 1 second"
			},
			{
				"name": "Black Mist",
				"desc": "Attacks inflict Magic resistance -13% (+3%) for 1 second"
			},
			{
				"name": "Black Mist",
				"desc": "Attacks inflict Magic resistance -20% for 1 second"
			},
			{
				"name": "Black Mist",
				"desc": "Attacks inflict Magic resistance -23% (+3%) for 1 second"
			}
		]
	],
	"char_109_fmout": [
		[
			{
				"name": "Divination",
				"desc": "After deployment, randomly gain one of the following effects for the rest of the battle: Attack +7%; Attack speed +7; Max HP +12%"
			},
			{
				"name": "Divination",
				"desc": "After deployment, randomly gain one of the following effects for the rest of the battle: Attack +9% (+2%); Attack speed +9 (+2); Max HP +14% (+2%)"
			},
			{
				"name": "Divination",
				"desc": "After deployment, randomly gain one of the following effects for the rest of the battle: Attack +13%; Attack speed +13; Max HP +20%"
			},
			{
				"name": "Divination",
				"desc": "After deployment, randomly gain one of the following effects for the rest of the battle: Attack +15% (+2%); Attack speed +15 (+2); Max HP +22% (+2%)"
			}
		]
	],
	"char_253_greyy": [
		[
			{
				"name": "Static Field",
				"desc": "Attacks inflict 0.4 seconds of stop effect to enemies"
			},
			{
				"name": "Static Field",
				"desc": "Attacks inflict 0.6 seconds of stop effect to enemies"
			}
		]
	],
	"char_002_amiya": [
		[
			{
				"name": "？？？",
				"desc": "？？？？？"
			},
			{
				"name": "Emotion Absorption",
				"desc": "Additionally recover 2 SP when attacking enemies. Gain 8 SP after killing an enemy"
			},
			{
				"name": "Emotion Absorption",
				"desc": "Additionally recover 3 (+1) SP when attacking enemies. Gain 10 (+2) SP after killing an enemy"
			}
		]
	],
	"char_166_skfire": [
		[
			{
				"name": "Arcane Sniping",
				"desc": "When deployed, all blocked enemies receive +7% magical damage"
			},
			{
				"name": "Arcane Sniping",
				"desc": "When deployed, all blocked enemies receive +10% (+3%) magical damage"
			},
			{
				"name": "Arcane Sniping",
				"desc": "When deployed, all blocked enemies receive +15% magical damage"
			},
			{
				"name": "Arcane Sniping",
				"desc": "When deployed, all blocked enemies receive +18% (+3%) magical damage"
			}
		]
	],
	"char_164_nightm": [
		[
			{
				"name": "Dual Personality",
				"desc": "When equipping Skill 1, obtain 20% physical and magic evasion. When equipping Skill 2, Attack +9%"
			},
			{
				"name": "Dual Personality",
				"desc": "When equipping Skill 1, obtain 25% (+5%) physical and magic evasion. When equipping Skill 2, Attack +12% (+3%)"
			},
			{
				"name": "Dual Personality",
				"desc": "When equipping Skill 1, obtain 40% physical and magic evasion. When equipping Skill 2, Attack +15%"
			},
			{
				"name": "Dual Personality",
				"desc": "When equipping Skill 1, obtain 45% (+5%) physical and magic evasion. When equipping Skill 2, Attack +18% (+3%)"
			}
		]
	],
	"char_134_ifrit": [
		[
			{
				"name": "Mental Dissolution",
				"desc": "All enemies within attack range get Magic resistance -15%"
			},
			{
				"name": "Mental Dissolution",
				"desc": "All enemies within attack range get Magic resistance -19% (+4%)"
			},
			{
				"name": "Mental Dissolution",
				"desc": "All enemies within attack range get Magic resistance -27%"
			},
			{
				"name": "Mental Dissolution",
				"desc": "All enemies within attack range get Magic resistance -31% (+4%)"
			},
			{
				"name": "Mental Dissolution",
				"desc": "All enemies within attack range get Magic resistance -40%"
			},
			{
				"name": "Mental Dissolution",
				"desc": "All enemies within attack range get Magic resistance -44% (+4%)"
			}
		],
		[
			{
				"name": "Rhine Circuitry",
				"desc": "Recover an additional 2 SP every 6 seconds"
			},
			{
				"name": "Rhine Circuitry",
				"desc": "Recover an additional 2 SP every 5.5 (-0.5) seconds"
			}
		]
	],
	"char_180_amgoat": [
		[
			{
				"name": "Inflammation",
				"desc": "When deployed, all ally 【Caster】 operatives gain Attack +7%"
			},
			{
				"name": "Inflammation",
				"desc": "When deployed, all ally 【Caster】 operatives gain Attack +9% (+2%)"
			},
			{
				"name": "Inflammation",
				"desc": "When deployed, all ally 【Caster】 operatives gain Attack +14%"
			},
			{
				"name": "Inflammation",
				"desc": "When deployed, all ally 【Caster】 operatives gain Attack +16% (+2%)"
			}
		],
		[
			{
				"name": "Chaotic Flame",
				"desc": "After deployment, immediately gain a random amount of SP (7-16 SP)"
			},
			{
				"name": "Chaotic Flame",
				"desc": "After deployment, immediately gain a random (higher) amount of SP (10-20 SP)"
			}
		]
	],
	"char_500_noirc": [
		[
			{
				"name": "Armor Enhancement",
				"desc": "Max HP and Defense +12%"
			}
		]
	],
	"char_209_ardign": [
		[
			{
				"name": "Max HP Increase",
				"desc": "Max HP +6%"
			},
			{
				"name": "Max HP Increase",
				"desc": "Max HP +12%"
			}
		]
	],
	"char_122_beagle": [
		[
			{
				"name": "Defense Increase",
				"desc": "Defense +5%"
			},
			{
				"name": "Defense Increase",
				"desc": "Defense +10%"
			}
		]
	],
	"char_284_spot": [
		[
			{
				"name": "Smoke Device",
				"desc": "After healing an ally, grant 10% physical evasion to them for 3 seconds"
			},
			{
				"name": "Smoke Device",
				"desc": "After healing an ally, grant 15% (+5%) physical evasion to them for 3 seconds"
			},
			{
				"name": "Smoke Device",
				"desc": "After healing an ally, grant 20% physical evasion to them for 3 seconds"
			},
			{
				"name": "Smoke Device",
				"desc": "After healing an ally, grant 25% (+5%) physical evasion to them for 3 seconds"
			}
		]
	],
	"char_199_yak": [
		[
			{
				"name": "Snow Plain Defender",
				"desc": "Magic resistance +7"
			},
			{
				"name": "Snow Plain Defender",
				"desc": "Magic resistance +15"
			}
		]
	],
	"char_150_snakek": [
		[
			{
				"name": "Defense Specialization",
				"desc": "Defense +6%"
			},
			{
				"name": "Defense Specialization",
				"desc": "Defense +12%"
			}
		]
	],
	"char_196_sunbr": [
		[
			{
				"name": "Saucepan Specialization",
				"desc": "When attacking, 10% chance to increase Attack to 150% and stun the enemy for 0.5 seconds"
			},
			{
				"name": "Saucepan Specialization",
				"desc": "When attacking, 13% (+3%) chance to increase Attack to 150% and stun the enemy for 0.5 seconds"
			},
			{
				"name": "Saucepan Specialization",
				"desc": "When attacking, 15% chance to increase Attack to 200% and stun the enemy for 1 second"
			},
			{
				"name": "Saucepan Specialization",
				"desc": "When attacking, 18% (+3%) chance to increase Attack to 200% and stun the enemy for 1 second"
			}
		]
	],
	"char_260_durnar": [
		[
			{
				"name": "Offense & Defense",
				"desc": "Attack and Defense +4%"
			},
			{
				"name": "Offense & Defense",
				"desc": "Attack and Defense +7%"
			}
		]
	],
	"char_148_nearl": [
		[
			{
				"name": "Healing Effect Enhancement",
				"desc": "Healing effectiveness +10%"
			},
			{
				"name": "Healing Effect Enhancement",
				"desc": "Healing effectiveness +12% (+2%)"
			},
			{
				"name": "Pegasus Aura",
				"desc": "When deployed, all allies' healing effectiveness +10%"
			},
			{
				"name": "Pegasus Aura",
				"desc": "When deployed, all allies' healing effectiveness +12% (+2%)"
			}
		]
	],
	"char_107_liskam": [
		[
			{
				"name": "Tactical Defense",
				"desc": "When attacked, recover 1 SP to self and a random nearby ally"
			}
		],
		[
			{
				"name": "Lightning Resistance",
				"desc": "Magic resistance +10"
			},
			{
				"name": "Lightning Resistance",
				"desc": "Magic resistance +13 (+3)"
			}
		]
	],
	"char_201_moeshd": [
		[
			{
				"name": "Miracle Field",
				"desc": "Has 10% chance to block physical and magical damage. Allies within the adjacent 4 tiles gain half the effect"
			},
			{
				"name": "Miracle Field",
				"desc": "Has 13% (+3%) chance to block physical and magical damage. Allies within the adjacent 4 tiles gain half the effect"
			},
			{
				"name": "Miracle Field",
				"desc": "Has 20% chance to block physical and magical damage. Allies within the adjacent 4 tiles gain half the effect"
			},
			{
				"name": "Miracle Field",
				"desc": "Has 23% (+3%) chance to block physical and magical damage. Allies within the adjacent 4 tiles gain half the effect"
			}
		]
	],
	"char_163_hpsts": [
		[
			{
				"name": "Self-defense",
				"desc": "While skill is active, recover 4% Max HP every second"
			},
			{
				"name": "Self-defense",
				"desc": "While skill is active, recover 5% (+1%) Max HP every second"
			},
			{
				"name": "Self-defense",
				"desc": "While skill is active, recover 4% Max HP every second and gain 25% melee physical evasion"
			},
			{
				"name": "Self-defense",
				"desc": "While skill is active, recover 5% (+1%) Max HP every second and gain 30% (+5%) melee physical evasion"
			}
		]
	],
	"char_136_hsguma": [
		[
			{
				"name": "Tactical Armor",
				"desc": "Gain 12% physical and magical block"
			},
			{
				"name": "Tactical Armor",
				"desc": "Gain 15% (+3%) physical and magical block"
			},
			{
				"name": "Tactical Armor",
				"desc": "Gain 25% physical and magical block"
			},
			{
				"name": "Tactical Armor",
				"desc": "Gain 28% (+3%) physical and magical block"
			}
		],
		[
			{
				"name": "Special Tactics",
				"desc": "When deployed, all ally 【Defender】 operatives gain Defense +6%"
			},
			{
				"name": "Special Tactics",
				"desc": "When deployed, all ally 【Defender】 operatives gain Defense +8% (+2%)"
			}
		]
	],
	"char_202_demkni": [
		[
			{
				"name": "Rhine Chargeable Armor",
				"desc": "Every 20 seconds after deployment, Attack +2%, Defense +2%, stacks up to 5 layers"
			},
			{
				"name": "Rhine Chargeable Armor",
				"desc": "Every 20 seconds after deployment, Attack +3% (+1%), Defense +3% (+1%), stacks up to 5 layers"
			},
			{
				"name": "Rhine Chargeable Armor",
				"desc": "Every 20 seconds after deployment, Attack +5%, Defense +4%, stacks up to 5 layers"
			},
			{
				"name": "Rhine Chargeable Armor",
				"desc": "Every 20 seconds after deployment, Attack +6% (+1%), Defense +5% (+1%), stacks up to 5 layers"
			}
		],
		[
			{
				"name": "Spiritual Recovery",
				"desc": "When healing an ally, grant 1 SP to the target"
			}
		]
	],
	"char_286_cast3": [
		[
			{
				"name": "Tactical Reorganization·I",
				"desc": "After deployment, all ally 【Melee】 operatives gain Attack and Defense +10% for 10 seconds"
			},
			{
				"name": "Tactical Reorganization·II",
				"desc": "After deployment, all ally 【Melee】 operatives gain Attack and Defense +12% for 12 seconds"
			},
			{
				"name": "Tactical Reorganization·III",
				"desc": "After deployment, all ally 【Melee】 operatives gain Attack and Defense +14% for 14 seconds"
			},
			{
				"name": "Tactical Reorganization·IV",
				"desc": "After deployment, all ally 【Melee】 operatives gain Attack and Defense +16% for 16 seconds"
			},
			{
				"name": "Tactical Reorganization·V",
				"desc": "After deployment, all ally 【Melee】 operatives gain Attack and Defense +18% for 18 seconds"
			},
			{
				"name": "Tactical Reorganization·VI",
				"desc": "After deployment, all ally 【Melee】 operatives gain Attack and Defense +20% for 20 seconds"
			}
		]
	],
	"char_208_melan": [
		[
			{
				"name": "Attack Increase",
				"desc": "Attack +4%"
			},
			{
				"name": "Attack Increase",
				"desc": "Attack +8%"
			}
		]
	],
	"char_281_popka": [
		[
			{
				"name": "Max HP & Attack Increase",
				"desc": "Max HP +3%, Attack +3%"
			},
			{
				"name": "Max HP & Attack Increase",
				"desc": "Max HP +5% (+2%), Attack +5% (+2%)"
			},
			{
				"name": "Max HP & Attack Increase",
				"desc": "Max HP +6%, Attack +6%"
			},
			{
				"name": "Max HP & Attack Increase",
				"desc": "Max HP +8% (+2%), Attack +8% (+2%)"
			}
		]
	],
	"char_283_midn": [
		[
			{
				"name": "Weakpoint Aiming·Beginner",
				"desc": "When attacking, 10% chance to increase Attack to 150%"
			},
			{
				"name": "Weakpoint Aiming·Beginner",
				"desc": "When attacking, 10% chance to increase Attack to 160% (+10%)"
			},
			{
				"name": "Weakpoint Aiming·Beginner",
				"desc": "When attacking, 20% chance to increase Attack to 150%"
			},
			{
				"name": "Weakpoint Aiming·Beginner",
				"desc": "When attacking, 20% chance to increase Attack to 160% (+10%)"
			}
		]
	],
	"char_130_doberm": [
		[
			{
				"name": "Instructor",
				"desc": "All 3* operatives gain Attack +5%"
			},
			{
				"name": "Instructor",
				"desc": "All 3* operatives gain Attack +6% (+1%)"
			},
			{
				"name": "Instructor",
				"desc": "All 3* operatives gain Attack +10%"
			},
			{
				"name": "Instructor",
				"desc": "All 3* operatives gain Attack +11% (+1%)"
			}
		]
	],
	"char_289_gyuki": [
		[
			{
				"name": "Demonic Constitution",
				"desc": "Defense -20%, however Max HP +20%"
			},
			{
				"name": "Demonic Constitution",
				"desc": "Defense -20%, however Max HP +23% (+3%)"
			}
		]
	],
	"char_193_frostl": [
		[
			{
				"name": "Cover Strike",
				"desc": "Increase attack range, however attack interval slightly increases (+0.15 seconds)"
			}
		]
	],
	"char_127_estell": [
		[
			{
				"name": "Self Regeneration",
				"desc": "When an enemy dies within 8 tiles of herself, recover 7% Max HP"
			},
			{
				"name": "Self Regeneration",
				"desc": "When an enemy dies within 8 tiles of herself, recover 9% (+2%) Max HP"
			},
			{
				"name": "Self Regeneration",
				"desc": "When an enemy dies within 8 tiles of herself, recover 12% Max HP"
			},
			{
				"name": "Self Regeneration",
				"desc": "When an enemy dies within 8 tiles of herself, recover 14% (+2%) Max HP"
			}
		]
	],
	"char_185_frncat": [
		[
			{
				"name": "Multistrike",
				"desc": "When attacking, 10% chance to attack twice"
			},
			{
				"name": "Multistrike",
				"desc": "When attacking, 13% (+3%) chance to attack twice"
			},
			{
				"name": "Multistrike",
				"desc": "When attacking, 20% chance to attack twice"
			},
			{
				"name": "Multistrike",
				"desc": "When attacking, 23% (+3%) chance to attack twice"
			}
		]
	],
	"char_137_brownb": [
		[
			{
				"name": "Athletics Focus",
				"desc": "When attacking the same target, every attack increases Attack by 3%, stacking up to 5 layers. Changing targets will reset the effect"
			},
			{
				"name": "Athletics Focus",
				"desc": "When attacking the same target, every attack increases Attack by 4% (+1%), stacking up to 5 layers. Changing targets will reset the effect"
			},
			{
				"name": "Athletics Focus",
				"desc": "When attacking the same target, every attack increases Attack by 5%, stacking up to 5 layers. Changing targets will reset the effect"
			},
			{
				"name": "Athletics Focus",
				"desc": "When attacking the same target, every attack increases Attack by 6% (+1%), stacking up to 5 layers. Changing targets will reset the effect"
			}
		]
	],
	"char_308_swire": [
		[
			{
				"name": "Close-range Combat Guidance",
				"desc": "When deployed, melee operatives in the surrounding 8 tiles gain +3% Attack"
			},
			{
				"name": "Close-range Combat Guidance",
				"desc": "When deployed, melee operatives in the surrounding 8 tiles gain +5% (+2%) Attack"
			},
			{
				"name": "Close-range Combat Guidance",
				"desc": "When deployed, melee operatives in the surrounding 8 tiles gain +6% Attack"
			},
			{
				"name": "Close-range Combat Guidance",
				"desc": "When deployed, melee operatives in the surrounding 8 tiles gain +8% (+2%) Attack"
			},
			{
				"name": "Close-range Combat Guidance",
				"desc": "When deployed, melee operatives in the surrounding 8 tiles gain +10% Attack"
			},
			{
				"name": "Close-range Combat Guidance",
				"desc": "When deployed, melee operatives in the surrounding 8 tiles gain +12% (+2%) Attack"
			}
		]
	],
	"char_106_franka": [
		[
			{
				"name": "Thermite Blade",
				"desc": "When attacking, 10% chance to ignore the target's Defense"
			},
			{
				"name": "Thermite Blade",
				"desc": "When attacking, 20% chance to ignore the target's Defense"
			}
		]
	],
	"char_155_tiger": [
		[
			{
				"name": "Tiger Fist",
				"desc": "Has 15% chance to evade melee physical attacks. After a successful evade, the next attack has +80% Attack power"
			},
			{
				"name": "Tiger Fist",
				"desc": "Has 18% (+3%) chance to evade melee physical attacks. After a successful evade, the next attack has +80% Attack power"
			},
			{
				"name": "Tiger Fist",
				"desc": "Has 30% chance to evade melee physical attacks. After a successful evade, the next attack has +100% Attack power"
			},
			{
				"name": "Tiger Fist",
				"desc": "Has 33% (+3%) chance to evade melee physical attacks. After a successful evade, the next attack has +100% Attack power"
			}
		]
	],
	"char_140_whitew": [
		[
			{
				"name": "Mental Destruction",
				"desc": "Attacks seal the target's special abilities for 1 second"
			},
			{
				"name": "Mental Destruction",
				"desc": "Attacks seal the target's special abilities for 2 (+1) seconds"
			},
			{
				"name": "Mental Destruction",
				"desc": "Attacks seal the target's special abilities for 5 seconds"
			},
			{
				"name": "Mental Destruction",
				"desc": "Attacks seal the target's special abilities for 6 (+1) seconds"
			}
		]
	],
	"char_143_ghost": [
		[
			{
				"name": "Max HP Increase",
				"desc": "Max HP +10%"
			},
			{
				"name": "Max HP Increase",
				"desc": "Max HP +12% (+2%)"
			},
			{
				"name": "Deep Sea Regeneration",
				"desc": "Max HP +10%, Recover 2% Max HP every second"
			},
			{
				"name": "Deep Sea Regeneration",
				"desc": "Max HP +12% (+2%), Recover 2.5% (+0.5%) Max HP every second"
			}
		]
	],
	"char_230_savage": [
		[
			{
				"name": "Valley",
				"desc": "When there are 2 or more high tiles among the 4 adjacent tiles, Attack and Defense +5%"
			},
			{
				"name": "Valley",
				"desc": "When there are 2 or more high tiles among the 4 adjacent tiles, Attack and Defense +10%"
			}
		]
	],
	"char_274_astesi": [
		[
			{
				"name": "Celestial Instrument",
				"desc": "Every 20 seconds after deployment, Attack speed +3, stacks up to 5 layers"
			},
			{
				"name": "Celestial Instrument",
				"desc": "Every 20 seconds after deployment, Attack speed +5, stacks up to 5 layers"
			}
		]
	],
	"char_131_flameb": [
		[
			{
				"name": "Bloodrush",
				"desc": "Increase Max HP by 20 for every enemy killed, stacks up to 30 layers"
			},
			{
				"name": "Bloodrush",
				"desc": "Increase Max HP by 30 (+10) for every enemy killed, stacks up to 30 layers"
			},
			{
				"name": "Bloodrush",
				"desc": "Increase Max HP by 40 for every enemy killed, stacks up to 30 layers"
			},
			{
				"name": "Bloodrush",
				"desc": "Increase Max HP by 50 (+10) for every enemy killed, stacks up to 30 layers"
			}
		]
	],
	"char_172_svrash": [
		[
			{
				"name": "Leader",
				"desc": "Attack +5%, All operatives' redeployment time -5%"
			},
			{
				"name": "Leader",
				"desc": "Attack +7% (+2%), All operatives' redeployment time -7% (+2%)"
			},
			{
				"name": "Leader",
				"desc": "Attack +10%, All operatives' redeployment time -10%"
			},
			{
				"name": "Leader",
				"desc": "Attack +12% (+2%), All operatives' redeployment time -12% (+2%)"
			}
		],
		[
			{
				"name": "Eagle Eye",
				"desc": "Enemies within attack range lose stealth status"
			}
		]
	],
	"char_010_chen": [
		[
			{
				"name": "Berate",
				"desc": "When deployed, recover 1 [On attack/When attacked] SP to all allies every 5 seconds"
			},
			{
				"name": "Berate",
				"desc": "When deployed, recover 1 [On attack/When attacked] SP to all allies every 4 seconds"
			}
		],
		[
			{
				"name": "Swordplay",
				"desc": "Attack +5%, Defense +5%, Physical evasion +10%"
			},
			{
				"name": "Swordplay",
				"desc": "Attack +6% (+1%), Defense +6% (+1%), Physical evasion +13% (+3%)"
			}
		]
	],
	"char_263_skadi": [
		[
			{
				"name": "Deep Sea Predators",
				"desc": "All 【Abyssal Hunters】 operatives gain Attack +7%"
			},
			{
				"name": "Deep Sea Predators",
				"desc": "All 【Abyssal Hunters】 operatives gain Attack +9% (+2%)"
			},
			{
				"name": "Deep Sea Predators",
				"desc": "All 【Abyssal Hunters】 operatives gain Attack +14%"
			},
			{
				"name": "Deep Sea Predators",
				"desc": "All 【Abyssal Hunters】 operatives gain Attack +16% (+2%)"
			}
		],
		[
			{
				"name": "Swift Deployment",
				"desc": "Self redeploy time -10 seconds"
			}
		]
	],
	"char_188_helage": [
		[
			{
				"name": "Waxing Moon, Waning Star",
				"desc": "Based on HP lost, increase Attack speed (up to +50 Attack speed when 50% HP is lost)"
			},
			{
				"name": "Waxing Moon, Waning Star",
				"desc": "Based on HP lost, increase Attack speed (up to +75 Attack speed when 60% HP is lost)"
			},
			{
				"name": "Waxing Moon, Waning Star",
				"desc": "Based on HP lost, increase Attack speed (up to +100 Attack speed when 70% HP is lost)"
			}
		],
		[
			{
				"name": "Strategizing",
				"desc": "When not blocking enemies, recover 60 HP every second"
			},
			{
				"name": "Strategizing",
				"desc": "When not blocking enemies, recover 70 (+10) HP every second"
			}
		]
	],
	"char_285_medic2": [
		[
			{
				"name": "Healing Mist·I",
				"desc": "Immediately restore 200 HP to all allies after deployment"
			},
			{
				"name": "Healing Mist·II",
				"desc": "Immediately restore 260 HP to all allies after deployment"
			},
			{
				"name": "Healing Mist·III",
				"desc": "Immediately restore 320 HP to all allies after deployment"
			},
			{
				"name": "Healing Mist·IV",
				"desc": "Immediately restore 380 HP to all allies after deployment"
			},
			{
				"name": "Healing Mist·V",
				"desc": "Immediately restore 440 HP to all allies after deployment"
			},
			{
				"name": "Healing Mist·VI",
				"desc": "Immediately restore 500 HP to all allies after deployment"
			}
		]
	],
	"char_120_hibisc": [
		[
			{
				"name": "Healing Power Increase",
				"desc": "Attack +4%"
			},
			{
				"name": "Healing Power Increase",
				"desc": "Attack +8%"
			}
		]
	],
	"char_212_ansel": [
		[
			{
				"name": "Additional Healing",
				"desc": "Has 7% chance to heal an additional ally"
			},
			{
				"name": "Additional Healing",
				"desc": "Has 10% (+3%) chance to heal an additional ally"
			},
			{
				"name": "Additional Healing",
				"desc": "Has 15% chance to heal an additional ally"
			},
			{
				"name": "Additional Healing",
				"desc": "Has 18% (+3%) chance to heal an additional ally"
			}
		]
	],
	"char_117_myrrh": [
		[
			{
				"name": "First Aid Kit",
				"desc": "After deployment, immediately heal all allies for 100% of Myrrh's Attack"
			},
			{
				"name": "First Aid Kit",
				"desc": "After deployment, immediately heal all allies for 110% (+10%) of Myrrh's Attack"
			},
			{
				"name": "First Aid Kit",
				"desc": "After deployment, immediately heal all allies for 150% of Myrrh's Attack"
			},
			{
				"name": "First Aid Kit",
				"desc": "After deployment, immediately heal all allies for 160% (+10%) of Myrrh's Attack"
			}
		]
	],
	"char_187_ccheal": [
		[
			{
				"name": "Battlefield Medic",
				"desc": "After deployment, all ally 【Medic】 operatives gain Attack +5%, Defense +50 for 15 seconds"
			},
			{
				"name": "Battlefield Medic",
				"desc": "After deployment, all ally 【Medic】 operatives gain Attack +7% (+2%), Defense +70 (+20) for 17 (+2) seconds"
			},
			{
				"name": "Battlefield Medic",
				"desc": "After deployment, all ally 【Medic】 operatives gain Attack +10%, Defense +100 for 15 seconds"
			},
			{
				"name": "Battlefield Medic",
				"desc": "After deployment, all ally 【Medic】 operatives gain Attack +12% (+2%), Defense +120 (+20) for 17 (+2) seconds"
			}
		]
	],
	"char_181_flower": [
		[
			{
				"name": "Lavender",
				"desc": "When deployed, heal all allies for 3% of Perfumer's Attack every second"
			},
			{
				"name": "Lavender",
				"desc": "When deployed, heal all allies for 3.5% (+0.5%) of Perfumer's Attack every second"
			},
			{
				"name": "Incense",
				"desc": "When deployed, heal all allies for 5% of Perfumer's Attack every second"
			},
			{
				"name": "Incense",
				"desc": "When deployed, heal all allies for 5.5% (+0.5%) of Perfumer's Attack every second"
			}
		]
	],
	"char_298_susuro": [
		[
			{
				"name": "Minimally Invasive Healing",
				"desc": "When in team, all operators with less than 10 initial cost receive 10% more healing"
			},
			{
				"name": "Minimally Invasive Healing",
				"desc": "When in team, all operators with less than 10 initial cost receive 13% (+3%) more healing"
			},
			{
				"name": "Minimally Invasive Healing",
				"desc": "When in team, all operators with less than 10 initial cost receive 20% more healing"
			},
			{
				"name": "Minimally Invasive Healing",
				"desc": "When in team, all operators with less than 10 initial cost receive 23% (+3%) more healing"
			}
		]
	],
	"char_128_plosis": [
		[
			{
				"name": "Ability Aura",
				"desc": "When deployed, slightly increase the SP recovery speed of all allies (+0.15 SP/sec)"
			},
			{
				"name": "Ability Aura",
				"desc": "When deployed, largely increase the SP recovery speed of all allies (+0.3 SP/sec)"
			}
		]
	],
	"char_108_silent": [
		[
			{
				"name": "Injection Enhancement",
				"desc": "When deployed, all ally 【Medic】 operatives gain Attack speed +6"
			},
			{
				"name": "Injection Enhancement",
				"desc": "When deployed, all ally 【Medic】 operatives gain Attack speed +8 (+2)"
			},
			{
				"name": "Injection Enhancement",
				"desc": "When deployed, all ally 【Medic】 operatives gain Attack speed +12"
			},
			{
				"name": "Injection Enhancement",
				"desc": "When deployed, all ally 【Medic】 operatives gain Attack speed +14 (+2)"
			}
		]
	],
	"char_171_bldsk": [
		[
			{
				"name": "Blood Sample Collection",
				"desc": "When an enemy dies within attack range, recover 1 SP to self and one random ally within attack range"
			},
			{
				"name": "Blood Sample Collection",
				"desc": "When an enemy dies within attack range, recover 2 SP to self and one random ally within attack range"
			}
		]
	],
	"char_348_ceylon": [
		[
			{
				"name": "Lakeside Rambler",
				"desc": "Attack +3%. When the stage has water tiles, Attack +9% instead"
			},
			{
				"name": "Lakeside Rambler",
				"desc": "Attack +4% (+1%). When the stage has water tiles, Attack +15% (+6%) instead"
			},
			{
				"name": "Lakeside Rambler",
				"desc": "Attack +5%. When the stage has water tiles, Attack +18% instead"
			},
			{
				"name": "Lakeside Rambler",
				"desc": "Attack +6% (+1%). When the stage has water tiles, Attack +24% (+6%) instead"
			}
		]
	],
	"char_147_shining": [
		[
			{
				"name": "Black Devil's Protection",
				"desc": "Allies within attack range gain Defense +20"
			},
			{
				"name": "Black Devil's Protection",
				"desc": "Allies within attack range gain Defense +25 (+5)"
			},
			{
				"name": "Black Devil's Protection",
				"desc": "Allies within attack range gain Defense +40"
			},
			{
				"name": "Black Devil's Protection",
				"desc": "Allies within attack range gain Defense +45 (+5)"
			},
			{
				"name": "Black Devil's Protection",
				"desc": "Allies within attack range gain Defense +60"
			},
			{
				"name": "Black Devil's Protection",
				"desc": "Allies within attack range gain Defense +65 (+5)"
			}
		],
		[
			{
				"name": "Codex",
				"desc": "Attack speed +10"
			},
			{
				"name": "Codex",
				"desc": "Attack speed +13 (+3)"
			}
		]
	],
	"char_179_cgbird": [
		[
			{
				"name": "White Devil's Protection",
				"desc": "Allies within attack range gain Magic resistance +5"
			},
			{
				"name": "White Devil's Protection",
				"desc": "Allies within attack range gain Magic resistance +7 (+2)"
			},
			{
				"name": "White Devil's Protection",
				"desc": "Allies within attack range gain Magic resistance +10"
			},
			{
				"name": "White Devil's Protection",
				"desc": "Allies within attack range gain Magic resistance +12 (+2)"
			},
			{
				"name": "White Devil's Protection",
				"desc": "Allies within attack range gain Magic resistance +15"
			},
			{
				"name": "White Devil's Protection",
				"desc": "Allies within attack range gain Magic resistance +17 (+2)"
			}
		],
		[
			{
				"name": "Ephemeral Phantom",
				"desc": "Able to use phantoms. Phantoms cannot attack or block enemies. They have 75 Magic resistance, 30% physical evasion and draw enemy attacks easily. Additionally, they lose 3% Max HP every second"
			}
		]
	],
	"char_503_rang": [
		[
			{
				"name": "Anti-air Master",
				"desc": "When attacking flying targets, Attack +50%"
			}
		]
	],
	"char_124_kroos": [
		[
			{
				"name": "Weakpoint Aiming·Beginner",
				"desc": "When attacking, 10% chance to increase Attack to 150%"
			},
			{
				"name": "Weakpoint Aiming·Beginner",
				"desc": "When attacking, 10% chance to increase Attack to 160% (+10%)"
			},
			{
				"name": "Weakpoint Aiming·Beginner",
				"desc": "When attacking, 20% chance to increase Attack to 150%"
			},
			{
				"name": "Weakpoint Aiming·Beginner",
				"desc": "When attacking, 20% chance to increase Attack to 160% (+10%)"
			}
		]
	],
	"char_211_adnach": [
		[
			{
				"name": "Weakness Breakthrough",
				"desc": "Attack speed +4, prioritize attacking enemies using ranged weapons"
			},
			{
				"name": "Weakness Breakthrough",
				"desc": "Attack speed +8, prioritize attacking enemies using ranged weapons"
			}
		]
	],
	"char_282_catap": [
		[
			{
				"name": "Lightening",
				"desc": "Self deployment cost -1"
			}
		]
	],
	"char_235_jesica": [
		[
			{
				"name": "Rapid Magazine",
				"desc": "Attack speed +6"
			},
			{
				"name": "Rapid Magazine",
				"desc": "Attack speed +12"
			}
		]
	],
	"char_126_shotst": [
		[
			{
				"name": "Anti-air Specialization",
				"desc": "When attacking flying targets, Attack +20%"
			},
			{
				"name": "Anti-air Specialization",
				"desc": "When attacking flying targets, Attack +25% (+5%)"
			},
			{
				"name": "Anti-air Specialization",
				"desc": "When attacking flying targets, Attack +35%"
			},
			{
				"name": "Anti-air Specialization",
				"desc": "When attacking flying targets, Attack +40% (+5%)"
			}
		]
	],
	"char_118_yuki": [
		[
			{
				"name": "Heavy Shuriken",
				"desc": "Slightly increase attack interval (+0.2 seconds), however Attack +20%"
			}
		]
	],
	"char_190_clour": [
		[
			{
				"name": "Hunter's Experience",
				"desc": "Slightly increase SP recovery speed (+0.15 SP/sec)"
			},
			{
				"name": "Hunter's Experience",
				"desc": "Largely increase SP recovery speed (+0.3 SP/sec)"
			}
		]
	],
	"char_129_bluep": [
		[
			{
				"name": "Neurotoxin",
				"desc": "Attacks poison the target, dealing 30 magical damage every second for 3 seconds"
			},
			{
				"name": "Neurotoxin",
				"desc": "Attacks poison the target, dealing 40 (+10) magical damage every second for 3 seconds"
			},
			{
				"name": "Neurotoxin",
				"desc": "Attacks poison the target, dealing 75 magical damage every second for 3 seconds"
			},
			{
				"name": "Neurotoxin",
				"desc": "Attacks poison the target, dealing 85 (+10) magical damage every second for 3 seconds"
			}
		]
	],
	"char_204_platnm": [
		[
			{
				"name": "Charged Attack",
				"desc": "The longer the interval since the last attack, the higher the Attack power of the next attack (Maximum 2.5 seconds, Attack 140%)"
			},
			{
				"name": "Charged Attack",
				"desc": "The longer the interval since the last attack, the higher the Attack power of the next attack (Maximum 2.5 seconds, Attack 150% (+10%))"
			},
			{
				"name": "Charged Attack",
				"desc": "The longer the interval since the last attack, the higher the Attack power of the next attack (Maximum 2.5 seconds, Attack 180%)"
			},
			{
				"name": "Charged Attack",
				"desc": "The longer the interval since the last attack, the higher the Attack power of the next attack (Maximum 2.5 seconds, Attack 190% (+10%))"
			}
		]
	],
	"char_219_meteo": [
		[
			{
				"name": "High-explosive Modification",
				"desc": "When attacking or using skills, 15% chance to increase Attack by +60%"
			},
			{
				"name": "High-explosive Modification",
				"desc": "When attacking or using skills, 30% chance to increase Attack by +60%"
			}
		]
	],
	"char_145_prove": [
		[
			{
				"name": "Hunting Arrow",
				"desc": "When attacking, 20% chance to increase Attack to 140%. If the enemy is in the tile in front of Provence, the chance increases to 50%"
			},
			{
				"name": "Hunting Arrow",
				"desc": "When attacking, 20% chance to increase Attack to 150% (+10%). If the enemy is in the tile in front of Provence, the chance increases to 50%"
			},
			{
				"name": "Hunting Arrow",
				"desc": "When attacking, 20% chance to increase Attack to 180%. If the enemy is in the tile in front of Provence, the chance increases to 50%"
			},
			{
				"name": "Hunting Arrow",
				"desc": "When attacking, 20% chance to increase Attack to 190% (+10%). If the enemy is in the tile in front of Provence, the chance increases to 50%"
			}
		]
	],
	"char_158_milu": [
		[
			{
				"name": "Assassin",
				"desc": "When attacking enemies wielding ranged weapons, Attack increases to 120%"
			},
			{
				"name": "Assassin",
				"desc": "When attacking enemies wielding ranged weapons, Attack increases to 125% (+5%)"
			},
			{
				"name": "Assassin",
				"desc": "When attacking enemies wielding ranged weapons, Attack increases to 140%"
			},
			{
				"name": "Assassin",
				"desc": "When attacking enemies wielding ranged weapons, Attack increases to 145% (+5%)"
			}
		]
	],
	"char_279_excu": [
		[
			{
				"name": "Terminating Modification",
				"desc": "When attacking, ignore 80 Defence"
			},
			{
				"name": "Terminating Modification",
				"desc": "When attacking, ignore 95 (+15) Defence"
			},
			{
				"name": "Terminating Modification",
				"desc": "When attacking, ignore 160 Defence"
			},
			{
				"name": "Terminating Modification",
				"desc": "When attacking, ignore 175 (+15) Defence"
			}
		]
	],
	"char_103_angel": [
		[
			{
				"name": "Rapid Magazine",
				"desc": "Attack speed +6"
			},
			{
				"name": "Rapid Magazine",
				"desc": "Attack speed +9 (+3)"
			},
			{
				"name": "Rapid Magazine",
				"desc": "Attack speed +12"
			},
			{
				"name": "Rapid Magazine",
				"desc": "Attack speed +15 (+3)"
			}
		],
		[
			{
				"name": "Angel's Blessings",
				"desc": "Attack +6%, Max HP +10%. When deployed, grant the same effect to a random ally"
			},
			{
				"name": "Angel's Blessings",
				"desc": "Attack +8% (+2%), Max HP +13% (+3%). When deployed, grant the same effect to a random ally"
			}
		]
	],
	"char_340_shwaz": [
		[
			{
				"name": "Sharp Arrowhead",
				"desc": "When attacking, 20% chance to increase Attack to 130%"
			},
			{
				"name": "Armor-piercing Arrowhead",
				"desc": "When attacking, 20% chance to increase Attack to 130% and decrease the target's Defense by 10% for 5 seconds"
			},
			{
				"name": "Armor-piercing Arrowhead",
				"desc": "When attacking, 20% chance to increase Attack to 160% and decrease the target's Defense by 20% for 5 seconds"
			}
		],
		[
			{
				"name": "Crossfire",
				"desc": "When Schwarz and at least one other 【Sniper】 operative are deployed, all 【Sniper】 operatives gain Attack +8%"
			},
			{
				"name": "Crossfire",
				"desc": "When Schwarz and at least one other 【Sniper】 operative are deployed, all 【Sniper】 operatives gain Attack +10% (+2%)"
			}
		]
	],
	"char_237_gravel": [
		[
			{
				"name": "Quick Deployment",
				"desc": "Self deployment cost -1"
			},
			{
				"name": "Dwarfish Reinforcement",
				"desc": "Self deployment cost -1, All operatives with 10 or less cost gain Defense +6%"
			},
			{
				"name": "Dwarfish Reinforcement",
				"desc": "Self deployment cost -1, All operatives with 10 or less cost gain Defense +8% (+2%)"
			}
		]
	],
	"char_236_rope": [
		[
			{
				"name": "Auditory Training",
				"desc": "Gain 15% physical evasion"
			},
			{
				"name": "Auditory Training",
				"desc": "Gain 19% (+4%) physical evasion"
			},
			{
				"name": "Auditory Training",
				"desc": "Gain 30% physical evasion"
			},
			{
				"name": "Auditory Training",
				"desc": "Gain 34% (+4%) physical evasion"
			}
		]
	],
	"char_277_sqrrel": [
		[
			{
				"name": "Fire-fighting Gear",
				"desc": "Magic resistance +7"
			},
			{
				"name": "Fire-fighting Gear",
				"desc": "Magic resistance +15"
			}
		]
	],
	"char_144_red": [
		[
			{
				"name": "Bonebreaker",
				"desc": "Every attack will deal damage equal to at least 20% Attack"
			},
			{
				"name": "Bonebreaker",
				"desc": "Every attack will deal damage equal to at least 23% (+3%) Attack"
			},
			{
				"name": "Bonebreaker",
				"desc": "Every attack will deal damage equal to at least 30% Attack"
			},
			{
				"name": "Bonebreaker",
				"desc": "Every attack will deal damage equal to at least 33% (+3%) Attack"
			}
		]
	],
	"char_173_slchan": [
		[
			{
				"name": "Snow Hunter",
				"desc": "When not blocking any enemies, Attack and Defense +6%"
			},
			{
				"name": "Snow Hunter",
				"desc": "When not blocking any enemies, Attack and Defense +8% (+2%)"
			},
			{
				"name": "Snow Hunter",
				"desc": "When not blocking any enemies, Attack and Defense +12%"
			},
			{
				"name": "Snow Hunter",
				"desc": "When not blocking any enemies, Attack and Defense +14% (+2%)"
			}
		]
	],
	"char_215_mantic": [
		[
			{
				"name": "Hidden Killer·Intermediate",
				"desc": "Stays hidden when idle (will not be targeted by ranged attacks). Attacking will remove the hidden status and grant +25% Attack power to the current attack. Regain hidden status after not attacking for 6 seconds"
			},
			{
				"name": "Hidden Killer·Intermediate",
				"desc": "Stays hidden when idle (will not be targeted by ranged attacks). Attacking will remove the hidden status and grant +29% (+4%) Attack power to the current attack. Regain hidden status after not attacking for 6 seconds"
			},
			{
				"name": "Hidden Killer·Elite",
				"desc": "Stays hidden when idle (will not be targeted by ranged attacks). Attacking will remove the hidden status and grant +50% Attack power to the current attack. Regain hidden status after not attacking for 5 seconds"
			},
			{
				"name": "Hidden Killer·Elite",
				"desc": "Stays hidden when idle (will not be targeted by ranged attacks). Attacking will remove the hidden status and grant +54% (+4%) Attack power to the current attack. Regain hidden status after not attacking for 5 seconds"
			}
		]
	],
	"char_241_panda": [
		[
			{
				"name": "Kungfu",
				"desc": "Gain 20% physical evasion"
			},
			{
				"name": "Kungfu",
				"desc": "Gain 23% (+3%) physical evasion"
			},
			{
				"name": "Kungfu",
				"desc": "Gain 40% physical evasion"
			},
			{
				"name": "Kungfu",
				"desc": "Gain 43% (+3%) physical evasion"
			}
		]
	],
	"char_278_orchid": [
		[
			{
				"name": "Casting Speed Increase",
				"desc": "Attack speed +5"
			},
			{
				"name": "Casting Speed Increase",
				"desc": "Attack speed +9"
			}
		]
	],
	"char_110_deepcl": [
		[
			{
				"name": "Summon Tentacles",
				"desc": "Can summon 2 tentacles to assist in battle"
			},
			{
				"name": "Summon Tentacles",
				"desc": "Can summon 3 tentacles to assist in battle"
			},
			{
				"name": "Summon Tentacles",
				"desc": "Can summon 4 tentacles to assist in battle"
			}
		]
	],
	"char_183_skgoat": [
		[
			{
				"name": "Geological Exploration",
				"desc": "Slight increase to the duration of the stop effect (+0.1)"
			},
			{
				"name": "Geological Exploration",
				"desc": "Small increase to the duration of the stop effect (+0.13)"
			}
		]
	],
	"char_242_otter": [
		[
			{
				"name": "Mechanical Otters",
				"desc": "Can summon 3 mechanical otters. Inflict Attack speed -10 to enemies attacking the otters"
			},
			{
				"name": "Mechanical Otters",
				"desc": "Can summon 4 mechanical otters. Inflict Attack speed -25 to enemies attacking the otters"
			},
			{
				"name": "Mechanical Otters",
				"desc": "Can summon 5 mechanical otters. Inflict Attack speed -25 to enemies attacking the otters"
			}
		]
	],
	"char_174_slbell": [
		[
			{
				"name": "Weakening",
				"desc": "Apply 【Weakening】 effect to enemies within attack range: When the target has less than 40% HP, their damage taken is increased to 115%"
			},
			{
				"name": "Weakening",
				"desc": "Apply 【Weakening】 effect to enemies within attack range: When the target has less than 40% HP, their damage taken is increased to 118% (+3%)"
			},
			{
				"name": "Weakening",
				"desc": "Apply 【Weakening】 effect to enemies within attack range: When the target has less than 40% HP, their damage taken is increased to 130%"
			},
			{
				"name": "Weakening",
				"desc": "Apply 【Weakening】 effect to enemies within attack range: When the target has less than 40% HP, their damage taken is increased to 133% (+3%)"
			}
		],
		[
			{
				"name": "Echo",
				"desc": "Attacks 2 targets simultaneously"
			}
		]
	],
	"char_195_glassb": [
		[
			{
				"name": "Detector",
				"desc": "Defense -35%, however Attack speed +18"
			},
			{
				"name": "Detector",
				"desc": "Defense -35%, however Attack speed +21 (+3)"
			}
		]
	],
	"char_101_sora": [
		[
			{
				"name": "Encore",
				"desc": "When the skill ends, 50% chance to immediately recover 25% maximum SP"
			},
			{
				"name": "Encore",
				"desc": "When the skill ends, 50% chance to immediately recover 50% maximum SP"
			}
		]
	],
	"char_326_glacus": [
		[
			{
				"name": "Counter Device",
				"desc": "Prioritize attacking drones, Attack +25% when attacking drones"
			},
			{
				"name": "Counter Device",
				"desc": "Prioritize attacking drones, Attack +30% (+5%) when attacking drones"
			},
			{
				"name": "Counter Device",
				"desc": "Prioritize attacking drones, Attack +50% when attacking drones"
			},
			{
				"name": "Counter Device",
				"desc": "Prioritize attacking drones, Attack +55% (+5%) when attacking drones"
			}
		]
	],
	"char_291_aglina": [
		[
			{
				"name": "Acceleration Field",
				"desc": "All allies' Attack speed +3"
			},
			{
				"name": "Acceleration Field",
				"desc": "All allies' Attack speed +4 (+1)"
			},
			{
				"name": "Acceleration Field",
				"desc": "All allies' Attack speed +7"
			},
			{
				"name": "Acceleration Field",
				"desc": "All allies' Attack speed +8 (+1)"
			}
		],
		[
			{
				"name": "Part-time Job",
				"desc": "While skill is not active, all allies recover 20 HP every second"
			},
			{
				"name": "Part-time Job",
				"desc": "While skill is not active, all allies recover 25 (+5) HP every second"
			}
		]
	],
	"char_248_mgllan": [
		[
			{
				"name": "Support Drone · Dragon",
				"desc": "Can summon 3 drones with 0 Block. Drone functionality changes depending on selected skill"
			},
			{
				"name": "Support Drone · Dragon",
				"desc": "Can summon 4 drones with 0 Block. Drone functionality changes depending on selected skill"
			},
			{
				"name": "Support Drone · Dragon",
				"desc": "Can summon 5 drones with 0 Block. Drone functionality changes depending on selected skill"
			}
		],
		[
			{
				"name": "Optical Refraction Accessory",
				"desc": "Drones are hidden for 12 seconds after deployment (will not be targeted by ranged attacks)"
			},
			{
				"name": "Optical Refraction Accessory",
				"desc": "Drones are hidden for 14 (+2) seconds after deployment (will not be targeted by ranged attacks)"
			},
			{
				"name": "Optical Refraction Accessory",
				"desc": "Drones are hidden for 20 seconds after deployment (will not be targeted by ranged attacks)"
			},
			{
				"name": "Optical Refraction Accessory",
				"desc": "Drones are hidden for 22 (+2) seconds after deployment (will not be targeted by ranged attacks)"
			}
		]
	],
	"char_502_nblade": [
		[
			{
				"name": "Quick Redeployment",
				"desc": "Redeployment time -30 seconds"
			}
		]
	],
	"char_123_fang": [
		[
			{
				"name": "Lightening",
				"desc": "Self deployment cost -1"
			}
		]
	],
	"char_240_wyvern": [
		[
			{
				"name": "Attack Increase",
				"desc": "Attack +4%"
			},
			{
				"name": "Attack Increase",
				"desc": "Attack +8%"
			}
		]
	],
	"char_192_falco": [
		[
			{
				"name": "Attack Increase",
				"desc": "Attack +4%"
			},
			{
				"name": "Attack Increase",
				"desc": "Attack +8%"
			}
		]
	],
	"char_198_blackd": [
		[
			{
				"name": "Snow Patroller",
				"desc": "When blocking 2 or more enemies, Defense +8%"
			},
			{
				"name": "Snow Patroller",
				"desc": "When blocking 2 or more enemies, Defense +11% (+3%)"
			},
			{
				"name": "Snow Patroller",
				"desc": "When blocking 2 or more enemies, Defense +16%"
			},
			{
				"name": "Snow Patroller",
				"desc": "When blocking 2 or more enemies, Defense +19% (+3%)"
			}
		]
	],
	"char_149_scave": [
		[
			{
				"name": "Lone Wolf",
				"desc": "While there are no allies in the 4 adjacent tiles, Attack and Defense +5%"
			},
			{
				"name": "Lone Wolf",
				"desc": "While there are no allies in the 4 adjacent tiles, Attack and Defense +7% (+2%)"
			},
			{
				"name": "Lone Wolf",
				"desc": "While there are no allies in the 4 adjacent tiles, Attack and Defense +11%"
			},
			{
				"name": "Lone Wolf",
				"desc": "While there are no allies in the 4 adjacent tiles, Attack and Defense +13% (+2%)"
			}
		]
	],
	"char_290_vigna": [
		[
			{
				"name": "Brute Thrust",
				"desc": "When attacking, 10% chance to increase Attack by +50%. Chance is increased to 30% while skill is active"
			},
			{
				"name": "Brute Thrust",
				"desc": "When attacking, 10% chance to increase Attack by +60% (+10%). Chance is increased to 30% while skill is active"
			},
			{
				"name": "Brute Thrust",
				"desc": "When attacking, 10% chance to increase Attack by +100%. Chance is increased to 30% while skill is active"
			},
			{
				"name": "Brute Thrust",
				"desc": "When attacking, 10% chance to increase Attack by +110% (+10%). Chance is increased to 30% while skill is active"
			}
		]
	],
	"char_151_myrtle": [
		[
			{
				"name": "Glistening Light",
				"desc": "When deployed, all 【Vanguard】 operatives recover 25 HP every second"
			},
			{
				"name": "Glistening Light",
				"desc": "When deployed, all 【Vanguard】 operatives recover 28 (+3) HP every second"
			}
		]
	],
	"char_115_headbr": [
		[
			{
				"name": "Assault Leader",
				"desc": "Self deployment cost -1"
			},
			{
				"name": "Assault Leader",
				"desc": "Deployment cost of all 【Vanguard】 operatives in the same team -1"
			}
		]
	],
	"char_102_texas": [
		[
			{
				"name": "Tactical Delivery",
				"desc": "Obtain an additional 1 initial cost on battle start"
			},
			{
				"name": "Tactical Delivery",
				"desc": "Obtain an additional 2 initial cost on battle start"
			}
		]
	],
	"char_220_grani": [
		[
			{
				"name": "Mounted Police",
				"desc": "When deployed, all 【Vanguard】 operatives gain 10% physical evasion"
			},
			{
				"name": "Mounted Police",
				"desc": "When deployed, all 【Vanguard】 operatives gain 15% (+5%) physical evasion"
			},
			{
				"name": "Mounted Police",
				"desc": "When deployed, all 【Vanguard】 operatives gain 20% physical evasion"
			},
			{
				"name": "Mounted Police",
				"desc": "When deployed, all 【Vanguard】 operatives gain 25% (+5%) physical evasion"
			}
		]
	],
	"char_112_siege": [
		[
			{
				"name": "King of Beasts",
				"desc": "When deployed, all 【Vanguard】 operatives gain Attack and Defense +4%"
			},
			{
				"name": "King of Beasts",
				"desc": "When deployed, all 【Vanguard】 operatives gain Attack and Defense +6% (+2%)"
			},
			{
				"name": "King of Beasts",
				"desc": "When deployed, all 【Vanguard】 operatives gain Attack and Defense +8%"
			},
			{
				"name": "King of Beasts",
				"desc": "When deployed, all 【Vanguard】 operatives gain Attack and Defense +10% (+2%)"
			}
		],
		[
			{
				"name": "Obliterate",
				"desc": "Obtain 1 SP when an enemy dies within the adjacent 4 tiles"
			}
		]
	]
}