{
  "options": {
    "characterLimit": 8,
    "maxLifePoint": 1,
    "initialCost": 20,
    "maxCost": 99,
    "costIncreaseTime": 1.0,
    "moveMultiplier": 0.5,
    "steeringEnabled": true,
    "isTrainingLevel": true,
    "functionDisableMask": 0
  },
  "levelId": null,
  "mapId": null,
  "bgmEvent": "indust",
  "mapData": {
    "map": [
      [
        54,
        55,
        56,
        57,
        58,
        59,
        60,
        61,
        62
      ],
      [
        45,
        46,
        47,
        48,
        49,
        50,
        51,
        52,
        53
      ],
      [
        36,
        37,
        38,
        39,
        40,
        41,
        42,
        43,
        44
      ],
      [
        27,
        28,
        29,
        30,
        31,
        32,
        33,
        34,
        35
      ],
      [
        18,
        19,
        20,
        21,
        22,
        23,
        24,
        25,
        26
      ],
      [
        9,
        10,
        11,
        12,
        13,
        14,
        15,
        16,
        17
      ],
      [
        0,
        1,
        2,
        3,
        4,
        5,
        6,
        7,
        8
      ]
    ],
    "tiles": [
      {
        "tileKey": "tile_forbidden",
        "heightType": 1,
        "buildableType": 0,
        "passableMask": 2,
        "blackboard": null,
        "effects": null
      },
      {
        "tileKey": "tile_forbidden",
        "heightType": 1,
        "buildableType": 0,
        "passableMask": 2,
        "blackboard": null,
        "effects": null
      },
      {
        "tileKey": "tile_forbidden",
        "heightType": 1,
        "buildableType": 0,
        "passableMask": 2,
        "blackboard": null,
        "effects": null
      },
      {
        "tileKey": "tile_forbidden",
        "heightType": 1,
        "buildableType": 0,
        "passableMask": 2,
        "blackboard": null,
        "effects": null
      },
      {
        "tileKey": "tile_forbidden",
        "heightType": 1,
        "buildableType": 0,
        "passableMask": 2,
        "blackboard": null,
        "effects": null
      },
      {
        "tileKey": "tile_forbidden",
        "heightType": 1,
        "buildableType": 0,
        "passableMask": 2,
        "blackboard": null,
        "effects": null
      },
      {
        "tileKey": "tile_forbidden",
        "heightType": 1,
        "buildableType": 0,
        "passableMask": 2,
        "blackboard": null,
        "effects": null
      },
      {
        "tileKey": "tile_forbidden",
        "heightType": 1,
        "buildableType": 0,
        "passableMask": 2,
        "blackboard": null,
        "effects": null
      },
      {
        "tileKey": "tile_forbidden",
        "heightType": 1,
        "buildableType": 0,
        "passableMask": 2,
        "blackboard": null,
        "effects": null
      },
      {
        "tileKey": "tile_start",
        "heightType": 0,
        "buildableType": 0,
        "passableMask": 3,
        "blackboard": null,
        "effects": null
      },
      {
        "tileKey": "tile_road",
        "heightType": 0,
        "buildableType": 1,
        "passableMask": 3,
        "blackboard": null,
        "effects": null
      },
      {
        "tileKey": "tile_road",
        "heightType": 0,
        "buildableType": 1,
        "passableMask": 3,
        "blackboard": null,
        "effects": null
      },
      {
        "tileKey": "tile_road",
        "heightType": 0,
        "buildableType": 1,
        "passableMask": 3,
        "blackboard": null,
        "effects": null
      },
      {
        "tileKey": "tile_road",
        "heightType": 0,
        "buildableType": 1,
        "passableMask": 3,
        "blackboard": null,
        "effects": null
      },
      {
        "tileKey": "tile_road",
        "heightType": 0,
        "buildableType": 1,
        "passableMask": 3,
        "blackboard": null,
        "effects": null
      },
      {
        "tileKey": "tile_road",
        "heightType": 0,
        "buildableType": 1,
        "passableMask": 3,
        "blackboard": null,
        "effects": null
      },
      {
        "tileKey": "tile_road",
        "heightType": 0,
        "buildableType": 1,
        "passableMask": 3,
        "blackboard": null,
        "effects": null
      },
      {
        "tileKey": "tile_end",
        "heightType": 0,
        "buildableType": 0,
        "passableMask": 3,
        "blackboard": null,
        "effects": null
      },
      {
        "tileKey": "tile_forbidden",
        "heightType": 1,
        "buildableType": 0,
        "passableMask": 2,
        "blackboard": null,
        "effects": null
      },
      {
        "tileKey": "tile_road",
        "heightType": 0,
        "buildableType": 1,
        "passableMask": 3,
        "blackboard": null,
        "effects": null
      },
      {
        "tileKey": "tile_forbidden",
        "heightType": 1,
        "buildableType": 0,
        "passableMask": 2,
        "blackboard": null,
        "effects": null
      },
      {
        "tileKey": "tile_hole",
        "heightType": 0,
        "buildableType": 0,
        "passableMask": 3,
        "blackboard": null,
        "effects": null
      },
      {
        "tileKey": "tile_hole",
        "heightType": 0,
        "buildableType": 0,
        "passableMask": 3,
        "blackboard": null,
        "effects": null
      },
      {
        "tileKey": "tile_hole",
        "heightType": 0,
        "buildableType": 0,
        "passableMask": 3,
        "blackboard": null,
        "effects": null
      },
      {
        "tileKey": "tile_forbidden",
        "heightType": 1,
        "buildableType": 0,
        "passableMask": 2,
        "blackboard": null,
        "effects": null
      },
      {
        "tileKey": "tile_forbidden",
        "heightType": 1,
        "buildableType": 0,
        "passableMask": 2,
        "blackboard": null,
        "effects": null
      },
      {
        "tileKey": "tile_forbidden",
        "heightType": 1,
        "buildableType": 0,
        "passableMask": 2,
        "blackboard": null,
        "effects": null
      },
      {
        "tileKey": "tile_forbidden",
        "heightType": 1,
        "buildableType": 0,
        "passableMask": 2,
        "blackboard": null,
        "effects": null
      },
      {
        "tileKey": "tile_road",
        "heightType": 0,
        "buildableType": 1,
        "passableMask": 3,
        "blackboard": null,
        "effects": null
      },
      {
        "tileKey": "tile_road",
        "heightType": 0,
        "buildableType": 1,
        "passableMask": 3,
        "blackboard": null,
        "effects": null
      },
      {
        "tileKey": "tile_road",
        "heightType": 0,
        "buildableType": 1,
        "passableMask": 3,
        "blackboard": null,
        "effects": null
      },
      {
        "tileKey": "tile_road",
        "heightType": 0,
        "buildableType": 1,
        "passableMask": 3,
        "blackboard": null,
        "effects": null
      },
      {
        "tileKey": "tile_road",
        "heightType": 0,
        "buildableType": 1,
        "passableMask": 3,
        "blackboard": null,
        "effects": null
      },
      {
        "tileKey": "tile_road",
        "heightType": 0,
        "buildableType": 1,
        "passableMask": 3,
        "blackboard": null,
        "effects": null
      },
      {
        "tileKey": "tile_road",
        "heightType": 0,
        "buildableType": 1,
        "passableMask": 3,
        "blackboard": null,
        "effects": null
      },
      {
        "tileKey": "tile_forbidden",
        "heightType": 1,
        "buildableType": 0,
        "passableMask": 2,
        "blackboard": null,
        "effects": null
      },
      {
        "tileKey": "tile_forbidden",
        "heightType": 1,
        "buildableType": 0,
        "passableMask": 2,
        "blackboard": null,
        "effects": null
      },
      {
        "tileKey": "tile_forbidden",
        "heightType": 1,
        "buildableType": 0,
        "passableMask": 2,
        "blackboard": null,
        "effects": null
      },
      {
        "tileKey": "tile_forbidden",
        "heightType": 1,
        "buildableType": 0,
        "passableMask": 2,
        "blackboard": null,
        "effects": null
      },
      {
        "tileKey": "tile_wall",
        "heightType": 1,
        "buildableType": 2,
        "passableMask": 2,
        "blackboard": null,
        "effects": null
      },
      {
        "tileKey": "tile_wall",
        "heightType": 1,
        "buildableType": 2,
        "passableMask": 2,
        "blackboard": null,
        "effects": null
      },
      {
        "tileKey": "tile_wall",
        "heightType": 1,
        "buildableType": 2,
        "passableMask": 2,
        "blackboard": null,
        "effects": null
      },
      {
        "tileKey": "tile_road",
        "heightType": 0,
        "buildableType": 1,
        "passableMask": 3,
        "blackboard": null,
        "effects": null
      },
      {
        "tileKey": "tile_road",
        "heightType": 0,
        "buildableType": 1,
        "passableMask": 3,
        "blackboard": null,
        "effects": null
      },
      {
        "tileKey": "tile_forbidden",
        "heightType": 1,
        "buildableType": 0,
        "passableMask": 2,
        "blackboard": null,
        "effects": null
      },
      {
        "tileKey": "tile_forbidden",
        "heightType": 1,
        "buildableType": 0,
        "passableMask": 2,
        "blackboard": null,
        "effects": null
      },
      {
        "tileKey": "tile_road",
        "heightType": 0,
        "buildableType": 1,
        "passableMask": 3,
        "blackboard": null,
        "effects": null
      },
      {
        "tileKey": "tile_road",
        "heightType": 0,
        "buildableType": 1,
        "passableMask": 3,
        "blackboard": null,
        "effects": null
      },
      {
        "tileKey": "tile_road",
        "heightType": 0,
        "buildableType": 1,
        "passableMask": 3,
        "blackboard": null,
        "effects": null
      },
      {
        "tileKey": "tile_road",
        "heightType": 0,
        "buildableType": 1,
        "passableMask": 3,
        "blackboard": null,
        "effects": null
      },
      {
        "tileKey": "tile_road",
        "heightType": 0,
        "buildableType": 1,
        "passableMask": 3,
        "blackboard": null,
        "effects": null
      },
      {
        "tileKey": "tile_road",
        "heightType": 0,
        "buildableType": 1,
        "passableMask": 3,
        "blackboard": null,
        "effects": null
      },
      {
        "tileKey": "tile_road",
        "heightType": 0,
        "buildableType": 1,
        "passableMask": 3,
        "blackboard": null,
        "effects": null
      },
      {
        "tileKey": "tile_forbidden",
        "heightType": 1,
        "buildableType": 0,
        "passableMask": 2,
        "blackboard": null,
        "effects": null
      },
      {
        "tileKey": "tile_forbidden",
        "heightType": 1,
        "buildableType": 0,
        "passableMask": 2,
        "blackboard": null,
        "effects": null
      },
      {
        "tileKey": "tile_start",
        "heightType": 0,
        "buildableType": 0,
        "passableMask": 3,
        "blackboard": null,
        "effects": null
      },
      {
        "tileKey": "tile_forbidden",
        "heightType": 1,
        "buildableType": 0,
        "passableMask": 2,
        "blackboard": null,
        "effects": null
      },
      {
        "tileKey": "tile_forbidden",
        "heightType": 1,
        "buildableType": 0,
        "passableMask": 2,
        "blackboard": null,
        "effects": null
      },
      {
        "tileKey": "tile_forbidden",
        "heightType": 1,
        "buildableType": 0,
        "passableMask": 2,
        "blackboard": null,
        "effects": null
      },
      {
        "tileKey": "tile_forbidden",
        "heightType": 1,
        "buildableType": 0,
        "passableMask": 2,
        "blackboard": null,
        "effects": null
      },
      {
        "tileKey": "tile_forbidden",
        "heightType": 1,
        "buildableType": 0,
        "passableMask": 2,
        "blackboard": null,
        "effects": null
      },
      {
        "tileKey": "tile_forbidden",
        "heightType": 1,
        "buildableType": 0,
        "passableMask": 2,
        "blackboard": null,
        "effects": null
      },
      {
        "tileKey": "tile_forbidden",
        "heightType": 1,
        "buildableType": 0,
        "passableMask": 2,
        "blackboard": null,
        "effects": null
      }
    ],
    "blockEdges": null,
    "effects": null,
    "width": 9,
    "height": 7
  },
  "tilesDisallowToLocate": [],
  "runes": null,
  "globalBuffs": [],
  "routes": [
    null,
    null,
    {
      "motionMode": 0,
      "startPosition": {
        "row": 6,
        "col": 1
      },
      "endPosition": {
        "row": 1,
        "col": 8
      },
      "spawnRandomRange": {
        "x": 0.0,
        "y": 0.0
      },
      "spawnOffset": {
        "x": 0.0,
        "y": 0.0
      },
      "checkpoints": [],
      "allowDiagonalMove": true,
      "visitEveryTileCenter": false,
      "visitEveryNodeCenter": false
    },
    {
      "motionMode": 0,
      "startPosition": {
        "row": 1,
        "col": 0
      },
      "endPosition": {
        "row": 1,
        "col": 8
      },
      "spawnRandomRange": {
        "x": 0.0,
        "y": 0.0
      },
      "spawnOffset": {
        "x": 0.0,
        "y": 0.0
      },
      "checkpoints": [],
      "allowDiagonalMove": true,
      "visitEveryTileCenter": false,
      "visitEveryNodeCenter": false
    }
  ],
  "enemies": [],
  "enemyDbRefs": [
    {
      "useDb": true,
      "id": "enemy_1002_nsabr",
      "level": 0,
      "overwrittenData": {
        "name": {
          "m_defined": false,
          "m_value": null
        },
        "description": {
          "m_defined": false,
          "m_value": null
        },
        "prefabKey": {
          "m_defined": false,
          "m_value": null
        },
        "attributes": {
          "maxHp": {
            "m_defined": false,
            "m_value": 0
          },
          "atk": {
            "m_defined": true,
            "m_value": 170
          },
          "def": {
            "m_defined": false,
            "m_value": 0
          },
          "magicResistance": {
            "m_defined": false,
            "m_value": 0.0
          },
          "cost": {
            "m_defined": false,
            "m_value": 0
          },
          "blockCnt": {
            "m_defined": false,
            "m_value": 0
          },
          "moveSpeed": {
            "m_defined": false,
            "m_value": 0.0
          },
          "attackSpeed": {
            "m_defined": false,
            "m_value": 0.0
          },
          "baseAttackTime": {
            "m_defined": false,
            "m_value": 0.0
          },
          "respawnTime": {
            "m_defined": false,
            "m_value": 0
          },
          "hpRecoveryPerSec": {
            "m_defined": false,
            "m_value": 0.0
          },
          "spRecoveryPerSec": {
            "m_defined": false,
            "m_value": 0.0
          },
          "maxDeployCount": {
            "m_defined": false,
            "m_value": 0
          },
          "massLevel": {
            "m_defined": false,
            "m_value": 0
          },
          "baseForceLevel": {
            "m_defined": false,
            "m_value": 0
          },
          "stunImmune": {
            "m_defined": false,
            "m_value": false
          },
          "silenceImmune": {
            "m_defined": false,
            "m_value": false
          }
        },
        "lifePointReduce": {
          "m_defined": false,
          "m_value": 0
        },
        "rangeRadius": {
          "m_defined": false,
          "m_value": 0.0
        },
        "talentBlackboard": null,
        "skills": null
      }
    },
    {
      "useDb": true,
      "id": "enemy_1016_diaman",
      "level": 0,
      "overwrittenData": null
    }
  ],
  "waves": [
    {
      "preDelay": 0.0,
      "postDelay": 0.0,
      "maxTimeWaitingForNextWave": -1.0,
      "fragments": [
        {
          "preDelay": 0.0,
          "actions": [
            {
              "actionType": 2,
              "managedByScheduler": true,
              "key": "obt/tutorial/training/training_14",
              "count": 1,
              "preDelay": 0.0,
              "interval": 1.0,
              "routeIndex": 0,
              "blockFragment": true,
              "autoPreviewRoute": false,
              "isUnharmfulAndAlwaysCountAsKilled": false
            }
          ],
          "name": null
        },
        {
          "preDelay": 0.0,
          "actions": [
            {
              "actionType": 5,
              "managedByScheduler": true,
              "key": "enemy_1016_diaman",
              "count": 3,
              "preDelay": 6.0,
              "interval": 15.0,
              "routeIndex": 1,
              "blockFragment": false,
              "autoPreviewRoute": true,
              "isUnharmfulAndAlwaysCountAsKilled": false
            },
            {
              "actionType": 0,
              "managedByScheduler": true,
              "key": "enemy_1016_diaman",
              "count": 3,
              "preDelay": 6.0,
              "interval": 14.0,
              "routeIndex": 2,
              "blockFragment": false,
              "autoPreviewRoute": true,
              "isUnharmfulAndAlwaysCountAsKilled": false
            },
            {
              "actionType": 0,
              "managedByScheduler": true,
              "key": "enemy_1002_nsabr",
              "count": 4,
              "preDelay": 3.0,
              "interval": 12.0,
              "routeIndex": 3,
              "blockFragment": false,
              "autoPreviewRoute": true,
              "isUnharmfulAndAlwaysCountAsKilled": false
            }
          ],
          "name": null
        }
      ],
      "name": null
    }
  ],
  "predefines": {
    "characterInsts": [],
    "tokenInsts": [],
    "characterCards": [
      {
        "hidden": false,
        "alias": null,
        "inst": {
          "characterKey": "char_235_jesica",
          "level": 30,
          "phase": 0,
          "favorPoint": 0,
          "potentialRank": 0
        },
        "skillIndex": 0,
        "mainSkillLvl": 3,
        "skinId": null
      },
      {
        "hidden": false,
        "alias": null,
        "inst": {
          "characterKey": "char_123_fang",
          "level": 30,
          "phase": 0,
          "favorPoint": 0,
          "potentialRank": 0
        },
        "skillIndex": 0,
        "mainSkillLvl": 3,
        "skinId": null
      },
      {
        "hidden": false,
        "alias": null,
        "inst": {
          "characterKey": "char_277_sqrrel",
          "level": 30,
          "phase": 0,
          "favorPoint": 0,
          "potentialRank": 0
        },
        "skillIndex": 0,
        "mainSkillLvl": 4,
        "skinId": null
      },
      {
        "hidden": false,
        "alias": null,
        "inst": {
          "characterKey": "char_240_wyvern",
          "level": 30,
          "phase": 0,
          "favorPoint": 0,
          "potentialRank": 0
        },
        "skillIndex": 0,
        "mainSkillLvl": 3,
        "skinId": null
      }
    ],
    "tokenCards": []
  },
  "excludeCharIdList": null,
  "randomSeed": 432245905
}