﻿Character,Rarity,Talent Name,Talent Description,Required Level,Required Potential Rank
Durin,2,Shorty's Luck,Gain 50% magic evasion,Lvl 30,0
12F,2,Evasion Increase,Gain 50% physical evasion,Lvl 30,0
Lava,3,Rapid Skill Use,"After deployment, immediately gain 15 SP",Elite 1 Lvl 1,0
,,Rapid Skill Use,"After deployment, immediately gain 20 (+5) SP",Elite 1 Lvl 1,4
,,Rapid Skill Use,"After deployment, immediately gain 30 SP",Elite 1 Lvl 55,0
,,Rapid Skill Use,"After deployment, immediately gain 35 (+5) SP",Elite 1 Lvl 55,4
Steward,3,Armor Break,"Attack +3%, prioritize attacking the enemy with the highest Defense",Elite 1 Lvl 1,0
,,Armor Break,"Attack +6%, prioritize attacking the enemy with the highest Defense",Elite 1 Lvl 55,0
Haze,4,Black Mist,Attacks inflict Magic resistance -10% for 1 second,Elite 1 Lvl 1,0
,,Black Mist,Attacks inflict Magic resistance -13% (+3%) for 1 second,Elite 1 Lvl 1,4
,,Black Mist,Attacks inflict Magic resistance -20% for 1 second,Elite 2 Lvl 1,0
,,Black Mist,Attacks inflict Magic resistance -23% (+3%) for 1 second,Elite 2 Lvl 1,4
Gitano,4,Divination,"After deployment, randomly gain one of the following effects for the rest of the battle: Attack +7%; Attack speed +7; Max HP +12%",Elite 1 Lvl 1,0
,,Divination,"After deployment, randomly gain one of the following effects for the rest of the battle: Attack +9% (+2%); Attack speed +9 (+2); Max HP +14% (+2%)",Elite 1 Lvl 1,4
,,Divination,"After deployment, randomly gain one of the following effects for the rest of the battle: Attack +13%; Attack speed +13; Max HP +20%",Elite 2 Lvl 1,0
,,Divination,"After deployment, randomly gain one of the following effects for the rest of the battle: Attack +15% (+2%); Attack speed +15 (+2); Max HP +22% (+2%)",Elite 2 Lvl 1,4
Greyy,4,Static Field,Attacks inflict 0.4 seconds of slow to enemies,Elite 1 Lvl 1,0
,,Static Field,Attacks inflict 0.6 seconds of slow to enemies,Elite 2 Lvl 1,0
Amiya,5,？？？,？？？？？,Lvl 1,0
,,Emotion Absorption,Additionally recover 2 SP when attacking enemies. Gain 8 SP after killing an enemy,Elite 2 Lvl 1,0
,,Emotion Absorption,Additionally recover 3 (+1) SP when attacking enemies. Gain 10 (+2) SP after killing an enemy,Elite 2 Lvl 1,5
Skyfire,5,Arcane Sniping,"When deployed, all blocked enemies receive +7% magical damage",Elite 1 Lvl 1,0
,,Arcane Sniping,"When deployed, all blocked enemies receive +10% (+3%) magical damage",Elite 1 Lvl 1,4
,,Arcane Sniping,"When deployed, all blocked enemies receive +15% magical damage",Elite 2 Lvl 1,0
,,Arcane Sniping,"When deployed, all blocked enemies receive +18% (+3%) magical damage",Elite 2 Lvl 1,4
Nightmare,5,Dual Personality,"When equipping Skill 1, obtain 20% physical and magic evasion. When equipping Skill 2, Attack +9%",Elite 1 Lvl 1,0
,,Dual Personality,"When equipping Skill 1, obtain 25% (+5%) physical and magic evasion. When equipping Skill 2, Attack +12% (+3%)",Elite 1 Lvl 1,4
,,Dual Personality,"When equipping Skill 1, obtain 40% physical and magic evasion. When equipping Skill 2, Attack +15%",Elite 2 Lvl 1,0
,,Dual Personality,"When equipping Skill 1, obtain 45% (+5%) physical and magic evasion. When equipping Skill 2, Attack +18% (+3%)",Elite 2 Lvl 1,4
Leizi,5,Uninterrupted Passage,"When attacking unblocked enemies, increase Attack to 110%",Elite 1 Lvl 1,0
,,Uninterrupted Passage,"When attacking unblocked enemies, increase Attack to 113% (+3%)",Elite 1 Lvl 1,4
,,Uninterrupted Passage,"When attacking unblocked enemies, increase Attack to 120%",Elite 2 Lvl 1,0
,,Uninterrupted Passage,"When attacking unblocked enemies, increase Attack to 123% (+3%)",Elite 2 Lvl 1,4
Absinthe,5,Enforcer,"When attacking enemies with less than 40% HP, increase damage by 12%",Elite 1 Lvl 1,0
,,Enforcer,"When attacking enemies with less than 40% HP, increase damage by 18% (+6%)",Elite 1 Lvl 1,4
,,Enforcer,"When attacking enemies with less than 40% HP, increase damage by 24%",Elite 2 Lvl 1,0
,,Enforcer,"When attacking enemies with less than 40% HP, increase damage by 30% (+6%)",Elite 2 Lvl 1,4
Leonhardt,5,Lethal Fragments,"For every enemy within attack range, self Attack +3% (stacks up to 5 layers)",Elite 1 Lvl 1,0
,,Lethal Fragments,"For every enemy within attack range, self Attack +3% (stacks up to 6 (+1) layers)",Elite 1 Lvl 1,4
,,Lethal Fragments,"For every enemy within attack range, self Attack +4% (stacks up to 5 layers)",Elite 2 Lvl 1,0
,,Lethal Fragments,"For every enemy within attack range, self Attack +4% (stacks up to 6 (+1) layers)",Elite 2 Lvl 1,4
Ifrit,6,Mental Dissolution,All enemies within attack range get Magic resistance -15%,Lvl 1,0
,,Mental Dissolution,All enemies within attack range get Magic resistance -19% (+4%),Lvl 1,2
,,Mental Dissolution,All enemies within attack range get Magic resistance -27%,Elite 1 Lvl 1,0
,,Mental Dissolution,All enemies within attack range get Magic resistance -31% (+4%),Elite 1 Lvl 1,2
,,Mental Dissolution,All enemies within attack range get Magic resistance -40%,Elite 2 Lvl 1,0
,,Mental Dissolution,All enemies within attack range get Magic resistance -44% (+4%),Elite 2 Lvl 1,2
,,Rhine Circuitry,Recover an additional 2 SP every 6 seconds,Elite 2 Lvl 1,0
,,Rhine Circuitry,Recover an additional 2 SP every 5.5 (-0.5) seconds,Elite 2 Lvl 1,5
Eyjafjalla,6,Inflammation,"When deployed, all ally 【Caster】 operatives gain Attack +7%",Elite 1 Lvl 1,0
,,Inflammation,"When deployed, all ally 【Caster】 operatives gain Attack +9% (+2%)",Elite 1 Lvl 1,5
,,Inflammation,"When deployed, all ally 【Caster】 operatives gain Attack +14%",Elite 2 Lvl 1,0
,,Inflammation,"When deployed, all ally 【Caster】 operatives gain Attack +16% (+2%)",Elite 2 Lvl 1,5
,,Chaotic Flame,"After deployment, immediately gain a random amount of SP (7-16 SP)",Elite 2 Lvl 1,0
,,Chaotic Flame,"After deployment, immediately gain a random (higher) amount of SP (10-20 SP)",Elite 2 Lvl 1,2
Mostima,6,Skill Aura · Caster,"When deployed, all ally 【Caster】 operatives' SP recovery speed +0.2 SP/sec (does not stack with similar effects)",Elite 1 Lvl 1,0
,,Skill Aura · Caster,"When deployed, all ally 【Caster】 operatives' SP recovery speed +0.4 SP/sec  (does not stack with similar effects)",Elite 2 Lvl 1,0
,,Subjective Time Dilation,Movement speed of enemies within attack range -15%,Elite 2 Lvl 1,0
,,Subjective Time Dilation,Movement speed of enemies within attack range -18% (+3%),Elite 2 Lvl 1,4
Ceobe,6,Whittling,"When attacking, deal additional magic damage equal to 25% of the target's Defense",Elite 1 Lvl 1,0
,,Whittling,"When attacking, deal additional magic damage equal to 29% (+4%) of the target's Defense",Elite 1 Lvl 1,4
,,Whittling,"When attacking, deal additional magic damage equal to 40% of the target's Defense",Elite 2 Lvl 1,0
,,Whittling,"When attacking, deal additional magic damage equal to 44% (+4%) of the target's Defense",Elite 2 Lvl 1,4
,,Lone Journey,"When there are no allies in the 4 adjacent tiles, Attack +8% and Attack speed +8",Elite 2 Lvl 1,0
,,,,,
,,,,,
,,,,,
,,,,,
,,,,,
,,,,,
,,,,,
,,,,,
,,,,,
,,,,,
,,,,,
,,,,,
,,,,,
,,,,,
,,,,,
,,,,,
,,,,,
,,,,,
,,,,,
,,,,,
,,,,,
,,,,,
,,,,,
,,,,,
,,,,,
,,,,,
,,,,,
,,,,,
,,,,,
,,,,,
,,,,,
,,,,,
,,,,,
,,,,,
,,,,,
,,,,,
,,,,,
,,,,,
,,,,,
,,,,,
,,,,,
,,,,,
,,,,,
,,,,,
,,,,,
,,,,,
,,,,,
,,,,,
,,,,,
,,,,,
,,,,,
,,,,,
,,,,,
,,,,,
,,,,,
,,,,,
,,,,,
,,,,,
,,,,,
,,,,,
,,,,,
,,,,,
,,,,,
,,,,,
,,,,,
,,,,,
,,,,,
,,,,,
,,,,,
,,,,,
,,,,,
,,,,,
,,,,,
,,,,,
,,,,,
,,,,,
,,,,,
,,,,,
,,,,,
,,,,,
,,,,,
,,,,,
,,,,,
,,,,,
,,,,,
,,,,,
,,,,,
,,,,,
,,,,,
,,,,,
,,,,,
,,,,,
,,,,,
,,,,,
,,,,,
,,,,,
,,,,,
,,,,,
,,,,,
,,,,,
,,,,,
,,,,,
,,,,,
,,,,,
,,,,,
,,,,,
,,,,,
,,,,,
,,,,,
,,,,,
,,,,,
,,,,,
,,,,,
,,,,,
,,,,,
,,,,,
,,,,,
,,,,,
,,,,,
,,,,,
,,,,,
,,,,,
,,,,,
,,,,,
,,,,,
,,,,,
,,,,,
,,,,,
,,,,,
,,,,,
,,,,,
,,,,,
,,,,,
,,,,,
,,,,,
,,,,,
,,,,,
,,,,,
,,,,,
,,,,,
,,,,,
,,,,,
,,,,,
,,,,,
,,,,,
,,,,,
,,,,,
,,,,,
,,,,,
,,,,,
,,,,,
,,,,,
,,,,,
,,,,,
,,,,,
,,,,,
,,,,,
,,,,,
,,,,,
,,,,,
,,,,,
,,,,,
,,,,,
,,,,,
,,,,,
,,,,,
,,,,,
,,,,,
,,,,,
,,,,,
,,,,,
,,,,,
,,,,,
,,,,,
,,,,,
,,,,,
,,,,,
,,,,,
,,,,,
,,,,,
,,,,,
,,,,,
,,,,,
,,,,,
,,,,,
,,,,,
,,,,,
,,,,,
,,,,,
,,,,,
,,,,,
,,,,,
,,,,,
,,,,,
,,,,,
,,,,,
,,,,,
,,,,,
,,,,,
,,,,,
,,,,,
,,,,,
,,,,,
,,,,,
,,,,,
,,,,,
,,,,,
,,,,,
,,,,,
,,,,,
,,,,,
,,,,,
,,,,,
,,,,,
,,,,,
,,,,,
,,,,,
,,,,,
,,,,,
,,,,,
,,,,,
,,,,,
,,,,,
,,,,,
,,,,,
,,,,,
,,,,,
,,,,,
,,,,,
,,,,,
,,,,,
,,,,,
,,,,,
,,,,,
,,,,,
,,,,,
,,,,,
,,,,,
,,,,,
,,,,,
,,,,,
,,,,,
,,,,,
,,,,,
,,,,,
,,,,,
,,,,,
,,,,,
,,,,,
,,,,,
,,,,,
,,,,,
,,,,,
,,,,,
,,,,,
,,,,,
,,,,,
,,,,,
,,,,,
,,,,,
,,,,,
,,,,,
,,,,,
,,,,,
,,,,,
,,,,,
,,,,,
,,,,,
,,,,,
,,,,,
,,,,,
,,,,,
,,,,,
,,,,,
,,,,,
,,,,,
,,,,,
,,,,,
,,,,,
,,,,,
,,,,,
,,,,,
,,,,,
,,,,,
,,,,,
,,,,,
,,,,,
,,,,,
,,,,,
,,,,,
,,,,,
,,,,,
,,,,,
,,,,,
,,,,,
,,,,,
,,,,,
,,,,,
,,,,,
,,,,,
,,,,,
,,,,,
,,,,,
,,,,,
,,,,,
,,,,,
,,,,,
,,,,,
,,,,,
,,,,,
,,,,,
,,,,,
,,,,,
,,,,,
,,,,,
,,,,,
,,,,,
,,,,,
,,,,,
,,,,,
,,,,,
,,,,,
,,,,,
,,,,,
,,,,,
,,,,,
,,,,,
,,,,,
,,,,,
,,,,,
,,,,,
,,,,,
,,,,,
,,,,,
,,,,,
,,,,,
,,,,,
,,,,,
,,,,,
,,,,,
,,,,,
,,,,,
,,,,,
,,,,,
,,,,,
,,,,,
,,,,,
,,,,,
,,,,,
,,,,,
,,,,,
,,,,,
,,,,,
,,,,,
,,,,,
,,,,,
,,,,,
,,,,,
,,,,,
,,,,,
,,,,,
,,,,,
,,,,,
,,,,,
,,,,,
,,,,,
,,,,,
,,,,,
,,,,,
,,,,,
,,,,,
,,,,,
,,,,,
,,,,,
,,,,,
,,,,,
,,,,,
,,,,,
,,,,,
,,,,,
,,,,,
,,,,,
,,,,,
,,,,,
,,,,,
,,,,,
,,,,,
,,,,,
,,,,,
,,,,,
,,,,,
,,,,,
,,,,,
,,,,,
,,,,,
,,,,,
,,,,,
,,,,,
,,,,,
,,,,,
,,,,,
,,,,,
,,,,,
,,,,,
,,,,,
,,,,,
,,,,,
,,,,,
,,,,,
,,,,,
,,,,,
,,,,,
,,,,,
,,,,,
,,,,,
,,,,,
,,,,,
,,,,,
,,,,,
,,,,,
,,,,,
,,,,,
,,,,,
,,,,,
,,,,,
,,,,,
,,,,,
,,,,,
,,,,,
,,,,,
,,,,,
,,,,,
,,,,,
,,,,,
,,,,,
,,,,,
,,,,,
,,,,,
,,,,,
,,,,,
,,,,,
,,,,,
,,,,,
,,,,,
,,,,,
,,,,,
,,,,,
,,,,,
,,,,,
,,,,,
,,,,,
,,,,,
,,,,,
,,,,,
,,,,,
,,,,,
,,,,,
,,,,,
,,,,,
,,,,,
,,,,,
,,,,,
,,,,,
,,,,,
,,,,,
,,,,,
,,,,,
,,,,,
,,,,,
,,,,,
,,,,,
,,,,,
,,,,,
,,,,,
,,,,,
,,,,,
,,,,,
,,,,,
,,,,,
,,,,,
,,,,,
,,,,,
,,,,,
,,,,,
,,,,,
,,,,,
,,,,,
,,,,,
,,,,,
,,,,,
,,,,,
,,,,,
,,,,,
,,,,,
,,,,,
,,,,,
,,,,,
,,,,,
,,,,,
,,,,,
,,,,,
,,,,,
,,,,,
,,,,,
,,,,,
,,,,,
,,,,,
,,,,,
,,,,,
,,,,,
,,,,,
,,,,,
,,,,,
,,,,,
,,,,,
,,,,,
,,,,,
,,,,,
,,,,,
,,,,,
,,,,,
,,,,,
,,,,,
,,,,,
,,,,,
,,,,,
,,,,,
,,,,,
,,,,,
,,,,,
,,,,,
,,,,,
,,,,,
,,,,,
,,,,,
,,,,,
,,,,,
,,,,,
,,,,,
,,,,,
,,,,,
,,,,,
,,,,,
,,,,,
,,,,,
,,,,,
,,,,,
,,,,,
,,,,,
,,,,,
,,,,,
,,,,,
,,,,,
,,,,,
,,,,,
,,,,,
,,,,,
,,,,,
,,,,,
,,,,,
,,,,,
,,,,,
,,,,,
,,,,,
,,,,,
,,,,,
,,,,,
,,,,,
,,,,,
,,,,,
,,,,,
,,,,,
,,,,,
,,,,,
,,,,,
,,,,,
,,,,,
,,,,,
,,,,,
,,,,,
,,,,,
,,,,,
,,,,,
,,,,,
,,,,,
,,,,,
,,,,,
,,,,,
,,,,,
,,,,,
,,,,,
,,,,,
,,,,,
,,,,,
,,,,,
,,,,,
,,,,,
,,,,,
,,,,,
,,,,,
,,,,,
,,,,,
,,,,,
,,,,,
,,,,,
,,,,,
,,,,,
,,,,,
,,,,,
,,,,,
,,,,,
,,,,,
,,,,,
,,,,,
,,,,,
,,,,,
,,,,,
,,,,,
,,,,,
,,,,,
,,,,,
,,,,,
,,,,,
,,,,,
,,,,,
,,,,,
,,,,,
,,,,,
,,,,,
,,,,,
,,,,,
,,,,,
,,,,,
,,,,,
,,,,,
,,,,,
,,,,,
,,,,,
,,,,,
,,,,,
,,,,,
,,,,,
,,,,,
,,,,,
,,,,,
,,,,,
,,,,,
,,,,,
,,,,,
,,,,,
,,,,,
,,,,,
,,,,,
,,,,,
,,,,,
,,,,,
,,,,,
,,,,,
,,,,,
,,,,,
,,,,,
,,,,,
,,,,,
,,,,,
,,,,,
,,,,,
,,,,,
,,,,,
,,,,,
,,,,,
,,,,,
,,,,,
,,,,,
,,,,,
,,,,,
,,,,,
,,,,,
,,,,,
,,,,,
,,,,,
,,,,,
,,,,,
,,,,,
,,,,,
,,,,,
,,,,,
,,,,,
,,,,,
,,,,,
,,,,,
,,,,,
,,,,,
,,,,,
,,,,,
,,,,,
,,,,,
,,,,,
,,,,,
,,,,,
,,,,,
,,,,,
,,,,,
,,,,,
,,,,,
,,,,,
,,,,,
,,,,,
,,,,,
,,,,,
,,,,,
,,,,,
,,,,,
,,,,,
,,,,,
,,,,,
,,,,,
,,,,,
,,,,,
,,,,,
,,,,,
,,,,,
,,,,,
,,,,,
,,,,,
,,,,,
,,,,,
,,,,,
,,,,,
,,,,,
,,,,,
,,,,,
,,,,,
,,,,,
,,,,,
,,,,,
,,,,,
,,,,,
,,,,,
,,,,,
,,,,,
,,,,,
,,,,,
,,,,,
,,,,,
,,,,,
,,,,,
,,,,,
,,,,,
,,,,,
,,,,,
,,,,,
,,,,,
,,,,,
,,,,,
,,,,,
,,,,,
,,,,,
,,,,,
,,,,,
,,,,,
,,,,,
,,,,,
,,,,,
,,,,,
,,,,,
,,,,,
,,,,,
,,,,,
,,,,,
,,,,,
,,,,,
,,,,,
,,,,,
,,,,,
,,,,,
,,,,,
,,,,,
,,,,,
,,,,,
,,,,,
,,,,,
,,,,,
,,,,,
,,,,,
,,,,,
,,,,,
,,,,,
,,,,,
,,,,,
,,,,,
,,,,,
,,,,,
,,,,,
,,,,,
,,,,,
,,,,,
,,,,,
,,,,,
,,,,,
,,,,,
,,,,,
,,,,,
,,,,,
,,,,,
,,,,,
,,,,,
,,,,,
,,,,,
,,,,,
,,,,,
,,,,,
,,,,,
,,,,,
,,,,,
,,,,,
,,,,,
,,,,,
,,,,,
,,,,,
,,,,,
,,,,,
,,,,,
,,,,,
,,,,,
,,,,,
,,,,,
,,,,,
,,,,,
,,,,,
,,,,,
,,,,,
,,,,,
,,,,,
,,,,,
,,,,,
,,,,,
,,,,,
,,,,,
,,,,,
,,,,,
,,,,,
,,,,,
,,,,,
,,,,,
,,,,,
,,,,,
,,,,,
,,,,,
,,,,,
,,,,,
,,,,,
,,,,,
,,,,,
,,,,,
,,,,,
,,,,,
,,,,,
,,,,,
,,,,,
,,,,,
,,,,,
,,,,,
,,,,,
,,,,,
,,,,,
,,,,,
,,,,,
,,,,,
,,,,,
,,,,,
,,,,,
,,,,,
,,,,,
,,,,,
,,,,,
,,,,,
,,,,,
,,,,,
,,,,,
,,,,,
,,,,,
,,,,,
,,,,,
,,,,,
,,,,,
,,,,,
,,,,,
,,,,,
,,,,,
,,,,,
,,,,,
,,,,,
,,,,,
,,,,,
,,,,,
,,,,,
,,,,,
,,,,,
,,,,,
,,,,,
,,,,,
,,,,,
,,,,,
,,,,,
,,,,,
,,,,,
,,,,,
,,,,,
,,,,,
,,,,,
,,,,,
,,,,,
,,,,,
,,,,,
,,,,,
,,,,,
,,,,,
,,,,,
,,,,,
,,,,,
,,,,,
,,,,,
,,,,,
,,,,,
,,,,,
,,,,,
,,,,,
,,,,,
,,,,,
,,,,,
,,,,,
,,,,,
,,,,,
,,,,,
,,,,,
,,,,,
,,,,,
,,,,,
,,,,,
,,,,,
,,,,,
,,,,,
,,,,,
,,,,,
,,,,,
,,,,,
,,,,,
,,,,,
,,,,,
,,,,,
,,,,,
,,,,,
,,,,,
