﻿Character,Rarity,Talent Name,Talent Description,Required Level,Required Potential Rank
Noir Corne,2,Armor Enhancement,Max HP and Defense +12%,Lvl 30,0
Cardigan,3,Max HP Increase,Max HP +6%,Elite 1 Lvl 1,0
,,Max HP Increase,Max HP +12%,Elite 1 Lvl 55,0
Beagle,3,Defense Increase,Defense +5%,Elite 1 Lvl 1,0
,,Defense Increase,Defense +10%,Elite 1 Lvl 55,0
Spot,3,Smoke Device,"After healing an ally, grant 10% physical evasion to them for 3 seconds",Elite 1 Lvl 1,0
,,Smoke Device,"After healing an ally, grant 15% (+5%) physical evasion to them for 3 seconds",Elite 1 Lvl 1,4
,,Smoke Device,"After healing an ally, grant 20% physical evasion to them for 3 seconds",Elite 1 Lvl 55,0
,,Smoke Device,"After healing an ally, grant 25% (+5%) physical evasion to them for 3 seconds",Elite 1 Lvl 55,4
Matterhorn,4,Snow Plain Defender,Magic resistance +7,Elite 1 Lvl 1,0
,,Snow Plain Defender,Magic resistance +15,Elite 2 Lvl 1,0
Cuora,4,Defense Specialization,Defense +6%,Elite 1 Lvl 1,0
,,Defense Specialization,Defense +12%,Elite 2 Lvl 1,0
Гум (Gum),4,Saucepan Specialization,"When attacking, 10% chance to increase Attack to 150% and stun the enemy for 0.5 seconds",Elite 1 Lvl 1,0
,,Saucepan Specialization,"When attacking, 13% (+3%) chance to increase Attack to 150% and stun the enemy for 0.5 seconds",Elite 1 Lvl 1,4
,,Saucepan Specialization,"When attacking, 15% chance to increase Attack to 200% and stun the enemy for 1 second",Elite 2 Lvl 1,0
,,Saucepan Specialization,"When attacking, 18% (+3%) chance to increase Attack to 200% and stun the enemy for 1 second",Elite 2 Lvl 1,4
Dur-nar,4,Offense & Defense,Attack and Defense +4%,Elite 1 Lvl 1,0
,,Offense & Defense,Attack and Defense +7%,Elite 2 Lvl 1,0
Nearl,5,Healing Effect Enhancement,Healing effectiveness +10%,Elite 1 Lvl 1,0
,,Healing Effect Enhancement,Healing effectiveness +12% (+2%),Elite 1 Lvl 1,4
,,Pegasus Aura,"When deployed, all allies' healing effectiveness +10%",Elite 2 Lvl 1,0
,,Pegasus Aura,"When deployed, all allies' healing effectiveness +12% (+2%)",Elite 2 Lvl 1,4
Liskarm,5,Tactical Defense,"When attacked, recover 1 SP to self and a random nearby ally",Elite 1 Lvl 1,0
,,Lightning Resistance,Magic resistance +10,Elite 2 Lvl 1,0
,,Lightning Resistance,Magic resistance +13 (+3),Elite 2 Lvl 1,4
Croissant,5,Miracle Field,Has 10% chance to block physical and magical damage. Allies within the adjacent 4 tiles gain half the effect,Elite 1 Lvl 1,0
,,Miracle Field,Has 13% (+3%) chance to block physical and magical damage. Allies within the adjacent 4 tiles gain half the effect,Elite 1 Lvl 1,4
,,Miracle Field,Has 20% chance to block physical and magical damage. Allies within the adjacent 4 tiles gain half the effect,Elite 2 Lvl 1,0
,,Miracle Field,Has 23% (+3%) chance to block physical and magical damage. Allies within the adjacent 4 tiles gain half the effect,Elite 2 Lvl 1,4
Vulcan,5,Self-defense,"While skill is active, recover 4% Max HP every second",Elite 1 Lvl 1,0
,,Self-defense,"While skill is active, recover 5% (+1%) Max HP every second",Elite 1 Lvl 1,4
,,Self-defense,"While skill is active, recover 4% Max HP every second and gain 25% melee physical evasion",Elite 2 Lvl 1,0
,,Self-defense,"While skill is active, recover 5% (+1%) Max HP every second and gain 30% (+5%) melee physical evasion",Elite 2 Lvl 1,4
Bison,5,Cross Cover,"When deployed, Defense +25. Apply the same effect to the operative behind if they are 【Vanguard】 or 【Guard】 operatives",Elite 1 Lvl 1,0
,,Cross Cover,"When deployed, Defense +45 (+20). Apply the same effect to the operative behind if they are 【Vanguard】 or 【Guard】 operatives",Elite 1 Lvl 1,4
,,Cross Cover,"When deployed, Defense +50. Apply the same effect to the operative behind if they are 【Vanguard】 or 【Guard】 operatives",Elite 2 Lvl 1,0
,,Cross Cover,"When deployed, Defense +70 (+20). Apply the same effect to the operative behind if they are 【Vanguard】 or 【Guard】 operatives",Elite 2 Lvl 1,4
Hung,5,Gatekeeper,Defense +6%,Elite 1 Lvl 1,0
,,Gatekeeper,Defense +8% (+2%),Elite 1 Lvl 1,4
,,Gatekeeper,"Defense +6%. If the tile behind is a high tile, healing effectiveness to self +75%",Elite 2 Lvl 1,0
,,Gatekeeper,"Defense +8% (+2%). If the tile behind is a high tile, healing effectiveness to self +85% (+10%)",Elite 2 Lvl 1,4
Asbestos,5,Moist Skin,"Magic resistance +5. When attacked by a magic normal attack, recover 1 SP to self",Elite 1 Lvl 1,0
,,Moist Skin,"Magic resistance +10. When attacked by a magic normal attack, recover 3 SP to self",Elite 2 Lvl 1,0
Hoshiguma,6,Tactical Armor,Gain 12% physical and magical block,Elite 1 Lvl 1,0
,,Tactical Armor,Gain 15% (+3%) physical and magical block,Elite 1 Lvl 1,2
,,Tactical Armor,Gain 25% physical and magical block,Elite 2 Lvl 1,0
,,Tactical Armor,Gain 28% (+3%) physical and magical block,Elite 2 Lvl 1,2
,,Special Tactics,"When deployed, all ally 【Defender】 operatives gain Defense +6%",Elite 2 Lvl 1,0
,,Special Tactics,"When deployed, all ally 【Defender】 operatives gain Defense +8% (+2%)",Elite 2 Lvl 1,5
Saria,6,Rhine Chargeable Armor,"Every 20 seconds after deployment, Attack +2%, Defense +2%, stacks up to 5 layers",Elite 1 Lvl 1,0
,,Rhine Chargeable Armor,"Every 20 seconds after deployment, Attack +3% (+1%), Defense +3% (+1%), stacks up to 5 layers",Elite 1 Lvl 1,4
,,Rhine Chargeable Armor,"Every 20 seconds after deployment, Attack +5%, Defense +4%, stacks up to 5 layers",Elite 2 Lvl 1,0
,,Rhine Chargeable Armor,"Every 20 seconds after deployment, Attack +6% (+1%), Defense +5% (+1%), stacks up to 5 layers",Elite 2 Lvl 1,4
,,Spiritual Recovery,"When healing an ally, grant 1 SP to the target",Elite 2 Lvl 1,0
Nian,6,Mountainous Armor,"When in team, all ally 【Defender】 operatives gain Max HP +8%",Elite 1 Lvl 1,0
,,Mountainous Armor,"When in team, all ally 【Defender】 operatives gain Max HP +12% (+4%)",Elite 1 Lvl 1,4
,,Mountainous Armor,"When in team, all ally 【Defender】 operatives gain Max HP +16%",Elite 2 Lvl 1,0
,,Mountainous Armor,"When in team, all ally 【Defender】 operatives gain Max HP +20% (+4%)",Elite 2 Lvl 1,4
,,Omniscience,Immediately gain 3 shields after deployment (can block 3 attacks),Elite 2 Lvl 1,0
,,,,,
,,,,,
,,,,,
,,,,,
,,,,,
,,,,,
,,,,,
,,,,,
,,,,,
,,,,,
,,,,,
,,,,,
,,,,,
,,,,,
,,,,,
,,,,,
,,,,,
,,,,,
,,,,,
,,,,,
,,,,,
,,,,,
,,,,,
,,,,,
,,,,,
,,,,,
,,,,,
,,,,,
,,,,,
,,,,,
,,,,,
,,,,,
,,,,,
,,,,,
,,,,,
,,,,,
,,,,,
,,,,,
,,,,,
,,,,,
,,,,,
,,,,,
,,,,,
,,,,,
,,,,,
,,,,,
,,,,,
,,,,,
,,,,,
,,,,,
,,,,,
,,,,,
,,,,,
,,,,,
,,,,,
,,,,,
,,,,,
,,,,,
,,,,,
,,,,,
,,,,,
,,,,,
,,,,,
,,,,,
,,,,,
,,,,,
,,,,,
,,,,,
,,,,,
,,,,,
,,,,,
,,,,,
,,,,,
,,,,,
,,,,,
,,,,,
,,,,,
,,,,,
,,,,,
,,,,,
,,,,,
,,,,,
,,,,,
,,,,,
,,,,,
,,,,,
,,,,,
,,,,,
,,,,,
,,,,,
,,,,,
,,,,,
,,,,,
,,,,,
,,,,,
,,,,,
,,,,,
,,,,,
,,,,,
,,,,,
,,,,,
,,,,,
,,,,,
,,,,,
,,,,,
,,,,,
,,,,,
,,,,,
,,,,,
,,,,,
,,,,,
,,,,,
,,,,,
,,,,,
,,,,,
,,,,,
,,,,,
,,,,,
,,,,,
,,,,,
,,,,,
,,,,,
,,,,,
,,,,,
,,,,,
,,,,,
,,,,,
,,,,,
,,,,,
,,,,,
,,,,,
,,,,,
,,,,,
,,,,,
,,,,,
,,,,,
,,,,,
,,,,,
,,,,,
,,,,,
,,,,,
,,,,,
,,,,,
,,,,,
,,,,,
,,,,,
,,,,,
,,,,,
,,,,,
,,,,,
,,,,,
,,,,,
,,,,,
,,,,,
,,,,,
,,,,,
,,,,,
,,,,,
,,,,,
,,,,,
,,,,,
,,,,,
,,,,,
,,,,,
,,,,,
,,,,,
,,,,,
,,,,,
,,,,,
,,,,,
,,,,,
,,,,,
,,,,,
,,,,,
,,,,,
,,,,,
,,,,,
,,,,,
,,,,,
,,,,,
,,,,,
,,,,,
,,,,,
,,,,,
,,,,,
,,,,,
,,,,,
,,,,,
,,,,,
,,,,,
,,,,,
,,,,,
,,,,,
,,,,,
,,,,,
,,,,,
,,,,,
,,,,,
,,,,,
,,,,,
,,,,,
,,,,,
,,,,,
,,,,,
,,,,,
,,,,,
,,,,,
,,,,,
,,,,,
,,,,,
,,,,,
,,,,,
,,,,,
,,,,,
,,,,,
,,,,,
,,,,,
,,,,,
,,,,,
,,,,,
,,,,,
,,,,,
,,,,,
,,,,,
,,,,,
,,,,,
,,,,,
,,,,,
,,,,,
,,,,,
,,,,,
,,,,,
,,,,,
,,,,,
,,,,,
,,,,,
,,,,,
,,,,,
,,,,,
,,,,,
,,,,,
,,,,,
,,,,,
,,,,,
,,,,,
,,,,,
,,,,,
,,,,,
,,,,,
,,,,,
,,,,,
,,,,,
,,,,,
,,,,,
,,,,,
,,,,,
,,,,,
,,,,,
,,,,,
,,,,,
,,,,,
,,,,,
,,,,,
,,,,,
,,,,,
,,,,,
,,,,,
,,,,,
,,,,,
,,,,,
,,,,,
,,,,,
,,,,,
,,,,,
,,,,,
,,,,,
,,,,,
,,,,,
,,,,,
,,,,,
,,,,,
,,,,,
,,,,,
,,,,,
,,,,,
,,,,,
,,,,,
,,,,,
,,,,,
,,,,,
,,,,,
,,,,,
,,,,,
,,,,,
,,,,,
,,,,,
,,,,,
,,,,,
,,,,,
,,,,,
,,,,,
,,,,,
,,,,,
,,,,,
,,,,,
,,,,,
,,,,,
,,,,,
,,,,,
,,,,,
,,,,,
,,,,,
,,,,,
,,,,,
,,,,,
,,,,,
,,,,,
,,,,,
,,,,,
,,,,,
,,,,,
,,,,,
,,,,,
,,,,,
,,,,,
,,,,,
,,,,,
,,,,,
,,,,,
,,,,,
,,,,,
,,,,,
,,,,,
,,,,,
,,,,,
,,,,,
,,,,,
,,,,,
,,,,,
,,,,,
,,,,,
,,,,,
,,,,,
,,,,,
,,,,,
,,,,,
,,,,,
,,,,,
,,,,,
,,,,,
,,,,,
,,,,,
,,,,,
,,,,,
,,,,,
,,,,,
,,,,,
,,,,,
,,,,,
,,,,,
,,,,,
,,,,,
,,,,,
,,,,,
,,,,,
,,,,,
,,,,,
,,,,,
,,,,,
,,,,,
,,,,,
,,,,,
,,,,,
,,,,,
,,,,,
,,,,,
,,,,,
,,,,,
,,,,,
,,,,,
,,,,,
,,,,,
,,,,,
,,,,,
,,,,,
,,,,,
,,,,,
,,,,,
,,,,,
,,,,,
,,,,,
,,,,,
,,,,,
,,,,,
,,,,,
,,,,,
,,,,,
,,,,,
,,,,,
,,,,,
,,,,,
,,,,,
,,,,,
,,,,,
,,,,,
,,,,,
,,,,,
,,,,,
,,,,,
,,,,,
,,,,,
,,,,,
,,,,,
,,,,,
,,,,,
,,,,,
,,,,,
,,,,,
,,,,,
,,,,,
,,,,,
,,,,,
,,,,,
,,,,,
,,,,,
,,,,,
,,,,,
,,,,,
,,,,,
,,,,,
,,,,,
,,,,,
,,,,,
,,,,,
,,,,,
,,,,,
,,,,,
,,,,,
,,,,,
,,,,,
,,,,,
,,,,,
,,,,,
,,,,,
,,,,,
,,,,,
,,,,,
,,,,,
,,,,,
,,,,,
,,,,,
,,,,,
,,,,,
,,,,,
,,,,,
,,,,,
,,,,,
,,,,,
,,,,,
,,,,,
,,,,,
,,,,,
,,,,,
,,,,,
,,,,,
,,,,,
,,,,,
,,,,,
,,,,,
,,,,,
,,,,,
,,,,,
,,,,,
,,,,,
,,,,,
,,,,,
,,,,,
,,,,,
,,,,,
,,,,,
,,,,,
,,,,,
,,,,,
,,,,,
,,,,,
,,,,,
,,,,,
,,,,,
,,,,,
,,,,,
,,,,,
,,,,,
,,,,,
,,,,,
,,,,,
,,,,,
,,,,,
,,,,,
,,,,,
,,,,,
,,,,,
,,,,,
,,,,,
,,,,,
,,,,,
,,,,,
,,,,,
,,,,,
,,,,,
,,,,,
,,,,,
,,,,,
,,,,,
,,,,,
,,,,,
,,,,,
,,,,,
,,,,,
,,,,,
,,,,,
,,,,,
,,,,,
,,,,,
,,,,,
,,,,,
,,,,,
,,,,,
,,,,,
,,,,,
,,,,,
,,,,,
,,,,,
,,,,,
,,,,,
,,,,,
,,,,,
,,,,,
,,,,,
,,,,,
,,,,,
,,,,,
,,,,,
,,,,,
,,,,,
,,,,,
,,,,,
,,,,,
,,,,,
,,,,,
,,,,,
,,,,,
,,,,,
,,,,,
,,,,,
,,,,,
,,,,,
,,,,,
,,,,,
,,,,,
,,,,,
,,,,,
,,,,,
,,,,,
,,,,,
,,,,,
,,,,,
,,,,,
,,,,,
,,,,,
,,,,,
,,,,,
,,,,,
,,,,,
,,,,,
,,,,,
,,,,,
,,,,,
,,,,,
,,,,,
,,,,,
,,,,,
,,,,,
,,,,,
,,,,,
,,,,,
,,,,,
,,,,,
,,,,,
,,,,,
,,,,,
,,,,,
,,,,,
,,,,,
,,,,,
,,,,,
,,,,,
,,,,,
,,,,,
,,,,,
,,,,,
,,,,,
,,,,,
,,,,,
,,,,,
,,,,,
,,,,,
,,,,,
,,,,,
,,,,,
,,,,,
,,,,,
,,,,,
,,,,,
,,,,,
,,,,,
,,,,,
,,,,,
,,,,,
,,,,,
,,,,,
,,,,,
,,,,,
,,,,,
,,,,,
,,,,,
,,,,,
,,,,,
,,,,,
,,,,,
,,,,,
,,,,,
,,,,,
,,,,,
,,,,,
,,,,,
,,,,,
,,,,,
,,,,,
,,,,,
,,,,,
,,,,,
,,,,,
,,,,,
,,,,,
,,,,,
,,,,,
,,,,,
,,,,,
,,,,,
,,,,,
,,,,,
,,,,,
,,,,,
,,,,,
,,,,,
,,,,,
,,,,,
,,,,,
,,,,,
,,,,,
,,,,,
,,,,,
,,,,,
,,,,,
,,,,,
,,,,,
,,,,,
,,,,,
,,,,,
,,,,,
,,,,,
,,,,,
,,,,,
,,,,,
,,,,,
,,,,,
,,,,,
,,,,,
,,,,,
,,,,,
,,,,,
,,,,,
,,,,,
,,,,,
,,,,,
,,,,,
,,,,,
,,,,,
,,,,,
,,,,,
,,,,,
,,,,,
,,,,,
,,,,,
,,,,,
,,,,,
,,,,,
,,,,,
,,,,,
,,,,,
,,,,,
,,,,,
,,,,,
,,,,,
,,,,,
,,,,,
,,,,,
,,,,,
,,,,,
,,,,,
,,,,,
,,,,,
,,,,,
,,,,,
,,,,,
,,,,,
,,,,,
,,,,,
,,,,,
,,,,,
,,,,,
,,,,,
,,,,,
,,,,,
,,,,,
,,,,,
,,,,,
,,,,,
,,,,,
,,,,,
,,,,,
,,,,,
,,,,,
,,,,,
,,,,,
,,,,,
,,,,,
,,,,,
,,,,,
,,,,,
,,,,,
,,,,,
,,,,,
,,,,,
,,,,,
,,,,,
,,,,,
,,,,,
,,,,,
,,,,,
,,,,,
,,,,,
,,,,,
,,,,,
,,,,,
,,,,,
,,,,,
,,,,,
,,,,,
,,,,,
,,,,,
,,,,,
,,,,,
,,,,,
,,,,,
,,,,,
,,,,,
,,,,,
,,,,,
,,,,,
,,,,,
,,,,,
,,,,,
,,,,,
,,,,,
,,,,,
,,,,,
,,,,,
,,,,,
,,,,,
,,,,,
,,,,,
,,,,,
,,,,,
,,,,,
,,,,,
,,,,,
,,,,,
,,,,,
,,,,,
,,,,,
,,,,,
,,,,,
,,,,,
,,,,,
,,,,,
,,,,,
,,,,,
,,,,,
,,,,,
,,,,,
,,,,,
,,,,,
,,,,,
,,,,,
,,,,,
,,,,,
,,,,,
,,,,,
,,,,,
,,,,,
,,,,,
,,,,,
,,,,,
,,,,,
,,,,,
,,,,,
,,,,,
,,,,,
,,,,,
,,,,,
,,,,,
,,,,,
,,,,,
,,,,,
,,,,,
,,,,,
,,,,,
,,,,,
,,,,,
,,,,,
,,,,,
,,,,,
,,,,,
,,,,,
,,,,,
,,,,,
,,,,,
,,,,,
,,,,,
,,,,,
,,,,,
,,,,,
,,,,,
,,,,,
,,,,,
,,,,,
,,,,,
,,,,,
,,,,,
,,,,,
,,,,,
,,,,,
,,,,,
,,,,,
,,,,,
,,,,,
,,,,,
,,,,,
,,,,,
,,,,,
,,,,,
,,,,,
,,,,,
,,,,,
,,,,,
,,,,,
,,,,,
,,,,,
,,,,,
,,,,,
,,,,,
,,,,,
,,,,,
,,,,,
,,,,,
,,,,,
,,,,,
,,,,,
,,,,,
,,,,,
,,,,,
,,,,,
,,,,,
,,,,,
,,,,,
,,,,,
,,,,,
,,,,,
,,,,,
,,,,,
,,,,,
,,,,,
,,,,,
,,,,,
,,,,,
,,,,,
,,,,,
,,,,,
,,,,,
,,,,,
,,,,,
,,,,,
,,,,,
,,,,,
,,,,,
,,,,,
,,,,,
,,,,,
,,,,,
,,,,,
,,,,,
,,,,,
,,,,,
,,,,,
,,,,,
,,,,,
,,,,,
,,,,,
,,,,,
,,,,,
,,,,,
,,,,,
,,,,,
,,,,,
,,,,,
,,,,,
,,,,,
,,,,,
,,,,,
,,,,,
,,,,,
,,,,,
,,,,,
,,,,,
,,,,,
,,,,,
,,,,,
,,,,,
,,,,,
,,,,,
,,,,,
,,,,,
,,,,,
,,,,,
,,,,,
,,,,,
,,,,,
,,,,,
,,,,,
,,,,,
,,,,,
,,,,,
,,,,,
