﻿Character,Rarity,Talent Name,Talent Description,Required Level,Required Potential Rank
Thermal-EX,1,Delayed Detonation·I,"3 seconds after deployment, deal 300% physical damage to all enemies in the surrounding 8 tiles and apply 【Weakening】 effect to them (damage taken is increased by 10%) (When stacked, only the strongest effect becomes active). Afterwards, Thermal-EX is forcibly retreated",Lvl 1,0
,,Delayed Detonation·II,"3 seconds after deployment, deal 320% physical damage to all enemies in the surrounding 8 tiles and apply 【Weakening】 effect to them (damage taken is increased by 18%) (When stacked, only the strongest effect becomes active). Afterwards, Thermal-EX is forcibly retreated",Lvl 1,1
,,Delayed Detonation·III,"3 seconds after deployment, deal 340% physical damage to all enemies in the surrounding 8 tiles and apply 【Weakening】 effect to them (damage taken is increased by 21%) (When stacked, only the strongest effect becomes active). Afterwards, Thermal-EX is forcibly retreated",Lvl 1,2
,,Delayed Detonation·IV,"3 seconds after deployment, deal 360% physical damage to all enemies in the surrounding 8 tiles and apply 【Weakening】 effect to them (damage taken is increased by 24%) (When stacked, only the strongest effect becomes active). Afterwards, Thermal-EX is forcibly retreated",Lvl 1,3
,,Delayed Detonation·V,"3 seconds after deployment, deal 380% physical damage to all enemies in the surrounding 8 tiles and apply 【Weakening】 effect to them (damage taken is increased by 27%) (When stacked, only the strongest effect becomes active). Afterwards, Thermal-EX is forcibly retreated",Lvl 1,4
,,Delayed Detonation·VI,"3 seconds after deployment, deal 400% physical damage to all enemies in the surrounding 8 tiles and apply 【Weakening】 effect to them (damage taken is increased by 30%) (When stacked, only the strongest effect becomes active). Afterwards, Thermal-EX is forcibly retreated",Lvl 1,5
Gravel,4,Quick Deployment,Self deployment cost -1,Elite 1 Lvl 1,0
,,Dwarfish Reinforcement,"Self deployment cost -1, All operatives with 10 or less initial cost gain Defense +6%",Elite 2 Lvl 1,0
,,Dwarfish Reinforcement,"Self deployment cost -1, All operatives with 10 or less initial cost gain Defense +8% (+2%)",Elite 2 Lvl 1,4
Rope,4,Auditory Training,Gain 15% physical evasion,Elite 1 Lvl 1,0
,,Auditory Training,Gain 19% (+4%) physical evasion,Elite 1 Lvl 1,4
,,Auditory Training,Gain 30% physical evasion,Elite 2 Lvl 1,0
,,Auditory Training,Gain 34% (+4%) physical evasion,Elite 2 Lvl 1,4
Shaw,4,Fire-fighting Gear,Magic resistance +7,Elite 1 Lvl 1,0
,,Fire-fighting Gear,Magic resistance +15,Elite 2 Lvl 1,0
Ethan,4,Binding,Attacks have 25% chance to bind the enemy (unable to move) for 2 seconds,Elite 1 Lvl 1,0
,,Binding,Attacks have 25% chance to bind the enemy (unable to move) for 3 seconds,Elite 2 Lvl 1,0
Projekt Red,5,Bonebreaker,Every attack will deal damage equal to at least 20% Attack,Elite 1 Lvl 1,0
,,Bonebreaker,Every attack will deal damage equal to at least 23% (+3%) Attack,Elite 1 Lvl 1,4
,,Bonebreaker,Every attack will deal damage equal to at least 30% Attack,Elite 2 Lvl 1,0
,,Bonebreaker,Every attack will deal damage equal to at least 33% (+3%) Attack,Elite 2 Lvl 1,4
Cliffheart,5,Snow Hunter,"When not blocking any enemies, Attack and Defense +6%",Elite 1 Lvl 1,0
,,Snow Hunter,"When not blocking any enemies, Attack and Defense +8% (+2%)",Elite 1 Lvl 1,4
,,Snow Hunter,"When not blocking any enemies, Attack and Defense +12%",Elite 2 Lvl 1,0
,,Snow Hunter,"When not blocking any enemies, Attack and Defense +14% (+2%)",Elite 2 Lvl 1,4
Manticore,5,Hidden Killer·Intermediate,Stays hidden when idle (will not be targeted by ranged attacks). Attacking will remove the hidden status and grant +25% Attack power to the current attack. Regain hidden status after not attacking for 6 seconds,Elite 1 Lvl 1,0
,,Hidden Killer·Intermediate,Stays hidden when idle (will not be targeted by ranged attacks). Attacking will remove the hidden status and grant +29% (+4%) Attack power to the current attack. Regain hidden status after not attacking for 6 seconds,Elite 1 Lvl 1,4
,,Hidden Killer·Elite,Stays hidden when idle (will not be targeted by ranged attacks). Attacking will remove the hidden status and grant +50% Attack power to the current attack. Regain hidden status after not attacking for 5 seconds,Elite 2 Lvl 1,0
,,Hidden Killer·Elite,Stays hidden when idle (will not be targeted by ranged attacks). Attacking will remove the hidden status and grant +54% (+4%) Attack power to the current attack. Regain hidden status after not attacking for 5 seconds,Elite 2 Lvl 1,4
FEater,5,Kungfu,Gain 20% physical evasion,Elite 1 Lvl 1,0
,,Kungfu,Gain 23% (+3%) physical evasion,Elite 1 Lvl 1,4
,,Kungfu,Gain 40% physical evasion,Elite 2 Lvl 1,0
,,Kungfu,Gain 43% (+3%) physical evasion,Elite 2 Lvl 1,4
Waai Fu,5,Wing Chun,"When attacking, 20% chance to increase Attack to 125% and knock the target back with very small force",Elite 1 Lvl 1,0
,,Wing Chun,"When attacking, 20% chance to increase Attack to 135% (+10%) and knock the target back with very small force",Elite 1 Lvl 1,4
,,Wing Chun,"When attacking, 20% chance to increase Attack to 150% and knock the target back with very small force",Elite 2 Lvl 1,0
,,Wing Chun,"When attacking, 20% chance to increase Attack to 160% (+10%) and knock the target back with very small force",Elite 2 Lvl 1,4
Snowsant,5,Insect-catching Expert,"When pulling 【Infected Lifeforms】, silence them for 4 seconds",Elite 1 Lvl 1,0
,,Insect-catching Expert,"When pulling 【Infected Lifeforms】, silence them for 8 (+4) seconds",Elite 1 Lvl 1,4
,,Insect-catching Expert,"When pulling 【Infected Lifeforms】, increase force by 1 stage and silence them for 4 seconds",Elite 2 Lvl 1,0
,,Insect-catching Expert,"When pulling 【Infected Lifeforms】, increase force by 1 stage and silence them for 8 (+4) seconds",Elite 2 Lvl 1,4
Aak,6,Drug Cocktail,"When attacking, randomly activate one of the following effects: Recover 13% HP to self; Increase Attack to 130%; Slow the target for 1 second; Stun the target for 0.6 seconds",Lvl 1,0
,,Drug Cocktail,"When attacking, randomly activate one of the following effects: Recover 14% HP to self; Increase Attack to 140%; Slow the target for 1.2 seconds; Stun the target for 0.8 seconds",Elite 1 Lvl 1,0
,,Drug Cocktail,"When attacking, randomly activate one of the following effects: Recover 15% HP to self; Increase Attack to 150%; Slow the target for 1.4 seconds; Stun the target for 1 second",Elite 2 Lvl 1,0
,,Medicine Diffusion,Healing received by self +20%,Elite 2 Lvl 1,0
,,Medicine Diffusion,Healing received by self +25% (+5%),Elite 2 Lvl 1,4
Phantom,6,Phantom in the Mirror,Can summon a clone. The clone has the same skills as Phantom and has a separate redeploy time,Elite 1 Lvl 1,0
,,Phantom in the Mirror,Can summon a clone with higher stats. The clone has the same skills as Phantom and has a separate redeploy time,Elite 2 Lvl 1,0
,,Phantom Mastery,Redeploy time of the clone -10 seconds,Elite 2 Lvl 1,0
Weedy,6,Industrial Water Cannon,Can use a water cannon that lasts for 15 seconds. The water cannon can attack a single enemy and push it away with small force,Elite 1 Lvl 1,0
,,Industrial Water Cannon,Can use a water cannon that lasts for 20 seconds. The water cannon can attack a single enemy and push it away with small force,Elite 2 Lvl 1,0
,,Water Cannon Enhancement,"Increase the force of the water cannon's normal attacks and skills by 1 level. If the water cannon is deployed adjacent to Weedy, recover 1 SP to Weedy every 3 seconds",Elite 2 Lvl 1,0
,,,,,
,,,,,
,,,,,
,,,,,
,,,,,
,,,,,
,,,,,
,,,,,
,,,,,
,,,,,
,,,,,
,,,,,
,,,,,
,,,,,
,,,,,
,,,,,
,,,,,
,,,,,
,,,,,
,,,,,
,,,,,
,,,,,
,,,,,
,,,,,
,,,,,
,,,,,
,,,,,
,,,,,
,,,,,
,,,,,
,,,,,
,,,,,
,,,,,
,,,,,
,,,,,
,,,,,
,,,,,
,,,,,
,,,,,
,,,,,
,,,,,
,,,,,
,,,,,
,,,,,
,,,,,
,,,,,
,,,,,
,,,,,
,,,,,
,,,,,
,,,,,
,,,,,
,,,,,
,,,,,
,,,,,
,,,,,
,,,,,
,,,,,
,,,,,
,,,,,
,,,,,
,,,,,
,,,,,
,,,,,
,,,,,
,,,,,
,,,,,
,,,,,
,,,,,
,,,,,
,,,,,
,,,,,
,,,,,
,,,,,
,,,,,
,,,,,
,,,,,
,,,,,
,,,,,
,,,,,
,,,,,
,,,,,
,,,,,
,,,,,
,,,,,
,,,,,
,,,,,
,,,,,
,,,,,
,,,,,
,,,,,
,,,,,
,,,,,
,,,,,
,,,,,
,,,,,
,,,,,
,,,,,
,,,,,
,,,,,
,,,,,
,,,,,
,,,,,
,,,,,
,,,,,
,,,,,
,,,,,
,,,,,
,,,,,
,,,,,
,,,,,
,,,,,
,,,,,
,,,,,
,,,,,
,,,,,
,,,,,
,,,,,
,,,,,
,,,,,
,,,,,
,,,,,
,,,,,
,,,,,
,,,,,
,,,,,
,,,,,
,,,,,
,,,,,
,,,,,
,,,,,
,,,,,
,,,,,
,,,,,
,,,,,
,,,,,
,,,,,
,,,,,
,,,,,
,,,,,
,,,,,
,,,,,
,,,,,
,,,,,
,,,,,
,,,,,
,,,,,
,,,,,
,,,,,
,,,,,
,,,,,
,,,,,
,,,,,
,,,,,
,,,,,
,,,,,
,,,,,
,,,,,
,,,,,
,,,,,
,,,,,
,,,,,
,,,,,
,,,,,
,,,,,
,,,,,
,,,,,
,,,,,
,,,,,
,,,,,
,,,,,
,,,,,
,,,,,
,,,,,
,,,,,
,,,,,
,,,,,
,,,,,
,,,,,
,,,,,
,,,,,
,,,,,
,,,,,
,,,,,
,,,,,
,,,,,
,,,,,
,,,,,
,,,,,
,,,,,
,,,,,
,,,,,
,,,,,
,,,,,
,,,,,
,,,,,
,,,,,
,,,,,
,,,,,
,,,,,
,,,,,
,,,,,
,,,,,
,,,,,
,,,,,
,,,,,
,,,,,
,,,,,
,,,,,
,,,,,
,,,,,
,,,,,
,,,,,
,,,,,
,,,,,
,,,,,
,,,,,
,,,,,
,,,,,
,,,,,
,,,,,
,,,,,
,,,,,
,,,,,
,,,,,
,,,,,
,,,,,
,,,,,
,,,,,
,,,,,
,,,,,
,,,,,
,,,,,
,,,,,
,,,,,
,,,,,
,,,,,
,,,,,
,,,,,
,,,,,
,,,,,
,,,,,
,,,,,
,,,,,
,,,,,
,,,,,
,,,,,
,,,,,
,,,,,
,,,,,
,,,,,
,,,,,
,,,,,
,,,,,
,,,,,
,,,,,
,,,,,
,,,,,
,,,,,
,,,,,
,,,,,
,,,,,
,,,,,
,,,,,
,,,,,
,,,,,
,,,,,
,,,,,
,,,,,
,,,,,
,,,,,
,,,,,
,,,,,
,,,,,
,,,,,
,,,,,
,,,,,
,,,,,
,,,,,
,,,,,
,,,,,
,,,,,
,,,,,
,,,,,
,,,,,
,,,,,
,,,,,
,,,,,
,,,,,
,,,,,
,,,,,
,,,,,
,,,,,
,,,,,
,,,,,
,,,,,
,,,,,
,,,,,
,,,,,
,,,,,
,,,,,
,,,,,
,,,,,
,,,,,
,,,,,
,,,,,
,,,,,
,,,,,
,,,,,
,,,,,
,,,,,
,,,,,
,,,,,
,,,,,
,,,,,
,,,,,
,,,,,
,,,,,
,,,,,
,,,,,
,,,,,
,,,,,
,,,,,
,,,,,
,,,,,
,,,,,
,,,,,
,,,,,
,,,,,
,,,,,
,,,,,
,,,,,
,,,,,
,,,,,
,,,,,
,,,,,
,,,,,
,,,,,
,,,,,
,,,,,
,,,,,
,,,,,
,,,,,
,,,,,
,,,,,
,,,,,
,,,,,
,,,,,
,,,,,
,,,,,
,,,,,
,,,,,
,,,,,
,,,,,
,,,,,
,,,,,
,,,,,
,,,,,
,,,,,
,,,,,
,,,,,
,,,,,
,,,,,
,,,,,
,,,,,
,,,,,
,,,,,
,,,,,
,,,,,
,,,,,
,,,,,
,,,,,
,,,,,
,,,,,
,,,,,
,,,,,
,,,,,
,,,,,
,,,,,
,,,,,
,,,,,
,,,,,
,,,,,
,,,,,
,,,,,
,,,,,
,,,,,
,,,,,
,,,,,
,,,,,
,,,,,
,,,,,
,,,,,
,,,,,
,,,,,
,,,,,
,,,,,
,,,,,
,,,,,
,,,,,
,,,,,
,,,,,
,,,,,
,,,,,
,,,,,
,,,,,
,,,,,
,,,,,
,,,,,
,,,,,
,,,,,
,,,,,
,,,,,
,,,,,
,,,,,
,,,,,
,,,,,
,,,,,
,,,,,
,,,,,
,,,,,
,,,,,
,,,,,
,,,,,
,,,,,
,,,,,
,,,,,
,,,,,
,,,,,
,,,,,
,,,,,
,,,,,
,,,,,
,,,,,
,,,,,
,,,,,
,,,,,
,,,,,
,,,,,
,,,,,
,,,,,
,,,,,
,,,,,
,,,,,
,,,,,
,,,,,
,,,,,
,,,,,
,,,,,
,,,,,
,,,,,
,,,,,
,,,,,
,,,,,
,,,,,
,,,,,
,,,,,
,,,,,
,,,,,
,,,,,
,,,,,
,,,,,
,,,,,
,,,,,
,,,,,
,,,,,
,,,,,
,,,,,
,,,,,
,,,,,
,,,,,
,,,,,
,,,,,
,,,,,
,,,,,
,,,,,
,,,,,
,,,,,
,,,,,
,,,,,
,,,,,
,,,,,
,,,,,
,,,,,
,,,,,
,,,,,
,,,,,
,,,,,
,,,,,
,,,,,
,,,,,
,,,,,
,,,,,
,,,,,
,,,,,
,,,,,
,,,,,
,,,,,
,,,,,
,,,,,
,,,,,
,,,,,
,,,,,
,,,,,
,,,,,
,,,,,
,,,,,
,,,,,
,,,,,
,,,,,
,,,,,
,,,,,
,,,,,
,,,,,
,,,,,
,,,,,
,,,,,
,,,,,
,,,,,
,,,,,
,,,,,
,,,,,
,,,,,
,,,,,
,,,,,
,,,,,
,,,,,
,,,,,
,,,,,
,,,,,
,,,,,
,,,,,
,,,,,
,,,,,
,,,,,
,,,,,
,,,,,
,,,,,
,,,,,
,,,,,
,,,,,
,,,,,
,,,,,
,,,,,
,,,,,
,,,,,
,,,,,
,,,,,
,,,,,
,,,,,
,,,,,
,,,,,
,,,,,
,,,,,
,,,,,
,,,,,
,,,,,
,,,,,
,,,,,
,,,,,
,,,,,
,,,,,
,,,,,
,,,,,
,,,,,
,,,,,
,,,,,
,,,,,
,,,,,
,,,,,
,,,,,
,,,,,
,,,,,
,,,,,
,,,,,
,,,,,
,,,,,
,,,,,
,,,,,
,,,,,
,,,,,
,,,,,
,,,,,
,,,,,
,,,,,
,,,,,
,,,,,
,,,,,
,,,,,
,,,,,
,,,,,
,,,,,
,,,,,
,,,,,
,,,,,
,,,,,
,,,,,
,,,,,
,,,,,
,,,,,
,,,,,
,,,,,
,,,,,
,,,,,
,,,,,
,,,,,
,,,,,
,,,,,
,,,,,
,,,,,
,,,,,
,,,,,
,,,,,
,,,,,
,,,,,
,,,,,
,,,,,
,,,,,
,,,,,
,,,,,
,,,,,
,,,,,
,,,,,
,,,,,
,,,,,
,,,,,
,,,,,
,,,,,
,,,,,
,,,,,
,,,,,
,,,,,
,,,,,
,,,,,
,,,,,
,,,,,
,,,,,
,,,,,
,,,,,
,,,,,
,,,,,
,,,,,
,,,,,
,,,,,
,,,,,
,,,,,
,,,,,
,,,,,
,,,,,
,,,,,
,,,,,
,,,,,
,,,,,
,,,,,
,,,,,
,,,,,
,,,,,
,,,,,
,,,,,
,,,,,
,,,,,
,,,,,
,,,,,
,,,,,
,,,,,
,,,,,
,,,,,
,,,,,
,,,,,
,,,,,
,,,,,
,,,,,
,,,,,
,,,,,
,,,,,
,,,,,
,,,,,
,,,,,
,,,,,
,,,,,
,,,,,
,,,,,
,,,,,
,,,,,
,,,,,
,,,,,
,,,,,
,,,,,
,,,,,
,,,,,
,,,,,
,,,,,
,,,,,
,,,,,
,,,,,
,,,,,
,,,,,
,,,,,
,,,,,
,,,,,
,,,,,
,,,,,
,,,,,
,,,,,
,,,,,
,,,,,
,,,,,
,,,,,
,,,,,
,,,,,
,,,,,
,,,,,
,,,,,
,,,,,
,,,,,
,,,,,
,,,,,
,,,,,
,,,,,
,,,,,
,,,,,
,,,,,
,,,,,
,,,,,
,,,,,
,,,,,
,,,,,
,,,,,
,,,,,
,,,,,
,,,,,
,,,,,
,,,,,
,,,,,
,,,,,
,,,,,
,,,,,
,,,,,
,,,,,
,,,,,
,,,,,
,,,,,
,,,,,
,,,,,
,,,,,
,,,,,
,,,,,
,,,,,
,,,,,
,,,,,
,,,,,
,,,,,
,,,,,
,,,,,
,,,,,
,,,,,
,,,,,
,,,,,
,,,,,
,,,,,
,,,,,
,,,,,
,,,,,
,,,,,
,,,,,
,,,,,
,,,,,
,,,,,
,,,,,
,,,,,
,,,,,
,,,,,
,,,,,
,,,,,
,,,,,
,,,,,
,,,,,
,,,,,
,,,,,
,,,,,
,,,,,
,,,,,
,,,,,
,,,,,
,,,,,
,,,,,
,,,,,
,,,,,
,,,,,
,,,,,
,,,,,
,,,,,
,,,,,
,,,,,
,,,,,
,,,,,
,,,,,
,,,,,
,,,,,
,,,,,
,,,,,
,,,,,
,,,,,
,,,,,
,,,,,
,,,,,
,,,,,
,,,,,
,,,,,
,,,,,
,,,,,
,,,,,
,,,,,
,,,,,
,,,,,
,,,,,
,,,,,
,,,,,
,,,,,
,,,,,
,,,,,
,,,,,
,,,,,
,,,,,
,,,,,
,,,,,
,,,,,
,,,,,
,,,,,
,,,,,
,,,,,
,,,,,
,,,,,
,,,,,
,,,,,
,,,,,
,,,,,
,,,,,
,,,,,
,,,,,
,,,,,
,,,,,
,,,,,
,,,,,
,,,,,
,,,,,
,,,,,
,,,,,
,,,,,
,,,,,
,,,,,
,,,,,
,,,,,
,,,,,
,,,,,
,,,,,
,,,,,
,,,,,
,,,,,
,,,,,
,,,,,
,,,,,
,,,,,
,,,,,
,,,,,
,,,,,
,,,,,
,,,,,
,,,,,
,,,,,
,,,,,
,,,,,
,,,,,
,,,,,
,,,,,
,,,,,
,,,,,
,,,,,
,,,,,
,,,,,
,,,,,
,,,,,
,,,,,
,,,,,
,,,,,
,,,,,
,,,,,
,,,,,
,,,,,
,,,,,
,,,,,
,,,,,
,,,,,
,,,,,
,,,,,
,,,,,
,,,,,
,,,,,
,,,,,
,,,,,
,,,,,
,,,,,
,,,,,
,,,,,
,,,,,
,,,,,
,,,,,
,,,,,
,,,,,
,,,,,
,,,,,
,,,,,
,,,,,
,,,,,
,,,,,
,,,,,
,,,,,
,,,,,
,,,,,
,,,,,
,,,,,
,,,,,
,,,,,
,,,,,
,,,,,
,,,,,
,,,,,
,,,,,
,,,,,
,,,,,
,,,,,
,,,,,
,,,,,
,,,,,
,,,,,
,,,,,
,,,,,
,,,,,
,,,,,
,,,,,
,,,,,
,,,,,
,,,,,
,,,,,
,,,,,
,,,,,
,,,,,
,,,,,
,,,,,
,,,,,
,,,,,
,,,,,
,,,,,
,,,,,
,,,,,
